07-Jun-2026 22:29:15.229 정보 [main] org.apache.catalina.startup.VersionLoggerListener.log 서버 버전 이름:    Apache Tomcat/9.0.118
07-Jun-2026 22:29:15.232 정보 [main] org.apache.catalina.startup.VersionLoggerListener.log Server 빌드 시각:  May 1 2026 19:30:30 UTC
07-Jun-2026 22:29:15.232 정보 [main] org.apache.catalina.startup.VersionLoggerListener.log Server 버전 번호:  9.0.118.0
07-Jun-2026 22:29:15.232 정보 [main] org.apache.catalina.startup.VersionLoggerListener.log 운영체제 이름:     Windows 11
07-Jun-2026 22:29:15.232 정보 [main] org.apache.catalina.startup.VersionLoggerListener.log 운영체제 버전:     10.0
07-Jun-2026 22:29:15.232 정보 [main] org.apache.catalina.startup.VersionLoggerListener.log 아키텍처:          amd64
07-Jun-2026 22:29:15.232 정보 [main] org.apache.catalina.startup.VersionLoggerListener.log 자바 홈:           C:\Users\User\.jdks\corretto-1.8.0_492\jre
07-Jun-2026 22:29:15.232 정보 [main] org.apache.catalina.startup.VersionLoggerListener.log JVM 버전:          1.8.0_492-b09
07-Jun-2026 22:29:15.232 정보 [main] org.apache.catalina.startup.VersionLoggerListener.log JVM 벤더:          Amazon.com Inc.
07-Jun-2026 22:29:15.232 정보 [main] org.apache.catalina.startup.VersionLoggerListener.log CATALINA_BASE:     C:\dev\workspace\java_crud
07-Jun-2026 22:29:15.232 정보 [main] org.apache.catalina.startup.VersionLoggerListener.log CATALINA_HOME:     C:\apache-tomcat-9.0.118
07-Jun-2026 22:29:15.233 정보 [main] org.apache.catalina.startup.VersionLoggerListener.log 명령 행 아규먼트:  -Dcatalina.home=C:\apache-tomcat-9.0.118
07-Jun-2026 22:29:15.234 정보 [main] org.apache.catalina.startup.VersionLoggerListener.log 명령 행 아규먼트:  -Dcatalina.base=C:\dev\workspace\java_crud
07-Jun-2026 22:29:15.234 정보 [main] org.apache.catalina.startup.VersionLoggerListener.log 명령 행 아규먼트:  -Djava.io.tmpdir=C:\dev\workspace\java_crud\temp
07-Jun-2026 22:29:15.234 정보 [main] org.apache.catalina.startup.VersionLoggerListener.log 명령 행 아규먼트:  -Djava.util.logging.config.file=C:\dev\workspace\java_crud\conf\logging.properties
07-Jun-2026 22:29:15.234 정보 [main] org.apache.catalina.startup.VersionLoggerListener.log 명령 행 아규먼트:  -Djava.util.logging.manager=org.apache.juli.ClassLoaderLogManager
07-Jun-2026 22:29:15.234 정보 [main] org.apache.catalina.startup.VersionLoggerListener.log 명령 행 아규먼트:  -javaagent:C:\Program Files\JetBrains\IntelliJ IDEA 2025.3.2\lib\idea_rt.jar=52299
07-Jun-2026 22:29:15.234 정보 [main] org.apache.catalina.startup.VersionLoggerListener.log 명령 행 아규먼트:  -Dfile.encoding=UTF-8
07-Jun-2026 22:29:15.236 정보 [main] org.apache.catalina.core.AprLifecycleListener.lifecycleEvent APR 버전 [1.7.6]을(를) 사용한, APR 기반 Apache Tomcat Native 라이브러리 [1.3.7]을(를) 로드했습니다.
07-Jun-2026 22:29:15.236 정보 [main] org.apache.catalina.core.AprLifecycleListener.lifecycleEvent APR 용량정보들: IPv6 [true], sendfile [true], accept filters [false], random [true], UDS [true].
07-Jun-2026 22:29:15.236 정보 [main] org.apache.catalina.core.AprLifecycleListener.lifecycleEvent APR/OpenSSL 설정: useAprConnector [false], useOpenSSL [true]
07-Jun-2026 22:29:15.241 정보 [main] org.apache.catalina.core.AprLifecycleListener.initializeSSL OpenSSL이 성공적으로 초기화되었습니다: [OpenSSL 3.0.19 27 Jan 2026]
07-Jun-2026 22:29:15.372 정보 [main] org.apache.coyote.AbstractProtocol.init 프로토콜 핸들러 ["http-nio-8080"]을(를) 초기화합니다.
07-Jun-2026 22:29:15.378 심각 [main] org.apache.catalina.util.LifecycleBase.handleSubClassException 구성요소 [Connector["http-nio-8080"]]을(를) 초기화하지 못했습니다.
	org.apache.catalina.LifecycleException: 프로토콜 핸들러 초기화가 실패했습니다.
		at org.apache.catalina.connector.Connector.initInternal(Connector.java:1084)
		at org.apache.catalina.util.LifecycleBase.init(LifecycleBase.java:122)
		at org.apache.catalina.core.StandardService.initInternal(StandardService.java:520)
		at org.apache.catalina.util.LifecycleBase.init(LifecycleBase.java:122)
		at org.apache.catalina.core.StandardServer.initInternal(StandardServer.java:984)
		at org.apache.catalina.util.LifecycleBase.init(LifecycleBase.java:122)
		at org.apache.catalina.startup.Catalina.load(Catalina.java:687)
		at org.apache.catalina.startup.Catalina.load(Catalina.java:710)
		at sun.reflect.NativeMethodAccessorImpl.invoke0(Native Method)
		at sun.reflect.NativeMethodAccessorImpl.invoke(NativeMethodAccessorImpl.java:62)
		at sun.reflect.DelegatingMethodAccessorImpl.invoke(DelegatingMethodAccessorImpl.java:43)
		at java.lang.reflect.Method.invoke(Method.java:498)
		at org.apache.catalina.startup.Bootstrap.load(Bootstrap.java:299)
		at org.apache.catalina.startup.Bootstrap.main(Bootstrap.java:472)
	Caused by: java.net.BindException: Address already in use: bind
		at sun.nio.ch.Net.bind0(Native Method)
		at sun.nio.ch.Net.bind(Net.java:461)
		at sun.nio.ch.Net.bind(Net.java:453)
		at sun.nio.ch.ServerSocketChannelImpl.bind(ServerSocketChannelImpl.java:222)
		at org.apache.tomcat.util.net.NioEndpoint.initServerSocket(NioEndpoint.java:296)
		at org.apache.tomcat.util.net.NioEndpoint.bind(NioEndpoint.java:251)
		at org.apache.tomcat.util.net.AbstractEndpoint.bindWithCleanup(AbstractEndpoint.java:1500)
		at org.apache.tomcat.util.net.AbstractEndpoint.init(AbstractEndpoint.java:1513)
		at org.apache.coyote.AbstractProtocol.init(AbstractProtocol.java:966)
		at org.apache.coyote.http11.AbstractHttp11Protocol.init(AbstractHttp11Protocol.java:80)
		at org.apache.catalina.connector.Connector.initInternal(Connector.java:1082)
		... 13 more
07-Jun-2026 22:29:15.378 정보 [main] org.apache.catalina.startup.Catalina.load [263] 밀리초 내에 서버가 초기화되었습니다.
07-Jun-2026 22:29:15.395 정보 [main] org.apache.catalina.core.StandardService.startInternal 서비스 [Catalina]을(를) 시작합니다.
07-Jun-2026 22:29:15.395 정보 [main] org.apache.catalina.core.StandardEngine.startInternal 서버 엔진을 시작합니다: [Apache Tomcat/9.0.118]
07-Jun-2026 22:29:15.401 정보 [main] org.apache.catalina.startup.HostConfig.deployDescriptor 배치 descriptor [C:\dev\workspace\java_crud\conf\Catalina\localhost\ROOT.xml]을(를) 배치합니다.
07-Jun-2026 22:29:15.429 경고 [main] org.apache.catalina.webresources.DirResourceSet.initInternal Disabled the global canonical file name cache to protect against CVE-2024-56337 when starting the WebResourceSet at [C:\dev\workspace\java_crud\target\classes] which is part of the web application []
07-Jun-2026 22:29:16.324 정보 [main] org.apache.jasper.servlet.TldScanner.scanJars 적어도 하나의 JAR가 TLD들을 찾기 위해 스캔되었으나 아무 것도 찾지 못했습니다. 스캔했으나 TLD가 없는 JAR들의 전체 목록을 보시려면, 로그 레벨을 디버그 레벨로 설정하십시오. 스캔 과정에서 불필요한 JAR들을 건너뛰면, 시스템 시작 시간과 JSP 컴파일 시간을 단축시킬 수 있습니다.
07-Jun-2026 22:29:16.497 정보 [main] org.springframework.web.servlet.FrameworkServlet.initServletBean Initializing Servlet 'dispatcher'
07-Jun-2026 22:29:17.126 경고 [main] org.springframework.context.support.AbstractApplicationContext.refresh Exception encountered during context initialization - cancelling refresh attempt: org.springframework.beans.factory.UnsatisfiedDependencyException: Error creating bean with name 'boardService': Unsatisfied dependency expressed through field 'boardDAO'; nested exception is org.springframework.beans.factory.NoSuchBeanDefinitionException: No qualifying bean of type 'com.crud.dao.BoardDAO' available: expected at least 1 bean which qualifies as autowire candidate. Dependency annotations: {@org.springframework.beans.factory.annotation.Autowired(required=true)}
07-Jun-2026 22:29:17.129 심각 [main] org.springframework.web.servlet.FrameworkServlet.initServletBean Context initialization failed
	org.springframework.beans.factory.UnsatisfiedDependencyException: Error creating bean with name 'boardService': Unsatisfied dependency expressed through field 'boardDAO'; nested exception is org.springframework.beans.factory.NoSuchBeanDefinitionException: No qualifying bean of type 'com.crud.dao.BoardDAO' available: expected at least 1 bean which qualifies as autowire candidate. Dependency annotations: {@org.springframework.beans.factory.annotation.Autowired(required=true)}
		at org.springframework.beans.factory.annotation.AutowiredAnnotationBeanPostProcessor$AutowiredFieldElement.resolveFieldValue(AutowiredAnnotationBeanPostProcessor.java:713)
		at org.springframework.beans.factory.annotation.AutowiredAnnotationBeanPostProcessor$AutowiredFieldElement.inject(AutowiredAnnotationBeanPostProcessor.java:693)
		at org.springframework.beans.factory.annotation.InjectionMetadata.inject(InjectionMetadata.java:119)
		at org.springframework.beans.factory.annotation.AutowiredAnnotationBeanPostProcessor.postProcessProperties(AutowiredAnnotationBeanPostProcessor.java:408)
		at org.springframework.beans.factory.support.AbstractAutowireCapableBeanFactory.populateBean(AbstractAutowireCapableBeanFactory.java:1431)
		at org.springframework.beans.factory.support.AbstractAutowireCapableBeanFactory.doCreateBean(AbstractAutowireCapableBeanFactory.java:619)
		at org.springframework.beans.factory.support.AbstractAutowireCapableBeanFactory.createBean(AbstractAutowireCapableBeanFactory.java:542)
		at org.springframework.beans.factory.support.AbstractBeanFactory.lambda$doGetBean$0(AbstractBeanFactory.java:336)
		at org.springframework.beans.factory.support.DefaultSingletonBeanRegistry.getSingleton(DefaultSingletonBeanRegistry.java:234)
		at org.springframework.beans.factory.support.AbstractBeanFactory.doGetBean(AbstractBeanFactory.java:334)
		at org.springframework.beans.factory.support.AbstractBeanFactory.getBean(AbstractBeanFactory.java:209)
		at org.springframework.beans.factory.support.DefaultListableBeanFactory.preInstantiateSingletons(DefaultListableBeanFactory.java:955)
		at org.springframework.context.support.AbstractApplicationContext.finishBeanFactoryInitialization(AbstractApplicationContext.java:932)
		at org.springframework.context.support.AbstractApplicationContext.refresh(AbstractApplicationContext.java:591)
		at org.springframework.web.servlet.FrameworkServlet.configureAndRefreshWebApplicationContext(FrameworkServlet.java:702)
		at org.springframework.web.servlet.FrameworkServlet.createWebApplicationContext(FrameworkServlet.java:668)
		at org.springframework.web.servlet.FrameworkServlet.createWebApplicationContext(FrameworkServlet.java:716)
		at org.springframework.web.servlet.FrameworkServlet.initWebApplicationContext(FrameworkServlet.java:591)
		at org.springframework.web.servlet.FrameworkServlet.initServletBean(FrameworkServlet.java:530)
		at org.springframework.web.servlet.HttpServletBean.init(HttpServletBean.java:170)
		at javax.servlet.GenericServlet.init(GenericServlet.java:143)
		at org.apache.catalina.core.StandardWrapper.initServlet(StandardWrapper.java:986)
		at org.apache.catalina.core.StandardWrapper.loadServlet(StandardWrapper.java:943)
		at org.apache.catalina.core.StandardWrapper.load(StandardWrapper.java:840)
		at org.apache.catalina.core.StandardContext.loadOnStartup(StandardContext.java:4226)
		at org.apache.catalina.core.StandardContext.startInternal(StandardContext.java:4527)
		at org.apache.catalina.util.LifecycleBase.start(LifecycleBase.java:164)
		at org.apache.catalina.core.ContainerBase.addChildInternal(ContainerBase.java:597)
		at org.apache.catalina.core.ContainerBase.addChild(ContainerBase.java:569)
		at org.apache.catalina.core.StandardHost.addChild(StandardHost.java:608)
		at org.apache.catalina.startup.HostConfig.deployDescriptor(HostConfig.java:677)
		at org.apache.catalina.startup.HostConfig$DeployDescriptor.run(HostConfig.java:1836)
		at java.util.concurrent.Executors$RunnableAdapter.call(Executors.java:511)
		at java.util.concurrent.FutureTask.run(FutureTask.java:266)
		at org.apache.tomcat.util.threads.InlineExecutorService.execute(InlineExecutorService.java:82)
		at java.util.concurrent.AbstractExecutorService.submit(AbstractExecutorService.java:112)
		at org.apache.catalina.startup.HostConfig.deployDescriptors(HostConfig.java:572)
		at org.apache.catalina.startup.HostConfig.deployApps(HostConfig.java:463)
		at org.apache.catalina.startup.HostConfig.start(HostConfig.java:1576)
		at org.apache.catalina.startup.HostConfig.lifecycleEvent(HostConfig.java:309)
		at org.apache.catalina.util.LifecycleBase.fireLifecycleEvent(LifecycleBase.java:109)
		at org.apache.catalina.util.LifecycleBase.setStateInternal(LifecycleBase.java:389)
		at org.apache.catalina.util.LifecycleBase.setState(LifecycleBase.java:336)
		at org.apache.catalina.core.ContainerBase.startInternal(ContainerBase.java:774)
		at org.apache.catalina.core.StandardHost.startInternal(StandardHost.java:726)
		at org.apache.catalina.util.LifecycleBase.start(LifecycleBase.java:164)
		at org.apache.catalina.core.ContainerBase$StartChild.call(ContainerBase.java:1201)
		at org.apache.catalina.core.ContainerBase$StartChild.call(ContainerBase.java:1191)
		at java.util.concurrent.FutureTask.run(FutureTask.java:266)
		at org.apache.tomcat.util.threads.InlineExecutorService.execute(InlineExecutorService.java:82)
		at java.util.concurrent.AbstractExecutorService.submit(AbstractExecutorService.java:134)
		at org.apache.catalina.core.ContainerBase.startInternal(ContainerBase.java:747)
		at org.apache.catalina.core.StandardEngine.startInternal(StandardEngine.java:209)
		at org.apache.catalina.util.LifecycleBase.start(LifecycleBase.java:164)
		at org.apache.catalina.core.StandardService.startInternal(StandardService.java:410)
		at org.apache.catalina.util.LifecycleBase.start(LifecycleBase.java:164)
		at org.apache.catalina.core.StandardServer.startInternal(StandardServer.java:872)
		at org.apache.catalina.util.LifecycleBase.start(LifecycleBase.java:164)
		at org.apache.catalina.startup.Catalina.start(Catalina.java:736)
		at sun.reflect.NativeMethodAccessorImpl.invoke0(Native Method)
		at sun.reflect.NativeMethodAccessorImpl.invoke(NativeMethodAccessorImpl.java:62)
		at sun.reflect.DelegatingMethodAccessorImpl.invoke(DelegatingMethodAccessorImpl.java:43)
		at java.lang.reflect.Method.invoke(Method.java:498)
		at org.apache.catalina.startup.Bootstrap.start(Bootstrap.java:342)
		at org.apache.catalina.startup.Bootstrap.main(Bootstrap.java:473)
	Caused by: org.springframework.beans.factory.NoSuchBeanDefinitionException: No qualifying bean of type 'com.crud.dao.BoardDAO' available: expected at least 1 bean which qualifies as autowire candidate. Dependency annotations: {@org.springframework.beans.factory.annotation.Autowired(required=true)}
		at org.springframework.beans.factory.support.DefaultListableBeanFactory.raiseNoMatchingBeanFound(DefaultListableBeanFactory.java:1801)
		at org.springframework.beans.factory.support.DefaultListableBeanFactory.doResolveDependency(DefaultListableBeanFactory.java:1357)
		at org.springframework.beans.factory.support.DefaultListableBeanFactory.resolveDependency(DefaultListableBeanFactory.java:1311)
		at org.springframework.beans.factory.annotation.AutowiredAnnotationBeanPostProcessor$AutowiredFieldElement.resolveFieldValue(AutowiredAnnotationBeanPostProcessor.java:710)
		... 64 more
07-Jun-2026 22:29:17.138 정보 [main] org.apache.catalina.startup.HostConfig.deployDescriptor 배치 descriptor [C:\dev\workspace\java_crud\conf\Catalina\localhost\ROOT.xml]의 배치가 [1,736] 밀리초 내에 완료되었습니다.
07-Jun-2026 22:29:17.141 정보 [main] org.apache.catalina.startup.Catalina.start 서버가 [1761] 밀리초 내에 시작되었습니다.
07-Jun-2026 22:29:17.144 심각 [main] org.apache.catalina.core.StandardServer.await 주소 [localhost]와(과) 포트 [8005]에, 서버 셧다운 소켓을 생성하지 못했습니다. (base 포트 [8005], offset [0])
	java.net.BindException: Address already in use: JVM_Bind
		at java.net.DualStackPlainSocketImpl.bind0(Native Method)
		at java.net.DualStackPlainSocketImpl.socketBind(DualStackPlainSocketImpl.java:106)
		at java.net.AbstractPlainSocketImpl.bind(AbstractPlainSocketImpl.java:387)
		at java.net.PlainSocketImpl.bind(PlainSocketImpl.java:190)
		at java.net.ServerSocket.bind(ServerSocket.java:390)
		at java.net.ServerSocket.<init>(ServerSocket.java:252)
		at org.apache.catalina.core.StandardServer.await(StandardServer.java:535)
		at org.apache.catalina.startup.Catalina.await(Catalina.java:826)
		at org.apache.catalina.startup.Catalina.start(Catalina.java:774)
		at sun.reflect.NativeMethodAccessorImpl.invoke0(Native Method)
		at sun.reflect.NativeMethodAccessorImpl.invoke(NativeMethodAccessorImpl.java:62)
		at sun.reflect.DelegatingMethodAccessorImpl.invoke(DelegatingMethodAccessorImpl.java:43)
		at java.lang.reflect.Method.invoke(Method.java:498)
		at org.apache.catalina.startup.Bootstrap.start(Bootstrap.java:342)
		at org.apache.catalina.startup.Bootstrap.main(Bootstrap.java:473)
07-Jun-2026 22:29:17.144 정보 [main] org.apache.coyote.AbstractProtocol.pause 프로토콜 핸들러 ["http-nio-8080"]을(를) 일시 정지 중
07-Jun-2026 22:29:17.144 정보 [main] org.apache.catalina.core.StandardService.stopInternal 서비스 [Catalina]을(를) 중지시킵니다.
07-Jun-2026 22:29:17.148 정보 [main] org.apache.coyote.AbstractProtocol.stop 프로토콜 핸들러 ["http-nio-8080"]을(를) 중지시킵니다.
07-Jun-2026 22:29:17.149 정보 [main] org.apache.coyote.AbstractProtocol.destroy 프로토콜 핸들러 ["http-nio-8080"]을(를) 소멸시킵니다.
07-Jun-2026 22:31:39.962 정보 [main] org.apache.catalina.startup.VersionLoggerListener.log 서버 버전 이름:    Apache Tomcat/9.0.118
07-Jun-2026 22:31:39.965 정보 [main] org.apache.catalina.startup.VersionLoggerListener.log Server 빌드 시각:  May 1 2026 19:30:30 UTC
07-Jun-2026 22:31:39.965 정보 [main] org.apache.catalina.startup.VersionLoggerListener.log Server 버전 번호:  9.0.118.0
07-Jun-2026 22:31:39.965 정보 [main] org.apache.catalina.startup.VersionLoggerListener.log 운영체제 이름:     Windows 11
07-Jun-2026 22:31:39.965 정보 [main] org.apache.catalina.startup.VersionLoggerListener.log 운영체제 버전:     10.0
07-Jun-2026 22:31:39.965 정보 [main] org.apache.catalina.startup.VersionLoggerListener.log 아키텍처:          amd64
07-Jun-2026 22:31:39.965 정보 [main] org.apache.catalina.startup.VersionLoggerListener.log 자바 홈:           C:\Users\User\.jdks\corretto-1.8.0_492\jre
07-Jun-2026 22:31:39.965 정보 [main] org.apache.catalina.startup.VersionLoggerListener.log JVM 버전:          1.8.0_492-b09
07-Jun-2026 22:31:39.965 정보 [main] org.apache.catalina.startup.VersionLoggerListener.log JVM 벤더:          Amazon.com Inc.
07-Jun-2026 22:31:39.965 정보 [main] org.apache.catalina.startup.VersionLoggerListener.log CATALINA_BASE:     C:\dev\workspace\java_crud
07-Jun-2026 22:31:39.965 정보 [main] org.apache.catalina.startup.VersionLoggerListener.log CATALINA_HOME:     C:\apache-tomcat-9.0.118
07-Jun-2026 22:31:39.967 정보 [main] org.apache.catalina.startup.VersionLoggerListener.log 명령 행 아규먼트:  -Dcatalina.home=C:\apache-tomcat-9.0.118
07-Jun-2026 22:31:39.967 정보 [main] org.apache.catalina.startup.VersionLoggerListener.log 명령 행 아규먼트:  -Dcatalina.base=C:\dev\workspace\java_crud
07-Jun-2026 22:31:39.967 정보 [main] org.apache.catalina.startup.VersionLoggerListener.log 명령 행 아규먼트:  -Djava.io.tmpdir=C:\dev\workspace\java_crud\temp
07-Jun-2026 22:31:39.967 정보 [main] org.apache.catalina.startup.VersionLoggerListener.log 명령 행 아규먼트:  -Djava.util.logging.config.file=C:\dev\workspace\java_crud\conf\logging.properties
07-Jun-2026 22:31:39.967 정보 [main] org.apache.catalina.startup.VersionLoggerListener.log 명령 행 아규먼트:  -Djava.util.logging.manager=org.apache.juli.ClassLoaderLogManager
07-Jun-2026 22:31:39.967 정보 [main] org.apache.catalina.startup.VersionLoggerListener.log 명령 행 아규먼트:  -javaagent:C:\Program Files\JetBrains\IntelliJ IDEA 2025.3.2\lib\idea_rt.jar=58860
07-Jun-2026 22:31:39.967 정보 [main] org.apache.catalina.startup.VersionLoggerListener.log 명령 행 아규먼트:  -Dfile.encoding=UTF-8
07-Jun-2026 22:31:39.970 정보 [main] org.apache.catalina.core.AprLifecycleListener.lifecycleEvent APR 버전 [1.7.6]을(를) 사용한, APR 기반 Apache Tomcat Native 라이브러리 [1.3.7]을(를) 로드했습니다.
07-Jun-2026 22:31:39.970 정보 [main] org.apache.catalina.core.AprLifecycleListener.lifecycleEvent APR 용량정보들: IPv6 [true], sendfile [true], accept filters [false], random [true], UDS [true].
07-Jun-2026 22:31:39.970 정보 [main] org.apache.catalina.core.AprLifecycleListener.lifecycleEvent APR/OpenSSL 설정: useAprConnector [false], useOpenSSL [true]
07-Jun-2026 22:31:39.974 정보 [main] org.apache.catalina.core.AprLifecycleListener.initializeSSL OpenSSL이 성공적으로 초기화되었습니다: [OpenSSL 3.0.19 27 Jan 2026]
07-Jun-2026 22:31:40.106 정보 [main] org.apache.coyote.AbstractProtocol.init 프로토콜 핸들러 ["http-nio-8080"]을(를) 초기화합니다.
07-Jun-2026 22:31:40.112 심각 [main] org.apache.catalina.util.LifecycleBase.handleSubClassException 구성요소 [Connector["http-nio-8080"]]을(를) 초기화하지 못했습니다.
	org.apache.catalina.LifecycleException: 프로토콜 핸들러 초기화가 실패했습니다.
		at org.apache.catalina.connector.Connector.initInternal(Connector.java:1084)
		at org.apache.catalina.util.LifecycleBase.init(LifecycleBase.java:122)
		at org.apache.catalina.core.StandardService.initInternal(StandardService.java:520)
		at org.apache.catalina.util.LifecycleBase.init(LifecycleBase.java:122)
		at org.apache.catalina.core.StandardServer.initInternal(StandardServer.java:984)
		at org.apache.catalina.util.LifecycleBase.init(LifecycleBase.java:122)
		at org.apache.catalina.startup.Catalina.load(Catalina.java:687)
		at org.apache.catalina.startup.Catalina.load(Catalina.java:710)
		at sun.reflect.NativeMethodAccessorImpl.invoke0(Native Method)
		at sun.reflect.NativeMethodAccessorImpl.invoke(NativeMethodAccessorImpl.java:62)
		at sun.reflect.DelegatingMethodAccessorImpl.invoke(DelegatingMethodAccessorImpl.java:43)
		at java.lang.reflect.Method.invoke(Method.java:498)
		at org.apache.catalina.startup.Bootstrap.load(Bootstrap.java:299)
		at org.apache.catalina.startup.Bootstrap.main(Bootstrap.java:472)
	Caused by: java.net.BindException: Address already in use: bind
		at sun.nio.ch.Net.bind0(Native Method)
		at sun.nio.ch.Net.bind(Net.java:461)
		at sun.nio.ch.Net.bind(Net.java:453)
		at sun.nio.ch.ServerSocketChannelImpl.bind(ServerSocketChannelImpl.java:222)
		at org.apache.tomcat.util.net.NioEndpoint.initServerSocket(NioEndpoint.java:296)
		at org.apache.tomcat.util.net.NioEndpoint.bind(NioEndpoint.java:251)
		at org.apache.tomcat.util.net.AbstractEndpoint.bindWithCleanup(AbstractEndpoint.java:1500)
		at org.apache.tomcat.util.net.AbstractEndpoint.init(AbstractEndpoint.java:1513)
		at org.apache.coyote.AbstractProtocol.init(AbstractProtocol.java:966)
		at org.apache.coyote.http11.AbstractHttp11Protocol.init(AbstractHttp11Protocol.java:80)
		at org.apache.catalina.connector.Connector.initInternal(Connector.java:1082)
		... 13 more
07-Jun-2026 22:31:40.112 정보 [main] org.apache.catalina.startup.Catalina.load [257] 밀리초 내에 서버가 초기화되었습니다.
07-Jun-2026 22:31:40.131 정보 [main] org.apache.catalina.core.StandardService.startInternal 서비스 [Catalina]을(를) 시작합니다.
07-Jun-2026 22:31:40.131 정보 [main] org.apache.catalina.core.StandardEngine.startInternal 서버 엔진을 시작합니다: [Apache Tomcat/9.0.118]
07-Jun-2026 22:31:40.136 정보 [main] org.apache.catalina.startup.HostConfig.deployDescriptor 배치 descriptor [C:\dev\workspace\java_crud\conf\Catalina\localhost\java_crud.xml]을(를) 배치합니다.
07-Jun-2026 22:31:40.164 경고 [main] org.apache.catalina.webresources.DirResourceSet.initInternal Disabled the global canonical file name cache to protect against CVE-2024-56337 when starting the WebResourceSet at [C:\dev\workspace\java_crud\target\classes] which is part of the web application [/java_crud]
07-Jun-2026 22:31:41.165 정보 [main] org.apache.jasper.servlet.TldScanner.scanJars 적어도 하나의 JAR가 TLD들을 찾기 위해 스캔되었으나 아무 것도 찾지 못했습니다. 스캔했으나 TLD가 없는 JAR들의 전체 목록을 보시려면, 로그 레벨을 디버그 레벨로 설정하십시오. 스캔 과정에서 불필요한 JAR들을 건너뛰면, 시스템 시작 시간과 JSP 컴파일 시간을 단축시킬 수 있습니다.
07-Jun-2026 22:31:41.363 정보 [main] org.springframework.web.servlet.FrameworkServlet.initServletBean Initializing Servlet 'dispatcher'
07-Jun-2026 22:31:42.111 경고 [main] org.springframework.context.support.AbstractApplicationContext.refresh Exception encountered during context initialization - cancelling refresh attempt: org.springframework.beans.factory.UnsatisfiedDependencyException: Error creating bean with name 'boardService': Unsatisfied dependency expressed through field 'boardDAO'; nested exception is org.springframework.beans.factory.NoSuchBeanDefinitionException: No qualifying bean of type 'com.crud.dao.BoardDAO' available: expected at least 1 bean which qualifies as autowire candidate. Dependency annotations: {@org.springframework.beans.factory.annotation.Autowired(required=true)}
07-Jun-2026 22:31:42.114 심각 [main] org.springframework.web.servlet.FrameworkServlet.initServletBean Context initialization failed
	org.springframework.beans.factory.UnsatisfiedDependencyException: Error creating bean with name 'boardService': Unsatisfied dependency expressed through field 'boardDAO'; nested exception is org.springframework.beans.factory.NoSuchBeanDefinitionException: No qualifying bean of type 'com.crud.dao.BoardDAO' available: expected at least 1 bean which qualifies as autowire candidate. Dependency annotations: {@org.springframework.beans.factory.annotation.Autowired(required=true)}
		at org.springframework.beans.factory.annotation.AutowiredAnnotationBeanPostProcessor$AutowiredFieldElement.resolveFieldValue(AutowiredAnnotationBeanPostProcessor.java:713)
		at org.springframework.beans.factory.annotation.AutowiredAnnotationBeanPostProcessor$AutowiredFieldElement.inject(AutowiredAnnotationBeanPostProcessor.java:693)
		at org.springframework.beans.factory.annotation.InjectionMetadata.inject(InjectionMetadata.java:119)
		at org.springframework.beans.factory.annotation.AutowiredAnnotationBeanPostProcessor.postProcessProperties(AutowiredAnnotationBeanPostProcessor.java:408)
		at org.springframework.beans.factory.support.AbstractAutowireCapableBeanFactory.populateBean(AbstractAutowireCapableBeanFactory.java:1431)
		at org.springframework.beans.factory.support.AbstractAutowireCapableBeanFactory.doCreateBean(AbstractAutowireCapableBeanFactory.java:619)
		at org.springframework.beans.factory.support.AbstractAutowireCapableBeanFactory.createBean(AbstractAutowireCapableBeanFactory.java:542)
		at org.springframework.beans.factory.support.AbstractBeanFactory.lambda$doGetBean$0(AbstractBeanFactory.java:336)
		at org.springframework.beans.factory.support.DefaultSingletonBeanRegistry.getSingleton(DefaultSingletonBeanRegistry.java:234)
		at org.springframework.beans.factory.support.AbstractBeanFactory.doGetBean(AbstractBeanFactory.java:334)
		at org.springframework.beans.factory.support.AbstractBeanFactory.getBean(AbstractBeanFactory.java:209)
		at org.springframework.beans.factory.support.DefaultListableBeanFactory.preInstantiateSingletons(DefaultListableBeanFactory.java:955)
		at org.springframework.context.support.AbstractApplicationContext.finishBeanFactoryInitialization(AbstractApplicationContext.java:932)
		at org.springframework.context.support.AbstractApplicationContext.refresh(AbstractApplicationContext.java:591)
		at org.springframework.web.servlet.FrameworkServlet.configureAndRefreshWebApplicationContext(FrameworkServlet.java:702)
		at org.springframework.web.servlet.FrameworkServlet.createWebApplicationContext(FrameworkServlet.java:668)
		at org.springframework.web.servlet.FrameworkServlet.createWebApplicationContext(FrameworkServlet.java:716)
		at org.springframework.web.servlet.FrameworkServlet.initWebApplicationContext(FrameworkServlet.java:591)
		at org.springframework.web.servlet.FrameworkServlet.initServletBean(FrameworkServlet.java:530)
		at org.springframework.web.servlet.HttpServletBean.init(HttpServletBean.java:170)
		at javax.servlet.GenericServlet.init(GenericServlet.java:143)
		at org.apache.catalina.core.StandardWrapper.initServlet(StandardWrapper.java:986)
		at org.apache.catalina.core.StandardWrapper.loadServlet(StandardWrapper.java:943)
		at org.apache.catalina.core.StandardWrapper.load(StandardWrapper.java:840)
		at org.apache.catalina.core.StandardContext.loadOnStartup(StandardContext.java:4226)
		at org.apache.catalina.core.StandardContext.startInternal(StandardContext.java:4527)
		at org.apache.catalina.util.LifecycleBase.start(LifecycleBase.java:164)
		at org.apache.catalina.core.ContainerBase.addChildInternal(ContainerBase.java:597)
		at org.apache.catalina.core.ContainerBase.addChild(ContainerBase.java:569)
		at org.apache.catalina.core.StandardHost.addChild(StandardHost.java:608)
		at org.apache.catalina.startup.HostConfig.deployDescriptor(HostConfig.java:677)
		at org.apache.catalina.startup.HostConfig$DeployDescriptor.run(HostConfig.java:1836)
		at java.util.concurrent.Executors$RunnableAdapter.call(Executors.java:511)
		at java.util.concurrent.FutureTask.run(FutureTask.java:266)
		at org.apache.tomcat.util.threads.InlineExecutorService.execute(InlineExecutorService.java:82)
		at java.util.concurrent.AbstractExecutorService.submit(AbstractExecutorService.java:112)
		at org.apache.catalina.startup.HostConfig.deployDescriptors(HostConfig.java:572)
		at org.apache.catalina.startup.HostConfig.deployApps(HostConfig.java:463)
		at org.apache.catalina.startup.HostConfig.start(HostConfig.java:1576)
		at org.apache.catalina.startup.HostConfig.lifecycleEvent(HostConfig.java:309)
		at org.apache.catalina.util.LifecycleBase.fireLifecycleEvent(LifecycleBase.java:109)
		at org.apache.catalina.util.LifecycleBase.setStateInternal(LifecycleBase.java:389)
		at org.apache.catalina.util.LifecycleBase.setState(LifecycleBase.java:336)
		at org.apache.catalina.core.ContainerBase.startInternal(ContainerBase.java:774)
		at org.apache.catalina.core.StandardHost.startInternal(StandardHost.java:726)
		at org.apache.catalina.util.LifecycleBase.start(LifecycleBase.java:164)
		at org.apache.catalina.core.ContainerBase$StartChild.call(ContainerBase.java:1201)
		at org.apache.catalina.core.ContainerBase$StartChild.call(ContainerBase.java:1191)
		at java.util.concurrent.FutureTask.run(FutureTask.java:266)
		at org.apache.tomcat.util.threads.InlineExecutorService.execute(InlineExecutorService.java:82)
		at java.util.concurrent.AbstractExecutorService.submit(AbstractExecutorService.java:134)
		at org.apache.catalina.core.ContainerBase.startInternal(ContainerBase.java:747)
		at org.apache.catalina.core.StandardEngine.startInternal(StandardEngine.java:209)
		at org.apache.catalina.util.LifecycleBase.start(LifecycleBase.java:164)
		at org.apache.catalina.core.StandardService.startInternal(StandardService.java:410)
		at org.apache.catalina.util.LifecycleBase.start(LifecycleBase.java:164)
		at org.apache.catalina.core.StandardServer.startInternal(StandardServer.java:872)
		at org.apache.catalina.util.LifecycleBase.start(LifecycleBase.java:164)
		at org.apache.catalina.startup.Catalina.start(Catalina.java:736)
		at sun.reflect.NativeMethodAccessorImpl.invoke0(Native Method)
		at sun.reflect.NativeMethodAccessorImpl.invoke(NativeMethodAccessorImpl.java:62)
		at sun.reflect.DelegatingMethodAccessorImpl.invoke(DelegatingMethodAccessorImpl.java:43)
		at java.lang.reflect.Method.invoke(Method.java:498)
		at org.apache.catalina.startup.Bootstrap.start(Bootstrap.java:342)
		at org.apache.catalina.startup.Bootstrap.main(Bootstrap.java:473)
	Caused by: org.springframework.beans.factory.NoSuchBeanDefinitionException: No qualifying bean of type 'com.crud.dao.BoardDAO' available: expected at least 1 bean which qualifies as autowire candidate. Dependency annotations: {@org.springframework.beans.factory.annotation.Autowired(required=true)}
		at org.springframework.beans.factory.support.DefaultListableBeanFactory.raiseNoMatchingBeanFound(DefaultListableBeanFactory.java:1801)
		at org.springframework.beans.factory.support.DefaultListableBeanFactory.doResolveDependency(DefaultListableBeanFactory.java:1357)
		at org.springframework.beans.factory.support.DefaultListableBeanFactory.resolveDependency(DefaultListableBeanFactory.java:1311)
		at org.springframework.beans.factory.annotation.AutowiredAnnotationBeanPostProcessor$AutowiredFieldElement.resolveFieldValue(AutowiredAnnotationBeanPostProcessor.java:710)
		... 64 more
07-Jun-2026 22:31:42.127 정보 [main] org.apache.catalina.startup.HostConfig.deployDescriptor 배치 descriptor [C:\dev\workspace\java_crud\conf\Catalina\localhost\java_crud.xml]의 배치가 [1,990] 밀리초 내에 완료되었습니다.
07-Jun-2026 22:31:42.129 정보 [main] org.apache.catalina.startup.Catalina.start 서버가 [2016] 밀리초 내에 시작되었습니다.
07-Jun-2026 22:31:42.133 심각 [main] org.apache.catalina.core.StandardServer.await 주소 [localhost]와(과) 포트 [8005]에, 서버 셧다운 소켓을 생성하지 못했습니다. (base 포트 [8005], offset [0])
	java.net.BindException: Address already in use: JVM_Bind
		at java.net.DualStackPlainSocketImpl.bind0(Native Method)
		at java.net.DualStackPlainSocketImpl.socketBind(DualStackPlainSocketImpl.java:106)
		at java.net.AbstractPlainSocketImpl.bind(AbstractPlainSocketImpl.java:387)
		at java.net.PlainSocketImpl.bind(PlainSocketImpl.java:190)
		at java.net.ServerSocket.bind(ServerSocket.java:390)
		at java.net.ServerSocket.<init>(ServerSocket.java:252)
		at org.apache.catalina.core.StandardServer.await(StandardServer.java:535)
		at org.apache.catalina.startup.Catalina.await(Catalina.java:826)
		at org.apache.catalina.startup.Catalina.start(Catalina.java:774)
		at sun.reflect.NativeMethodAccessorImpl.invoke0(Native Method)
		at sun.reflect.NativeMethodAccessorImpl.invoke(NativeMethodAccessorImpl.java:62)
		at sun.reflect.DelegatingMethodAccessorImpl.invoke(DelegatingMethodAccessorImpl.java:43)
		at java.lang.reflect.Method.invoke(Method.java:498)
		at org.apache.catalina.startup.Bootstrap.start(Bootstrap.java:342)
		at org.apache.catalina.startup.Bootstrap.main(Bootstrap.java:473)
07-Jun-2026 22:31:42.133 정보 [main] org.apache.coyote.AbstractProtocol.pause 프로토콜 핸들러 ["http-nio-8080"]을(를) 일시 정지 중
07-Jun-2026 22:31:42.133 정보 [main] org.apache.catalina.core.StandardService.stopInternal 서비스 [Catalina]을(를) 중지시킵니다.
07-Jun-2026 22:31:42.136 정보 [main] org.apache.coyote.AbstractProtocol.stop 프로토콜 핸들러 ["http-nio-8080"]을(를) 중지시킵니다.
07-Jun-2026 22:31:42.136 정보 [main] org.apache.coyote.AbstractProtocol.destroy 프로토콜 핸들러 ["http-nio-8080"]을(를) 소멸시킵니다.
07-Jun-2026 22:32:12.022 정보 [main] org.apache.catalina.startup.VersionLoggerListener.log 서버 버전 이름:    Apache Tomcat/9.0.118
07-Jun-2026 22:32:12.025 정보 [main] org.apache.catalina.startup.VersionLoggerListener.log Server 빌드 시각:  May 1 2026 19:30:30 UTC
07-Jun-2026 22:32:12.025 정보 [main] org.apache.catalina.startup.VersionLoggerListener.log Server 버전 번호:  9.0.118.0
07-Jun-2026 22:32:12.025 정보 [main] org.apache.catalina.startup.VersionLoggerListener.log 운영체제 이름:     Windows 11
07-Jun-2026 22:32:12.025 정보 [main] org.apache.catalina.startup.VersionLoggerListener.log 운영체제 버전:     10.0
07-Jun-2026 22:32:12.025 정보 [main] org.apache.catalina.startup.VersionLoggerListener.log 아키텍처:          amd64
07-Jun-2026 22:32:12.025 정보 [main] org.apache.catalina.startup.VersionLoggerListener.log 자바 홈:           C:\Users\User\.jdks\corretto-1.8.0_492\jre
07-Jun-2026 22:32:12.025 정보 [main] org.apache.catalina.startup.VersionLoggerListener.log JVM 버전:          1.8.0_492-b09
07-Jun-2026 22:32:12.025 정보 [main] org.apache.catalina.startup.VersionLoggerListener.log JVM 벤더:          Amazon.com Inc.
07-Jun-2026 22:32:12.025 정보 [main] org.apache.catalina.startup.VersionLoggerListener.log CATALINA_BASE:     C:\dev\workspace\java_crud
07-Jun-2026 22:32:12.026 정보 [main] org.apache.catalina.startup.VersionLoggerListener.log CATALINA_HOME:     C:\apache-tomcat-9.0.118
07-Jun-2026 22:32:12.026 정보 [main] org.apache.catalina.startup.VersionLoggerListener.log 명령 행 아규먼트:  -Dcatalina.home=C:\apache-tomcat-9.0.118
07-Jun-2026 22:32:12.026 정보 [main] org.apache.catalina.startup.VersionLoggerListener.log 명령 행 아규먼트:  -Dcatalina.base=C:\dev\workspace\java_crud
07-Jun-2026 22:32:12.026 정보 [main] org.apache.catalina.startup.VersionLoggerListener.log 명령 행 아규먼트:  -Djava.io.tmpdir=C:\dev\workspace\java_crud\temp
07-Jun-2026 22:32:12.026 정보 [main] org.apache.catalina.startup.VersionLoggerListener.log 명령 행 아규먼트:  -Djava.util.logging.config.file=C:\dev\workspace\java_crud\conf\logging.properties
07-Jun-2026 22:32:12.027 정보 [main] org.apache.catalina.startup.VersionLoggerListener.log 명령 행 아규먼트:  -Djava.util.logging.manager=org.apache.juli.ClassLoaderLogManager
07-Jun-2026 22:32:12.027 정보 [main] org.apache.catalina.startup.VersionLoggerListener.log 명령 행 아규먼트:  -javaagent:C:\Program Files\JetBrains\IntelliJ IDEA 2025.3.2\lib\idea_rt.jar=53584
07-Jun-2026 22:32:12.027 정보 [main] org.apache.catalina.startup.VersionLoggerListener.log 명령 행 아규먼트:  -Dfile.encoding=UTF-8
07-Jun-2026 22:32:12.030 정보 [main] org.apache.catalina.core.AprLifecycleListener.lifecycleEvent APR 버전 [1.7.6]을(를) 사용한, APR 기반 Apache Tomcat Native 라이브러리 [1.3.7]을(를) 로드했습니다.
07-Jun-2026 22:32:12.030 정보 [main] org.apache.catalina.core.AprLifecycleListener.lifecycleEvent APR 용량정보들: IPv6 [true], sendfile [true], accept filters [false], random [true], UDS [true].
07-Jun-2026 22:32:12.030 정보 [main] org.apache.catalina.core.AprLifecycleListener.lifecycleEvent APR/OpenSSL 설정: useAprConnector [false], useOpenSSL [true]
07-Jun-2026 22:32:12.034 정보 [main] org.apache.catalina.core.AprLifecycleListener.initializeSSL OpenSSL이 성공적으로 초기화되었습니다: [OpenSSL 3.0.19 27 Jan 2026]
07-Jun-2026 22:32:12.174 정보 [main] org.apache.coyote.AbstractProtocol.init 프로토콜 핸들러 ["http-nio-8080"]을(를) 초기화합니다.
07-Jun-2026 22:32:12.179 심각 [main] org.apache.catalina.util.LifecycleBase.handleSubClassException 구성요소 [Connector["http-nio-8080"]]을(를) 초기화하지 못했습니다.
	org.apache.catalina.LifecycleException: 프로토콜 핸들러 초기화가 실패했습니다.
		at org.apache.catalina.connector.Connector.initInternal(Connector.java:1084)
		at org.apache.catalina.util.LifecycleBase.init(LifecycleBase.java:122)
		at org.apache.catalina.core.StandardService.initInternal(StandardService.java:520)
		at org.apache.catalina.util.LifecycleBase.init(LifecycleBase.java:122)
		at org.apache.catalina.core.StandardServer.initInternal(StandardServer.java:984)
		at org.apache.catalina.util.LifecycleBase.init(LifecycleBase.java:122)
		at org.apache.catalina.startup.Catalina.load(Catalina.java:687)
		at org.apache.catalina.startup.Catalina.load(Catalina.java:710)
		at sun.reflect.NativeMethodAccessorImpl.invoke0(Native Method)
		at sun.reflect.NativeMethodAccessorImpl.invoke(NativeMethodAccessorImpl.java:62)
		at sun.reflect.DelegatingMethodAccessorImpl.invoke(DelegatingMethodAccessorImpl.java:43)
		at java.lang.reflect.Method.invoke(Method.java:498)
		at org.apache.catalina.startup.Bootstrap.load(Bootstrap.java:299)
		at org.apache.catalina.startup.Bootstrap.main(Bootstrap.java:472)
	Caused by: java.net.BindException: Address already in use: bind
		at sun.nio.ch.Net.bind0(Native Method)
		at sun.nio.ch.Net.bind(Net.java:461)
		at sun.nio.ch.Net.bind(Net.java:453)
		at sun.nio.ch.ServerSocketChannelImpl.bind(ServerSocketChannelImpl.java:222)
		at org.apache.tomcat.util.net.NioEndpoint.initServerSocket(NioEndpoint.java:296)
		at org.apache.tomcat.util.net.NioEndpoint.bind(NioEndpoint.java:251)
		at org.apache.tomcat.util.net.AbstractEndpoint.bindWithCleanup(AbstractEndpoint.java:1500)
		at org.apache.tomcat.util.net.AbstractEndpoint.init(AbstractEndpoint.java:1513)
		at org.apache.coyote.AbstractProtocol.init(AbstractProtocol.java:966)
		at org.apache.coyote.http11.AbstractHttp11Protocol.init(AbstractHttp11Protocol.java:80)
		at org.apache.catalina.connector.Connector.initInternal(Connector.java:1082)
		... 13 more
07-Jun-2026 22:32:12.180 정보 [main] org.apache.catalina.startup.Catalina.load [257] 밀리초 내에 서버가 초기화되었습니다.
07-Jun-2026 22:32:12.199 정보 [main] org.apache.catalina.core.StandardService.startInternal 서비스 [Catalina]을(를) 시작합니다.
07-Jun-2026 22:32:12.199 정보 [main] org.apache.catalina.core.StandardEngine.startInternal 서버 엔진을 시작합니다: [Apache Tomcat/9.0.118]
07-Jun-2026 22:32:12.204 정보 [main] org.apache.catalina.startup.HostConfig.deployDescriptor 배치 descriptor [C:\dev\workspace\java_crud\conf\Catalina\localhost\java_crud.xml]을(를) 배치합니다.
07-Jun-2026 22:32:12.234 경고 [main] org.apache.catalina.webresources.DirResourceSet.initInternal Disabled the global canonical file name cache to protect against CVE-2024-56337 when starting the WebResourceSet at [C:\dev\workspace\java_crud\target\classes] which is part of the web application [/java_crud]
07-Jun-2026 22:32:13.228 정보 [main] org.apache.jasper.servlet.TldScanner.scanJars 적어도 하나의 JAR가 TLD들을 찾기 위해 스캔되었으나 아무 것도 찾지 못했습니다. 스캔했으나 TLD가 없는 JAR들의 전체 목록을 보시려면, 로그 레벨을 디버그 레벨로 설정하십시오. 스캔 과정에서 불필요한 JAR들을 건너뛰면, 시스템 시작 시간과 JSP 컴파일 시간을 단축시킬 수 있습니다.
07-Jun-2026 22:32:13.416 정보 [main] org.springframework.web.servlet.FrameworkServlet.initServletBean Initializing Servlet 'dispatcher'
07-Jun-2026 22:32:14.143 경고 [main] org.springframework.context.support.AbstractApplicationContext.refresh Exception encountered during context initialization - cancelling refresh attempt: org.springframework.beans.factory.UnsatisfiedDependencyException: Error creating bean with name 'boardService': Unsatisfied dependency expressed through field 'boardDAO'; nested exception is org.springframework.beans.factory.NoSuchBeanDefinitionException: No qualifying bean of type 'com.crud.dao.BoardDAO' available: expected at least 1 bean which qualifies as autowire candidate. Dependency annotations: {@org.springframework.beans.factory.annotation.Autowired(required=true)}
07-Jun-2026 22:32:14.146 심각 [main] org.springframework.web.servlet.FrameworkServlet.initServletBean Context initialization failed
	org.springframework.beans.factory.UnsatisfiedDependencyException: Error creating bean with name 'boardService': Unsatisfied dependency expressed through field 'boardDAO'; nested exception is org.springframework.beans.factory.NoSuchBeanDefinitionException: No qualifying bean of type 'com.crud.dao.BoardDAO' available: expected at least 1 bean which qualifies as autowire candidate. Dependency annotations: {@org.springframework.beans.factory.annotation.Autowired(required=true)}
		at org.springframework.beans.factory.annotation.AutowiredAnnotationBeanPostProcessor$AutowiredFieldElement.resolveFieldValue(AutowiredAnnotationBeanPostProcessor.java:713)
		at org.springframework.beans.factory.annotation.AutowiredAnnotationBeanPostProcessor$AutowiredFieldElement.inject(AutowiredAnnotationBeanPostProcessor.java:693)
		at org.springframework.beans.factory.annotation.InjectionMetadata.inject(InjectionMetadata.java:119)
		at org.springframework.beans.factory.annotation.AutowiredAnnotationBeanPostProcessor.postProcessProperties(AutowiredAnnotationBeanPostProcessor.java:408)
		at org.springframework.beans.factory.support.AbstractAutowireCapableBeanFactory.populateBean(AbstractAutowireCapableBeanFactory.java:1431)
		at org.springframework.beans.factory.support.AbstractAutowireCapableBeanFactory.doCreateBean(AbstractAutowireCapableBeanFactory.java:619)
		at org.springframework.beans.factory.support.AbstractAutowireCapableBeanFactory.createBean(AbstractAutowireCapableBeanFactory.java:542)
		at org.springframework.beans.factory.support.AbstractBeanFactory.lambda$doGetBean$0(AbstractBeanFactory.java:336)
		at org.springframework.beans.factory.support.DefaultSingletonBeanRegistry.getSingleton(DefaultSingletonBeanRegistry.java:234)
		at org.springframework.beans.factory.support.AbstractBeanFactory.doGetBean(AbstractBeanFactory.java:334)
		at org.springframework.beans.factory.support.AbstractBeanFactory.getBean(AbstractBeanFactory.java:209)
		at org.springframework.beans.factory.support.DefaultListableBeanFactory.preInstantiateSingletons(DefaultListableBeanFactory.java:955)
		at org.springframework.context.support.AbstractApplicationContext.finishBeanFactoryInitialization(AbstractApplicationContext.java:932)
		at org.springframework.context.support.AbstractApplicationContext.refresh(AbstractApplicationContext.java:591)
		at org.springframework.web.servlet.FrameworkServlet.configureAndRefreshWebApplicationContext(FrameworkServlet.java:702)
		at org.springframework.web.servlet.FrameworkServlet.createWebApplicationContext(FrameworkServlet.java:668)
		at org.springframework.web.servlet.FrameworkServlet.createWebApplicationContext(FrameworkServlet.java:716)
		at org.springframework.web.servlet.FrameworkServlet.initWebApplicationContext(FrameworkServlet.java:591)
		at org.springframework.web.servlet.FrameworkServlet.initServletBean(FrameworkServlet.java:530)
		at org.springframework.web.servlet.HttpServletBean.init(HttpServletBean.java:170)
		at javax.servlet.GenericServlet.init(GenericServlet.java:143)
		at org.apache.catalina.core.StandardWrapper.initServlet(StandardWrapper.java:986)
		at org.apache.catalina.core.StandardWrapper.loadServlet(StandardWrapper.java:943)
		at org.apache.catalina.core.StandardWrapper.load(StandardWrapper.java:840)
		at org.apache.catalina.core.StandardContext.loadOnStartup(StandardContext.java:4226)
		at org.apache.catalina.core.StandardContext.startInternal(StandardContext.java:4527)
		at org.apache.catalina.util.LifecycleBase.start(LifecycleBase.java:164)
		at org.apache.catalina.core.ContainerBase.addChildInternal(ContainerBase.java:597)
		at org.apache.catalina.core.ContainerBase.addChild(ContainerBase.java:569)
		at org.apache.catalina.core.StandardHost.addChild(StandardHost.java:608)
		at org.apache.catalina.startup.HostConfig.deployDescriptor(HostConfig.java:677)
		at org.apache.catalina.startup.HostConfig$DeployDescriptor.run(HostConfig.java:1836)
		at java.util.concurrent.Executors$RunnableAdapter.call(Executors.java:511)
		at java.util.concurrent.FutureTask.run(FutureTask.java:266)
		at org.apache.tomcat.util.threads.InlineExecutorService.execute(InlineExecutorService.java:82)
		at java.util.concurrent.AbstractExecutorService.submit(AbstractExecutorService.java:112)
		at org.apache.catalina.startup.HostConfig.deployDescriptors(HostConfig.java:572)
		at org.apache.catalina.startup.HostConfig.deployApps(HostConfig.java:463)
		at org.apache.catalina.startup.HostConfig.start(HostConfig.java:1576)
		at org.apache.catalina.startup.HostConfig.lifecycleEvent(HostConfig.java:309)
		at org.apache.catalina.util.LifecycleBase.fireLifecycleEvent(LifecycleBase.java:109)
		at org.apache.catalina.util.LifecycleBase.setStateInternal(LifecycleBase.java:389)
		at org.apache.catalina.util.LifecycleBase.setState(LifecycleBase.java:336)
		at org.apache.catalina.core.ContainerBase.startInternal(ContainerBase.java:774)
		at org.apache.catalina.core.StandardHost.startInternal(StandardHost.java:726)
		at org.apache.catalina.util.LifecycleBase.start(LifecycleBase.java:164)
		at org.apache.catalina.core.ContainerBase$StartChild.call(ContainerBase.java:1201)
		at org.apache.catalina.core.ContainerBase$StartChild.call(ContainerBase.java:1191)
		at java.util.concurrent.FutureTask.run(FutureTask.java:266)
		at org.apache.tomcat.util.threads.InlineExecutorService.execute(InlineExecutorService.java:82)
		at java.util.concurrent.AbstractExecutorService.submit(AbstractExecutorService.java:134)
		at org.apache.catalina.core.ContainerBase.startInternal(ContainerBase.java:747)
		at org.apache.catalina.core.StandardEngine.startInternal(StandardEngine.java:209)
		at org.apache.catalina.util.LifecycleBase.start(LifecycleBase.java:164)
		at org.apache.catalina.core.StandardService.startInternal(StandardService.java:410)
		at org.apache.catalina.util.LifecycleBase.start(LifecycleBase.java:164)
		at org.apache.catalina.core.StandardServer.startInternal(StandardServer.java:872)
		at org.apache.catalina.util.LifecycleBase.start(LifecycleBase.java:164)
		at org.apache.catalina.startup.Catalina.start(Catalina.java:736)
		at sun.reflect.NativeMethodAccessorImpl.invoke0(Native Method)
		at sun.reflect.NativeMethodAccessorImpl.invoke(NativeMethodAccessorImpl.java:62)
		at sun.reflect.DelegatingMethodAccessorImpl.invoke(DelegatingMethodAccessorImpl.java:43)
		at java.lang.reflect.Method.invoke(Method.java:498)
		at org.apache.catalina.startup.Bootstrap.start(Bootstrap.java:342)
		at org.apache.catalina.startup.Bootstrap.main(Bootstrap.java:473)
	Caused by: org.springframework.beans.factory.NoSuchBeanDefinitionException: No qualifying bean of type 'com.crud.dao.BoardDAO' available: expected at least 1 bean which qualifies as autowire candidate. Dependency annotations: {@org.springframework.beans.factory.annotation.Autowired(required=true)}
		at org.springframework.beans.factory.support.DefaultListableBeanFactory.raiseNoMatchingBeanFound(DefaultListableBeanFactory.java:1801)
		at org.springframework.beans.factory.support.DefaultListableBeanFactory.doResolveDependency(DefaultListableBeanFactory.java:1357)
		at org.springframework.beans.factory.support.DefaultListableBeanFactory.resolveDependency(DefaultListableBeanFactory.java:1311)
		at org.springframework.beans.factory.annotation.AutowiredAnnotationBeanPostProcessor$AutowiredFieldElement.resolveFieldValue(AutowiredAnnotationBeanPostProcessor.java:710)
		... 64 more
07-Jun-2026 22:32:14.157 정보 [main] org.apache.catalina.startup.HostConfig.deployDescriptor 배치 descriptor [C:\dev\workspace\java_crud\conf\Catalina\localhost\java_crud.xml]의 배치가 [1,952] 밀리초 내에 완료되었습니다.
07-Jun-2026 22:32:14.160 정보 [main] org.apache.catalina.startup.Catalina.start 서버가 [1980] 밀리초 내에 시작되었습니다.
07-Jun-2026 22:32:14.163 심각 [main] org.apache.catalina.core.StandardServer.await 주소 [localhost]와(과) 포트 [8005]에, 서버 셧다운 소켓을 생성하지 못했습니다. (base 포트 [8005], offset [0])
	java.net.BindException: Address already in use: JVM_Bind
		at java.net.DualStackPlainSocketImpl.bind0(Native Method)
		at java.net.DualStackPlainSocketImpl.socketBind(DualStackPlainSocketImpl.java:106)
		at java.net.AbstractPlainSocketImpl.bind(AbstractPlainSocketImpl.java:387)
		at java.net.PlainSocketImpl.bind(PlainSocketImpl.java:190)
		at java.net.ServerSocket.bind(ServerSocket.java:390)
		at java.net.ServerSocket.<init>(ServerSocket.java:252)
		at org.apache.catalina.core.StandardServer.await(StandardServer.java:535)
		at org.apache.catalina.startup.Catalina.await(Catalina.java:826)
		at org.apache.catalina.startup.Catalina.start(Catalina.java:774)
		at sun.reflect.NativeMethodAccessorImpl.invoke0(Native Method)
		at sun.reflect.NativeMethodAccessorImpl.invoke(NativeMethodAccessorImpl.java:62)
		at sun.reflect.DelegatingMethodAccessorImpl.invoke(DelegatingMethodAccessorImpl.java:43)
		at java.lang.reflect.Method.invoke(Method.java:498)
		at org.apache.catalina.startup.Bootstrap.start(Bootstrap.java:342)
		at org.apache.catalina.startup.Bootstrap.main(Bootstrap.java:473)
07-Jun-2026 22:32:14.163 정보 [main] org.apache.coyote.AbstractProtocol.pause 프로토콜 핸들러 ["http-nio-8080"]을(를) 일시 정지 중
07-Jun-2026 22:32:14.163 정보 [main] org.apache.catalina.core.StandardService.stopInternal 서비스 [Catalina]을(를) 중지시킵니다.
07-Jun-2026 22:32:14.168 정보 [main] org.apache.coyote.AbstractProtocol.stop 프로토콜 핸들러 ["http-nio-8080"]을(를) 중지시킵니다.
07-Jun-2026 22:32:14.168 정보 [main] org.apache.coyote.AbstractProtocol.destroy 프로토콜 핸들러 ["http-nio-8080"]을(를) 소멸시킵니다.
07-Jun-2026 22:32:44.657 정보 [main] org.apache.catalina.startup.VersionLoggerListener.log 서버 버전 이름:    Apache Tomcat/9.0.118
07-Jun-2026 22:32:44.660 정보 [main] org.apache.catalina.startup.VersionLoggerListener.log Server 빌드 시각:  May 1 2026 19:30:30 UTC
07-Jun-2026 22:32:44.660 정보 [main] org.apache.catalina.startup.VersionLoggerListener.log Server 버전 번호:  9.0.118.0
07-Jun-2026 22:32:44.660 정보 [main] org.apache.catalina.startup.VersionLoggerListener.log 운영체제 이름:     Windows 11
07-Jun-2026 22:32:44.660 정보 [main] org.apache.catalina.startup.VersionLoggerListener.log 운영체제 버전:     10.0
07-Jun-2026 22:32:44.660 정보 [main] org.apache.catalina.startup.VersionLoggerListener.log 아키텍처:          amd64
07-Jun-2026 22:32:44.661 정보 [main] org.apache.catalina.startup.VersionLoggerListener.log 자바 홈:           C:\Users\User\.jdks\corretto-1.8.0_492\jre
07-Jun-2026 22:32:44.661 정보 [main] org.apache.catalina.startup.VersionLoggerListener.log JVM 버전:          1.8.0_492-b09
07-Jun-2026 22:32:44.661 정보 [main] org.apache.catalina.startup.VersionLoggerListener.log JVM 벤더:          Amazon.com Inc.
07-Jun-2026 22:32:44.661 정보 [main] org.apache.catalina.startup.VersionLoggerListener.log CATALINA_BASE:     C:\dev\workspace\java_crud
07-Jun-2026 22:32:44.661 정보 [main] org.apache.catalina.startup.VersionLoggerListener.log CATALINA_HOME:     C:\apache-tomcat-9.0.118
07-Jun-2026 22:32:44.662 정보 [main] org.apache.catalina.startup.VersionLoggerListener.log 명령 행 아규먼트:  -Dcatalina.home=C:\apache-tomcat-9.0.118
07-Jun-2026 22:32:44.662 정보 [main] org.apache.catalina.startup.VersionLoggerListener.log 명령 행 아규먼트:  -Dcatalina.base=C:\dev\workspace\java_crud
07-Jun-2026 22:32:44.662 정보 [main] org.apache.catalina.startup.VersionLoggerListener.log 명령 행 아규먼트:  -Djava.io.tmpdir=C:\dev\workspace\java_crud\temp
07-Jun-2026 22:32:44.662 정보 [main] org.apache.catalina.startup.VersionLoggerListener.log 명령 행 아규먼트:  -Djava.util.logging.config.file=C:\dev\workspace\java_crud\conf\logging.properties
07-Jun-2026 22:32:44.662 정보 [main] org.apache.catalina.startup.VersionLoggerListener.log 명령 행 아규먼트:  -Djava.util.logging.manager=org.apache.juli.ClassLoaderLogManager
07-Jun-2026 22:32:44.662 정보 [main] org.apache.catalina.startup.VersionLoggerListener.log 명령 행 아규먼트:  -javaagent:C:\Program Files\JetBrains\IntelliJ IDEA 2025.3.2\lib\idea_rt.jar=50038
07-Jun-2026 22:32:44.662 정보 [main] org.apache.catalina.startup.VersionLoggerListener.log 명령 행 아규먼트:  -Dfile.encoding=UTF-8
07-Jun-2026 22:32:44.665 정보 [main] org.apache.catalina.core.AprLifecycleListener.lifecycleEvent APR 버전 [1.7.6]을(를) 사용한, APR 기반 Apache Tomcat Native 라이브러리 [1.3.7]을(를) 로드했습니다.
07-Jun-2026 22:32:44.665 정보 [main] org.apache.catalina.core.AprLifecycleListener.lifecycleEvent APR 용량정보들: IPv6 [true], sendfile [true], accept filters [false], random [true], UDS [true].
07-Jun-2026 22:32:44.665 정보 [main] org.apache.catalina.core.AprLifecycleListener.lifecycleEvent APR/OpenSSL 설정: useAprConnector [false], useOpenSSL [true]
07-Jun-2026 22:32:44.669 정보 [main] org.apache.catalina.core.AprLifecycleListener.initializeSSL OpenSSL이 성공적으로 초기화되었습니다: [OpenSSL 3.0.19 27 Jan 2026]
07-Jun-2026 22:32:44.798 정보 [main] org.apache.coyote.AbstractProtocol.init 프로토콜 핸들러 ["http-nio-8080"]을(를) 초기화합니다.
07-Jun-2026 22:32:44.804 심각 [main] org.apache.catalina.util.LifecycleBase.handleSubClassException 구성요소 [Connector["http-nio-8080"]]을(를) 초기화하지 못했습니다.
	org.apache.catalina.LifecycleException: 프로토콜 핸들러 초기화가 실패했습니다.
		at org.apache.catalina.connector.Connector.initInternal(Connector.java:1084)
		at org.apache.catalina.util.LifecycleBase.init(LifecycleBase.java:122)
		at org.apache.catalina.core.StandardService.initInternal(StandardService.java:520)
		at org.apache.catalina.util.LifecycleBase.init(LifecycleBase.java:122)
		at org.apache.catalina.core.StandardServer.initInternal(StandardServer.java:984)
		at org.apache.catalina.util.LifecycleBase.init(LifecycleBase.java:122)
		at org.apache.catalina.startup.Catalina.load(Catalina.java:687)
		at org.apache.catalina.startup.Catalina.load(Catalina.java:710)
		at sun.reflect.NativeMethodAccessorImpl.invoke0(Native Method)
		at sun.reflect.NativeMethodAccessorImpl.invoke(NativeMethodAccessorImpl.java:62)
		at sun.reflect.DelegatingMethodAccessorImpl.invoke(DelegatingMethodAccessorImpl.java:43)
		at java.lang.reflect.Method.invoke(Method.java:498)
		at org.apache.catalina.startup.Bootstrap.load(Bootstrap.java:299)
		at org.apache.catalina.startup.Bootstrap.main(Bootstrap.java:472)
	Caused by: java.net.BindException: Address already in use: bind
		at sun.nio.ch.Net.bind0(Native Method)
		at sun.nio.ch.Net.bind(Net.java:461)
		at sun.nio.ch.Net.bind(Net.java:453)
		at sun.nio.ch.ServerSocketChannelImpl.bind(ServerSocketChannelImpl.java:222)
		at org.apache.tomcat.util.net.NioEndpoint.initServerSocket(NioEndpoint.java:296)
		at org.apache.tomcat.util.net.NioEndpoint.bind(NioEndpoint.java:251)
		at org.apache.tomcat.util.net.AbstractEndpoint.bindWithCleanup(AbstractEndpoint.java:1500)
		at org.apache.tomcat.util.net.AbstractEndpoint.init(AbstractEndpoint.java:1513)
		at org.apache.coyote.AbstractProtocol.init(AbstractProtocol.java:966)
		at org.apache.coyote.http11.AbstractHttp11Protocol.init(AbstractHttp11Protocol.java:80)
		at org.apache.catalina.connector.Connector.initInternal(Connector.java:1082)
		... 13 more
07-Jun-2026 22:32:44.805 정보 [main] org.apache.catalina.startup.Catalina.load [246] 밀리초 내에 서버가 초기화되었습니다.
07-Jun-2026 22:32:44.824 정보 [main] org.apache.catalina.core.StandardService.startInternal 서비스 [Catalina]을(를) 시작합니다.
07-Jun-2026 22:32:44.824 정보 [main] org.apache.catalina.core.StandardEngine.startInternal 서버 엔진을 시작합니다: [Apache Tomcat/9.0.118]
07-Jun-2026 22:32:44.829 정보 [main] org.apache.catalina.startup.HostConfig.deployDescriptor 배치 descriptor [C:\dev\workspace\java_crud\conf\Catalina\localhost\ROOT.xml]을(를) 배치합니다.
07-Jun-2026 22:32:44.857 경고 [main] org.apache.catalina.webresources.DirResourceSet.initInternal Disabled the global canonical file name cache to protect against CVE-2024-56337 when starting the WebResourceSet at [C:\dev\workspace\java_crud\target\classes] which is part of the web application []
07-Jun-2026 22:32:45.839 정보 [main] org.apache.jasper.servlet.TldScanner.scanJars 적어도 하나의 JAR가 TLD들을 찾기 위해 스캔되었으나 아무 것도 찾지 못했습니다. 스캔했으나 TLD가 없는 JAR들의 전체 목록을 보시려면, 로그 레벨을 디버그 레벨로 설정하십시오. 스캔 과정에서 불필요한 JAR들을 건너뛰면, 시스템 시작 시간과 JSP 컴파일 시간을 단축시킬 수 있습니다.
07-Jun-2026 22:32:46.024 정보 [main] org.springframework.web.servlet.FrameworkServlet.initServletBean Initializing Servlet 'dispatcher'
07-Jun-2026 22:32:46.769 경고 [main] org.springframework.context.support.AbstractApplicationContext.refresh Exception encountered during context initialization - cancelling refresh attempt: org.springframework.beans.factory.UnsatisfiedDependencyException: Error creating bean with name 'boardService': Unsatisfied dependency expressed through field 'boardDAO'; nested exception is org.springframework.beans.factory.NoSuchBeanDefinitionException: No qualifying bean of type 'com.crud.dao.BoardDAO' available: expected at least 1 bean which qualifies as autowire candidate. Dependency annotations: {@org.springframework.beans.factory.annotation.Autowired(required=true)}
07-Jun-2026 22:32:46.772 심각 [main] org.springframework.web.servlet.FrameworkServlet.initServletBean Context initialization failed
	org.springframework.beans.factory.UnsatisfiedDependencyException: Error creating bean with name 'boardService': Unsatisfied dependency expressed through field 'boardDAO'; nested exception is org.springframework.beans.factory.NoSuchBeanDefinitionException: No qualifying bean of type 'com.crud.dao.BoardDAO' available: expected at least 1 bean which qualifies as autowire candidate. Dependency annotations: {@org.springframework.beans.factory.annotation.Autowired(required=true)}
		at org.springframework.beans.factory.annotation.AutowiredAnnotationBeanPostProcessor$AutowiredFieldElement.resolveFieldValue(AutowiredAnnotationBeanPostProcessor.java:713)
		at org.springframework.beans.factory.annotation.AutowiredAnnotationBeanPostProcessor$AutowiredFieldElement.inject(AutowiredAnnotationBeanPostProcessor.java:693)
		at org.springframework.beans.factory.annotation.InjectionMetadata.inject(InjectionMetadata.java:119)
		at org.springframework.beans.factory.annotation.AutowiredAnnotationBeanPostProcessor.postProcessProperties(AutowiredAnnotationBeanPostProcessor.java:408)
		at org.springframework.beans.factory.support.AbstractAutowireCapableBeanFactory.populateBean(AbstractAutowireCapableBeanFactory.java:1431)
		at org.springframework.beans.factory.support.AbstractAutowireCapableBeanFactory.doCreateBean(AbstractAutowireCapableBeanFactory.java:619)
		at org.springframework.beans.factory.support.AbstractAutowireCapableBeanFactory.createBean(AbstractAutowireCapableBeanFactory.java:542)
		at org.springframework.beans.factory.support.AbstractBeanFactory.lambda$doGetBean$0(AbstractBeanFactory.java:336)
		at org.springframework.beans.factory.support.DefaultSingletonBeanRegistry.getSingleton(DefaultSingletonBeanRegistry.java:234)
		at org.springframework.beans.factory.support.AbstractBeanFactory.doGetBean(AbstractBeanFactory.java:334)
		at org.springframework.beans.factory.support.AbstractBeanFactory.getBean(AbstractBeanFactory.java:209)
		at org.springframework.beans.factory.support.DefaultListableBeanFactory.preInstantiateSingletons(DefaultListableBeanFactory.java:955)
		at org.springframework.context.support.AbstractApplicationContext.finishBeanFactoryInitialization(AbstractApplicationContext.java:932)
		at org.springframework.context.support.AbstractApplicationContext.refresh(AbstractApplicationContext.java:591)
		at org.springframework.web.servlet.FrameworkServlet.configureAndRefreshWebApplicationContext(FrameworkServlet.java:702)
		at org.springframework.web.servlet.FrameworkServlet.createWebApplicationContext(FrameworkServlet.java:668)
		at org.springframework.web.servlet.FrameworkServlet.createWebApplicationContext(FrameworkServlet.java:716)
		at org.springframework.web.servlet.FrameworkServlet.initWebApplicationContext(FrameworkServlet.java:591)
		at org.springframework.web.servlet.FrameworkServlet.initServletBean(FrameworkServlet.java:530)
		at org.springframework.web.servlet.HttpServletBean.init(HttpServletBean.java:170)
		at javax.servlet.GenericServlet.init(GenericServlet.java:143)
		at org.apache.catalina.core.StandardWrapper.initServlet(StandardWrapper.java:986)
		at org.apache.catalina.core.StandardWrapper.loadServlet(StandardWrapper.java:943)
		at org.apache.catalina.core.StandardWrapper.load(StandardWrapper.java:840)
		at org.apache.catalina.core.StandardContext.loadOnStartup(StandardContext.java:4226)
		at org.apache.catalina.core.StandardContext.startInternal(StandardContext.java:4527)
		at org.apache.catalina.util.LifecycleBase.start(LifecycleBase.java:164)
		at org.apache.catalina.core.ContainerBase.addChildInternal(ContainerBase.java:597)
		at org.apache.catalina.core.ContainerBase.addChild(ContainerBase.java:569)
		at org.apache.catalina.core.StandardHost.addChild(StandardHost.java:608)
		at org.apache.catalina.startup.HostConfig.deployDescriptor(HostConfig.java:677)
		at org.apache.catalina.startup.HostConfig$DeployDescriptor.run(HostConfig.java:1836)
		at java.util.concurrent.Executors$RunnableAdapter.call(Executors.java:511)
		at java.util.concurrent.FutureTask.run(FutureTask.java:266)
		at org.apache.tomcat.util.threads.InlineExecutorService.execute(InlineExecutorService.java:82)
		at java.util.concurrent.AbstractExecutorService.submit(AbstractExecutorService.java:112)
		at org.apache.catalina.startup.HostConfig.deployDescriptors(HostConfig.java:572)
		at org.apache.catalina.startup.HostConfig.deployApps(HostConfig.java:463)
		at org.apache.catalina.startup.HostConfig.start(HostConfig.java:1576)
		at org.apache.catalina.startup.HostConfig.lifecycleEvent(HostConfig.java:309)
		at org.apache.catalina.util.LifecycleBase.fireLifecycleEvent(LifecycleBase.java:109)
		at org.apache.catalina.util.LifecycleBase.setStateInternal(LifecycleBase.java:389)
		at org.apache.catalina.util.LifecycleBase.setState(LifecycleBase.java:336)
		at org.apache.catalina.core.ContainerBase.startInternal(ContainerBase.java:774)
		at org.apache.catalina.core.StandardHost.startInternal(StandardHost.java:726)
		at org.apache.catalina.util.LifecycleBase.start(LifecycleBase.java:164)
		at org.apache.catalina.core.ContainerBase$StartChild.call(ContainerBase.java:1201)
		at org.apache.catalina.core.ContainerBase$StartChild.call(ContainerBase.java:1191)
		at java.util.concurrent.FutureTask.run(FutureTask.java:266)
		at org.apache.tomcat.util.threads.InlineExecutorService.execute(InlineExecutorService.java:82)
		at java.util.concurrent.AbstractExecutorService.submit(AbstractExecutorService.java:134)
		at org.apache.catalina.core.ContainerBase.startInternal(ContainerBase.java:747)
		at org.apache.catalina.core.StandardEngine.startInternal(StandardEngine.java:209)
		at org.apache.catalina.util.LifecycleBase.start(LifecycleBase.java:164)
		at org.apache.catalina.core.StandardService.startInternal(StandardService.java:410)
		at org.apache.catalina.util.LifecycleBase.start(LifecycleBase.java:164)
		at org.apache.catalina.core.StandardServer.startInternal(StandardServer.java:872)
		at org.apache.catalina.util.LifecycleBase.start(LifecycleBase.java:164)
		at org.apache.catalina.startup.Catalina.start(Catalina.java:736)
		at sun.reflect.NativeMethodAccessorImpl.invoke0(Native Method)
		at sun.reflect.NativeMethodAccessorImpl.invoke(NativeMethodAccessorImpl.java:62)
		at sun.reflect.DelegatingMethodAccessorImpl.invoke(DelegatingMethodAccessorImpl.java:43)
		at java.lang.reflect.Method.invoke(Method.java:498)
		at org.apache.catalina.startup.Bootstrap.start(Bootstrap.java:342)
		at org.apache.catalina.startup.Bootstrap.main(Bootstrap.java:473)
	Caused by: org.springframework.beans.factory.NoSuchBeanDefinitionException: No qualifying bean of type 'com.crud.dao.BoardDAO' available: expected at least 1 bean which qualifies as autowire candidate. Dependency annotations: {@org.springframework.beans.factory.annotation.Autowired(required=true)}
		at org.springframework.beans.factory.support.DefaultListableBeanFactory.raiseNoMatchingBeanFound(DefaultListableBeanFactory.java:1801)
		at org.springframework.beans.factory.support.DefaultListableBeanFactory.doResolveDependency(DefaultListableBeanFactory.java:1357)
		at org.springframework.beans.factory.support.DefaultListableBeanFactory.resolveDependency(DefaultListableBeanFactory.java:1311)
		at org.springframework.beans.factory.annotation.AutowiredAnnotationBeanPostProcessor$AutowiredFieldElement.resolveFieldValue(AutowiredAnnotationBeanPostProcessor.java:710)
		... 64 more
07-Jun-2026 22:32:46.781 정보 [main] org.apache.catalina.startup.HostConfig.deployDescriptor 배치 descriptor [C:\dev\workspace\java_crud\conf\Catalina\localhost\ROOT.xml]의 배치가 [1,950] 밀리초 내에 완료되었습니다.
07-Jun-2026 22:32:46.783 정보 [main] org.apache.catalina.startup.Catalina.start 서버가 [1978] 밀리초 내에 시작되었습니다.
07-Jun-2026 22:32:46.786 심각 [main] org.apache.catalina.core.StandardServer.await 주소 [localhost]와(과) 포트 [8005]에, 서버 셧다운 소켓을 생성하지 못했습니다. (base 포트 [8005], offset [0])
	java.net.BindException: Address already in use: JVM_Bind
		at java.net.DualStackPlainSocketImpl.bind0(Native Method)
		at java.net.DualStackPlainSocketImpl.socketBind(DualStackPlainSocketImpl.java:106)
		at java.net.AbstractPlainSocketImpl.bind(AbstractPlainSocketImpl.java:387)
		at java.net.PlainSocketImpl.bind(PlainSocketImpl.java:190)
		at java.net.ServerSocket.bind(ServerSocket.java:390)
		at java.net.ServerSocket.<init>(ServerSocket.java:252)
		at org.apache.catalina.core.StandardServer.await(StandardServer.java:535)
		at org.apache.catalina.startup.Catalina.await(Catalina.java:826)
		at org.apache.catalina.startup.Catalina.start(Catalina.java:774)
		at sun.reflect.NativeMethodAccessorImpl.invoke0(Native Method)
		at sun.reflect.NativeMethodAccessorImpl.invoke(NativeMethodAccessorImpl.java:62)
		at sun.reflect.DelegatingMethodAccessorImpl.invoke(DelegatingMethodAccessorImpl.java:43)
		at java.lang.reflect.Method.invoke(Method.java:498)
		at org.apache.catalina.startup.Bootstrap.start(Bootstrap.java:342)
		at org.apache.catalina.startup.Bootstrap.main(Bootstrap.java:473)
07-Jun-2026 22:32:46.787 정보 [main] org.apache.coyote.AbstractProtocol.pause 프로토콜 핸들러 ["http-nio-8080"]을(를) 일시 정지 중
07-Jun-2026 22:32:46.787 정보 [main] org.apache.catalina.core.StandardService.stopInternal 서비스 [Catalina]을(를) 중지시킵니다.
07-Jun-2026 22:32:46.790 정보 [main] org.apache.coyote.AbstractProtocol.stop 프로토콜 핸들러 ["http-nio-8080"]을(를) 중지시킵니다.
07-Jun-2026 22:32:46.790 정보 [main] org.apache.coyote.AbstractProtocol.destroy 프로토콜 핸들러 ["http-nio-8080"]을(를) 소멸시킵니다.
07-Jun-2026 22:32:54.470 정보 [main] org.apache.catalina.startup.VersionLoggerListener.log 서버 버전 이름:    Apache Tomcat/9.0.118
07-Jun-2026 22:32:54.473 정보 [main] org.apache.catalina.startup.VersionLoggerListener.log Server 빌드 시각:  May 1 2026 19:30:30 UTC
07-Jun-2026 22:32:54.473 정보 [main] org.apache.catalina.startup.VersionLoggerListener.log Server 버전 번호:  9.0.118.0
07-Jun-2026 22:32:54.473 정보 [main] org.apache.catalina.startup.VersionLoggerListener.log 운영체제 이름:     Windows 11
07-Jun-2026 22:32:54.473 정보 [main] org.apache.catalina.startup.VersionLoggerListener.log 운영체제 버전:     10.0
07-Jun-2026 22:32:54.473 정보 [main] org.apache.catalina.startup.VersionLoggerListener.log 아키텍처:          amd64
07-Jun-2026 22:32:54.474 정보 [main] org.apache.catalina.startup.VersionLoggerListener.log 자바 홈:           C:\Users\User\.jdks\corretto-1.8.0_492\jre
07-Jun-2026 22:32:54.474 정보 [main] org.apache.catalina.startup.VersionLoggerListener.log JVM 버전:          1.8.0_492-b09
07-Jun-2026 22:32:54.474 정보 [main] org.apache.catalina.startup.VersionLoggerListener.log JVM 벤더:          Amazon.com Inc.
07-Jun-2026 22:32:54.474 정보 [main] org.apache.catalina.startup.VersionLoggerListener.log CATALINA_BASE:     C:\dev\workspace\java_crud
07-Jun-2026 22:32:54.474 정보 [main] org.apache.catalina.startup.VersionLoggerListener.log CATALINA_HOME:     C:\apache-tomcat-9.0.118
07-Jun-2026 22:32:54.474 정보 [main] org.apache.catalina.startup.VersionLoggerListener.log 명령 행 아규먼트:  -Dcatalina.home=C:\apache-tomcat-9.0.118
07-Jun-2026 22:32:54.474 정보 [main] org.apache.catalina.startup.VersionLoggerListener.log 명령 행 아규먼트:  -Dcatalina.base=C:\dev\workspace\java_crud
07-Jun-2026 22:32:54.474 정보 [main] org.apache.catalina.startup.VersionLoggerListener.log 명령 행 아규먼트:  -Djava.io.tmpdir=C:\dev\workspace\java_crud\temp
07-Jun-2026 22:32:54.474 정보 [main] org.apache.catalina.startup.VersionLoggerListener.log 명령 행 아규먼트:  -Djava.util.logging.config.file=C:\dev\workspace\java_crud\conf\logging.properties
07-Jun-2026 22:32:54.475 정보 [main] org.apache.catalina.startup.VersionLoggerListener.log 명령 행 아규먼트:  -Djava.util.logging.manager=org.apache.juli.ClassLoaderLogManager
07-Jun-2026 22:32:54.475 정보 [main] org.apache.catalina.startup.VersionLoggerListener.log 명령 행 아규먼트:  -javaagent:C:\Program Files\JetBrains\IntelliJ IDEA 2025.3.2\lib\idea_rt.jar=62080
07-Jun-2026 22:32:54.475 정보 [main] org.apache.catalina.startup.VersionLoggerListener.log 명령 행 아규먼트:  -Dfile.encoding=UTF-8
07-Jun-2026 22:32:54.478 정보 [main] org.apache.catalina.core.AprLifecycleListener.lifecycleEvent APR 버전 [1.7.6]을(를) 사용한, APR 기반 Apache Tomcat Native 라이브러리 [1.3.7]을(를) 로드했습니다.
07-Jun-2026 22:32:54.478 정보 [main] org.apache.catalina.core.AprLifecycleListener.lifecycleEvent APR 용량정보들: IPv6 [true], sendfile [true], accept filters [false], random [true], UDS [true].
07-Jun-2026 22:32:54.478 정보 [main] org.apache.catalina.core.AprLifecycleListener.lifecycleEvent APR/OpenSSL 설정: useAprConnector [false], useOpenSSL [true]
07-Jun-2026 22:32:54.482 정보 [main] org.apache.catalina.core.AprLifecycleListener.initializeSSL OpenSSL이 성공적으로 초기화되었습니다: [OpenSSL 3.0.19 27 Jan 2026]
07-Jun-2026 22:32:54.611 정보 [main] org.apache.coyote.AbstractProtocol.init 프로토콜 핸들러 ["http-nio-8080"]을(를) 초기화합니다.
07-Jun-2026 22:32:54.619 정보 [main] org.apache.catalina.startup.Catalina.load [244] 밀리초 내에 서버가 초기화되었습니다.
07-Jun-2026 22:32:54.637 정보 [main] org.apache.catalina.core.StandardService.startInternal 서비스 [Catalina]을(를) 시작합니다.
07-Jun-2026 22:32:54.637 정보 [main] org.apache.catalina.core.StandardEngine.startInternal 서버 엔진을 시작합니다: [Apache Tomcat/9.0.118]
07-Jun-2026 22:32:54.643 정보 [main] org.apache.catalina.startup.HostConfig.deployDescriptor 배치 descriptor [C:\dev\workspace\java_crud\conf\Catalina\localhost\ROOT.xml]을(를) 배치합니다.
07-Jun-2026 22:32:54.667 경고 [main] org.apache.catalina.webresources.DirResourceSet.initInternal Disabled the global canonical file name cache to protect against CVE-2024-56337 when starting the WebResourceSet at [C:\dev\workspace\java_crud\target\classes] which is part of the web application []
07-Jun-2026 22:32:55.642 정보 [main] org.apache.jasper.servlet.TldScanner.scanJars 적어도 하나의 JAR가 TLD들을 찾기 위해 스캔되었으나 아무 것도 찾지 못했습니다. 스캔했으나 TLD가 없는 JAR들의 전체 목록을 보시려면, 로그 레벨을 디버그 레벨로 설정하십시오. 스캔 과정에서 불필요한 JAR들을 건너뛰면, 시스템 시작 시간과 JSP 컴파일 시간을 단축시킬 수 있습니다.
07-Jun-2026 22:32:55.849 정보 [main] org.springframework.web.servlet.FrameworkServlet.initServletBean Initializing Servlet 'dispatcher'
07-Jun-2026 22:32:56.569 경고 [main] org.springframework.context.support.AbstractApplicationContext.refresh Exception encountered during context initialization - cancelling refresh attempt: org.springframework.beans.factory.UnsatisfiedDependencyException: Error creating bean with name 'boardService': Unsatisfied dependency expressed through field 'boardDAO'; nested exception is org.springframework.beans.factory.NoSuchBeanDefinitionException: No qualifying bean of type 'com.crud.dao.BoardDAO' available: expected at least 1 bean which qualifies as autowire candidate. Dependency annotations: {@org.springframework.beans.factory.annotation.Autowired(required=true)}
07-Jun-2026 22:32:56.572 심각 [main] org.springframework.web.servlet.FrameworkServlet.initServletBean Context initialization failed
	org.springframework.beans.factory.UnsatisfiedDependencyException: Error creating bean with name 'boardService': Unsatisfied dependency expressed through field 'boardDAO'; nested exception is org.springframework.beans.factory.NoSuchBeanDefinitionException: No qualifying bean of type 'com.crud.dao.BoardDAO' available: expected at least 1 bean which qualifies as autowire candidate. Dependency annotations: {@org.springframework.beans.factory.annotation.Autowired(required=true)}
		at org.springframework.beans.factory.annotation.AutowiredAnnotationBeanPostProcessor$AutowiredFieldElement.resolveFieldValue(AutowiredAnnotationBeanPostProcessor.java:713)
		at org.springframework.beans.factory.annotation.AutowiredAnnotationBeanPostProcessor$AutowiredFieldElement.inject(AutowiredAnnotationBeanPostProcessor.java:693)
		at org.springframework.beans.factory.annotation.InjectionMetadata.inject(InjectionMetadata.java:119)
		at org.springframework.beans.factory.annotation.AutowiredAnnotationBeanPostProcessor.postProcessProperties(AutowiredAnnotationBeanPostProcessor.java:408)
		at org.springframework.beans.factory.support.AbstractAutowireCapableBeanFactory.populateBean(AbstractAutowireCapableBeanFactory.java:1431)
		at org.springframework.beans.factory.support.AbstractAutowireCapableBeanFactory.doCreateBean(AbstractAutowireCapableBeanFactory.java:619)
		at org.springframework.beans.factory.support.AbstractAutowireCapableBeanFactory.createBean(AbstractAutowireCapableBeanFactory.java:542)
		at org.springframework.beans.factory.support.AbstractBeanFactory.lambda$doGetBean$0(AbstractBeanFactory.java:336)
		at org.springframework.beans.factory.support.DefaultSingletonBeanRegistry.getSingleton(DefaultSingletonBeanRegistry.java:234)
		at org.springframework.beans.factory.support.AbstractBeanFactory.doGetBean(AbstractBeanFactory.java:334)
		at org.springframework.beans.factory.support.AbstractBeanFactory.getBean(AbstractBeanFactory.java:209)
		at org.springframework.beans.factory.support.DefaultListableBeanFactory.preInstantiateSingletons(DefaultListableBeanFactory.java:955)
		at org.springframework.context.support.AbstractApplicationContext.finishBeanFactoryInitialization(AbstractApplicationContext.java:932)
		at org.springframework.context.support.AbstractApplicationContext.refresh(AbstractApplicationContext.java:591)
		at org.springframework.web.servlet.FrameworkServlet.configureAndRefreshWebApplicationContext(FrameworkServlet.java:702)
		at org.springframework.web.servlet.FrameworkServlet.createWebApplicationContext(FrameworkServlet.java:668)
		at org.springframework.web.servlet.FrameworkServlet.createWebApplicationContext(FrameworkServlet.java:716)
		at org.springframework.web.servlet.FrameworkServlet.initWebApplicationContext(FrameworkServlet.java:591)
		at org.springframework.web.servlet.FrameworkServlet.initServletBean(FrameworkServlet.java:530)
		at org.springframework.web.servlet.HttpServletBean.init(HttpServletBean.java:170)
		at javax.servlet.GenericServlet.init(GenericServlet.java:143)
		at org.apache.catalina.core.StandardWrapper.initServlet(StandardWrapper.java:986)
		at org.apache.catalina.core.StandardWrapper.loadServlet(StandardWrapper.java:943)
		at org.apache.catalina.core.StandardWrapper.load(StandardWrapper.java:840)
		at org.apache.catalina.core.StandardContext.loadOnStartup(StandardContext.java:4226)
		at org.apache.catalina.core.StandardContext.startInternal(StandardContext.java:4527)
		at org.apache.catalina.util.LifecycleBase.start(LifecycleBase.java:164)
		at org.apache.catalina.core.ContainerBase.addChildInternal(ContainerBase.java:597)
		at org.apache.catalina.core.ContainerBase.addChild(ContainerBase.java:569)
		at org.apache.catalina.core.StandardHost.addChild(StandardHost.java:608)
		at org.apache.catalina.startup.HostConfig.deployDescriptor(HostConfig.java:677)
		at org.apache.catalina.startup.HostConfig$DeployDescriptor.run(HostConfig.java:1836)
		at java.util.concurrent.Executors$RunnableAdapter.call(Executors.java:511)
		at java.util.concurrent.FutureTask.run(FutureTask.java:266)
		at org.apache.tomcat.util.threads.InlineExecutorService.execute(InlineExecutorService.java:82)
		at java.util.concurrent.AbstractExecutorService.submit(AbstractExecutorService.java:112)
		at org.apache.catalina.startup.HostConfig.deployDescriptors(HostConfig.java:572)
		at org.apache.catalina.startup.HostConfig.deployApps(HostConfig.java:463)
		at org.apache.catalina.startup.HostConfig.start(HostConfig.java:1576)
		at org.apache.catalina.startup.HostConfig.lifecycleEvent(HostConfig.java:309)
		at org.apache.catalina.util.LifecycleBase.fireLifecycleEvent(LifecycleBase.java:109)
		at org.apache.catalina.util.LifecycleBase.setStateInternal(LifecycleBase.java:389)
		at org.apache.catalina.util.LifecycleBase.setState(LifecycleBase.java:336)
		at org.apache.catalina.core.ContainerBase.startInternal(ContainerBase.java:774)
		at org.apache.catalina.core.StandardHost.startInternal(StandardHost.java:726)
		at org.apache.catalina.util.LifecycleBase.start(LifecycleBase.java:164)
		at org.apache.catalina.core.ContainerBase$StartChild.call(ContainerBase.java:1201)
		at org.apache.catalina.core.ContainerBase$StartChild.call(ContainerBase.java:1191)
		at java.util.concurrent.FutureTask.run(FutureTask.java:266)
		at org.apache.tomcat.util.threads.InlineExecutorService.execute(InlineExecutorService.java:82)
		at java.util.concurrent.AbstractExecutorService.submit(AbstractExecutorService.java:134)
		at org.apache.catalina.core.ContainerBase.startInternal(ContainerBase.java:747)
		at org.apache.catalina.core.StandardEngine.startInternal(StandardEngine.java:209)
		at org.apache.catalina.util.LifecycleBase.start(LifecycleBase.java:164)
		at org.apache.catalina.core.StandardService.startInternal(StandardService.java:410)
		at org.apache.catalina.util.LifecycleBase.start(LifecycleBase.java:164)
		at org.apache.catalina.core.StandardServer.startInternal(StandardServer.java:872)
		at org.apache.catalina.util.LifecycleBase.start(LifecycleBase.java:164)
		at org.apache.catalina.startup.Catalina.start(Catalina.java:736)
		at sun.reflect.NativeMethodAccessorImpl.invoke0(Native Method)
		at sun.reflect.NativeMethodAccessorImpl.invoke(NativeMethodAccessorImpl.java:62)
		at sun.reflect.DelegatingMethodAccessorImpl.invoke(DelegatingMethodAccessorImpl.java:43)
		at java.lang.reflect.Method.invoke(Method.java:498)
		at org.apache.catalina.startup.Bootstrap.start(Bootstrap.java:342)
		at org.apache.catalina.startup.Bootstrap.main(Bootstrap.java:473)
	Caused by: org.springframework.beans.factory.NoSuchBeanDefinitionException: No qualifying bean of type 'com.crud.dao.BoardDAO' available: expected at least 1 bean which qualifies as autowire candidate. Dependency annotations: {@org.springframework.beans.factory.annotation.Autowired(required=true)}
		at org.springframework.beans.factory.support.DefaultListableBeanFactory.raiseNoMatchingBeanFound(DefaultListableBeanFactory.java:1801)
		at org.springframework.beans.factory.support.DefaultListableBeanFactory.doResolveDependency(DefaultListableBeanFactory.java:1357)
		at org.springframework.beans.factory.support.DefaultListableBeanFactory.resolveDependency(DefaultListableBeanFactory.java:1311)
		at org.springframework.beans.factory.annotation.AutowiredAnnotationBeanPostProcessor$AutowiredFieldElement.resolveFieldValue(AutowiredAnnotationBeanPostProcessor.java:710)
		... 64 more
07-Jun-2026 22:32:56.584 정보 [main] org.apache.catalina.startup.HostConfig.deployDescriptor 배치 descriptor [C:\dev\workspace\java_crud\conf\Catalina\localhost\ROOT.xml]의 배치가 [1,941] 밀리초 내에 완료되었습니다.
07-Jun-2026 22:32:56.586 정보 [main] org.apache.coyote.AbstractProtocol.start 프로토콜 핸들러 ["http-nio-8080"]을(를) 시작합니다.
07-Jun-2026 22:32:56.595 정보 [main] org.apache.catalina.startup.Catalina.start 서버가 [1975] 밀리초 내에 시작되었습니다.
07-Jun-2026 22:32:58.063 정보 [http-nio-8080-exec-1] org.springframework.web.servlet.FrameworkServlet.initServletBean Initializing Servlet 'dispatcher'
07-Jun-2026 22:32:58.149 경고 [http-nio-8080-exec-1] org.springframework.context.support.AbstractApplicationContext.refresh Exception encountered during context initialization - cancelling refresh attempt: org.springframework.beans.factory.UnsatisfiedDependencyException: Error creating bean with name 'boardService': Unsatisfied dependency expressed through field 'boardDAO'; nested exception is org.springframework.beans.factory.NoSuchBeanDefinitionException: No qualifying bean of type 'com.crud.dao.BoardDAO' available: expected at least 1 bean which qualifies as autowire candidate. Dependency annotations: {@org.springframework.beans.factory.annotation.Autowired(required=true)}
07-Jun-2026 22:32:58.150 심각 [http-nio-8080-exec-1] org.springframework.web.servlet.FrameworkServlet.initServletBean Context initialization failed
	org.springframework.beans.factory.UnsatisfiedDependencyException: Error creating bean with name 'boardService': Unsatisfied dependency expressed through field 'boardDAO'; nested exception is org.springframework.beans.factory.NoSuchBeanDefinitionException: No qualifying bean of type 'com.crud.dao.BoardDAO' available: expected at least 1 bean which qualifies as autowire candidate. Dependency annotations: {@org.springframework.beans.factory.annotation.Autowired(required=true)}
		at org.springframework.beans.factory.annotation.AutowiredAnnotationBeanPostProcessor$AutowiredFieldElement.resolveFieldValue(AutowiredAnnotationBeanPostProcessor.java:713)
		at org.springframework.beans.factory.annotation.AutowiredAnnotationBeanPostProcessor$AutowiredFieldElement.inject(AutowiredAnnotationBeanPostProcessor.java:693)
		at org.springframework.beans.factory.annotation.InjectionMetadata.inject(InjectionMetadata.java:119)
		at org.springframework.beans.factory.annotation.AutowiredAnnotationBeanPostProcessor.postProcessProperties(AutowiredAnnotationBeanPostProcessor.java:408)
		at org.springframework.beans.factory.support.AbstractAutowireCapableBeanFactory.populateBean(AbstractAutowireCapableBeanFactory.java:1431)
		at org.springframework.beans.factory.support.AbstractAutowireCapableBeanFactory.doCreateBean(AbstractAutowireCapableBeanFactory.java:619)
		at org.springframework.beans.factory.support.AbstractAutowireCapableBeanFactory.createBean(AbstractAutowireCapableBeanFactory.java:542)
		at org.springframework.beans.factory.support.AbstractBeanFactory.lambda$doGetBean$0(AbstractBeanFactory.java:336)
		at org.springframework.beans.factory.support.DefaultSingletonBeanRegistry.getSingleton(DefaultSingletonBeanRegistry.java:234)
		at org.springframework.beans.factory.support.AbstractBeanFactory.doGetBean(AbstractBeanFactory.java:334)
		at org.springframework.beans.factory.support.AbstractBeanFactory.getBean(AbstractBeanFactory.java:209)
		at org.springframework.beans.factory.support.DefaultListableBeanFactory.preInstantiateSingletons(DefaultListableBeanFactory.java:955)
		at org.springframework.context.support.AbstractApplicationContext.finishBeanFactoryInitialization(AbstractApplicationContext.java:932)
		at org.springframework.context.support.AbstractApplicationContext.refresh(AbstractApplicationContext.java:591)
		at org.springframework.web.servlet.FrameworkServlet.configureAndRefreshWebApplicationContext(FrameworkServlet.java:702)
		at org.springframework.web.servlet.FrameworkServlet.createWebApplicationContext(FrameworkServlet.java:668)
		at org.springframework.web.servlet.FrameworkServlet.createWebApplicationContext(FrameworkServlet.java:716)
		at org.springframework.web.servlet.FrameworkServlet.initWebApplicationContext(FrameworkServlet.java:591)
		at org.springframework.web.servlet.FrameworkServlet.initServletBean(FrameworkServlet.java:530)
		at org.springframework.web.servlet.HttpServletBean.init(HttpServletBean.java:170)
		at javax.servlet.GenericServlet.init(GenericServlet.java:143)
		at org.apache.catalina.core.StandardWrapper.initServlet(StandardWrapper.java:986)
		at org.apache.catalina.core.StandardWrapper.loadServlet(StandardWrapper.java:943)
		at org.apache.catalina.core.StandardWrapper.allocate(StandardWrapper.java:661)
		at org.apache.catalina.core.StandardWrapperValve.invoke(StandardWrapperValve.java:114)
		at org.apache.catalina.core.StandardContextValve.invoke(StandardContextValve.java:88)
		at org.apache.catalina.authenticator.AuthenticatorBase.invoke(AuthenticatorBase.java:491)
		at org.apache.catalina.core.StandardHostValve.invoke(StandardHostValve.java:127)
		at org.apache.catalina.valves.ErrorReportValve.invoke(ErrorReportValve.java:83)
		at org.apache.catalina.valves.AbstractAccessLogValve.invoke(AbstractAccessLogValve.java:764)
		at org.apache.catalina.core.StandardEngineValve.invoke(StandardEngineValve.java:72)
		at org.apache.catalina.connector.CoyoteAdapter.service(CoyoteAdapter.java:344)
		at org.apache.coyote.http11.Http11Processor.service(Http11Processor.java:398)
		at org.apache.coyote.AbstractProcessorLight.process(AbstractProcessorLight.java:63)
		at org.apache.coyote.AbstractProtocol$ConnectionHandler.process(AbstractProtocol.java:1309)
		at org.apache.tomcat.util.net.NioEndpoint$SocketProcessor.doRun(NioEndpoint.java:1854)
		at org.apache.tomcat.util.net.SocketProcessorBase.run(SocketProcessorBase.java:52)
		at org.apache.tomcat.util.threads.ThreadPoolExecutor.runWorker(ThreadPoolExecutor.java:973)
		at org.apache.tomcat.util.threads.ThreadPoolExecutor$Worker.run(ThreadPoolExecutor.java:491)
		at org.apache.tomcat.util.threads.TaskThread$WrappingRunnable.run(TaskThread.java:63)
		at java.lang.Thread.run(Thread.java:750)
	Caused by: org.springframework.beans.factory.NoSuchBeanDefinitionException: No qualifying bean of type 'com.crud.dao.BoardDAO' available: expected at least 1 bean which qualifies as autowire candidate. Dependency annotations: {@org.springframework.beans.factory.annotation.Autowired(required=true)}
		at org.springframework.beans.factory.support.DefaultListableBeanFactory.raiseNoMatchingBeanFound(DefaultListableBeanFactory.java:1801)
		at org.springframework.beans.factory.support.DefaultListableBeanFactory.doResolveDependency(DefaultListableBeanFactory.java:1357)
		at org.springframework.beans.factory.support.DefaultListableBeanFactory.resolveDependency(DefaultListableBeanFactory.java:1311)
		at org.springframework.beans.factory.annotation.AutowiredAnnotationBeanPostProcessor$AutowiredFieldElement.resolveFieldValue(AutowiredAnnotationBeanPostProcessor.java:710)
		... 40 more
07-Jun-2026 22:34:29.422 정보 [Thread-2] org.apache.coyote.AbstractProtocol.pause 프로토콜 핸들러 ["http-nio-8080"]을(를) 일시 정지 중
07-Jun-2026 22:34:29.468 정보 [Thread-2] org.apache.catalina.core.StandardService.stopInternal 서비스 [Catalina]을(를) 중지시킵니다.
07-Jun-2026 22:34:29.473 정보 [Thread-2] org.apache.coyote.AbstractProtocol.stop 프로토콜 핸들러 ["http-nio-8080"]을(를) 중지시킵니다.
07-Jun-2026 22:34:29.474 정보 [Thread-2] org.apache.coyote.AbstractProtocol.destroy 프로토콜 핸들러 ["http-nio-8080"]을(를) 소멸시킵니다.
07-Jun-2026 22:34:32.361 정보 [main] org.apache.catalina.startup.VersionLoggerListener.log 서버 버전 이름:    Apache Tomcat/9.0.118
07-Jun-2026 22:34:32.363 정보 [main] org.apache.catalina.startup.VersionLoggerListener.log Server 빌드 시각:  May 1 2026 19:30:30 UTC
07-Jun-2026 22:34:32.363 정보 [main] org.apache.catalina.startup.VersionLoggerListener.log Server 버전 번호:  9.0.118.0
07-Jun-2026 22:34:32.363 정보 [main] org.apache.catalina.startup.VersionLoggerListener.log 운영체제 이름:     Windows 11
07-Jun-2026 22:34:32.363 정보 [main] org.apache.catalina.startup.VersionLoggerListener.log 운영체제 버전:     10.0
07-Jun-2026 22:34:32.363 정보 [main] org.apache.catalina.startup.VersionLoggerListener.log 아키텍처:          amd64
07-Jun-2026 22:34:32.363 정보 [main] org.apache.catalina.startup.VersionLoggerListener.log 자바 홈:           C:\Users\User\.jdks\corretto-1.8.0_492\jre
07-Jun-2026 22:34:32.363 정보 [main] org.apache.catalina.startup.VersionLoggerListener.log JVM 버전:          1.8.0_492-b09
07-Jun-2026 22:34:32.363 정보 [main] org.apache.catalina.startup.VersionLoggerListener.log JVM 벤더:          Amazon.com Inc.
07-Jun-2026 22:34:32.363 정보 [main] org.apache.catalina.startup.VersionLoggerListener.log CATALINA_BASE:     C:\dev\workspace\java_crud
07-Jun-2026 22:34:32.363 정보 [main] org.apache.catalina.startup.VersionLoggerListener.log CATALINA_HOME:     C:\apache-tomcat-9.0.118
07-Jun-2026 22:34:32.365 정보 [main] org.apache.catalina.startup.VersionLoggerListener.log 명령 행 아규먼트:  -Dcatalina.home=C:\apache-tomcat-9.0.118
07-Jun-2026 22:34:32.365 정보 [main] org.apache.catalina.startup.VersionLoggerListener.log 명령 행 아규먼트:  -Dcatalina.base=C:\dev\workspace\java_crud
07-Jun-2026 22:34:32.365 정보 [main] org.apache.catalina.startup.VersionLoggerListener.log 명령 행 아규먼트:  -Djava.io.tmpdir=C:\dev\workspace\java_crud\temp
07-Jun-2026 22:34:32.365 정보 [main] org.apache.catalina.startup.VersionLoggerListener.log 명령 행 아규먼트:  -Djava.util.logging.config.file=C:\dev\workspace\java_crud\conf\logging.properties
07-Jun-2026 22:34:32.365 정보 [main] org.apache.catalina.startup.VersionLoggerListener.log 명령 행 아규먼트:  -Djava.util.logging.manager=org.apache.juli.ClassLoaderLogManager
07-Jun-2026 22:34:32.365 정보 [main] org.apache.catalina.startup.VersionLoggerListener.log 명령 행 아규먼트:  -javaagent:C:\Program Files\JetBrains\IntelliJ IDEA 2025.3.2\lib\idea_rt.jar=61055
07-Jun-2026 22:34:32.365 정보 [main] org.apache.catalina.startup.VersionLoggerListener.log 명령 행 아규먼트:  -Dfile.encoding=UTF-8
07-Jun-2026 22:34:32.368 정보 [main] org.apache.catalina.core.AprLifecycleListener.lifecycleEvent APR 버전 [1.7.6]을(를) 사용한, APR 기반 Apache Tomcat Native 라이브러리 [1.3.7]을(를) 로드했습니다.
07-Jun-2026 22:34:32.368 정보 [main] org.apache.catalina.core.AprLifecycleListener.lifecycleEvent APR 용량정보들: IPv6 [true], sendfile [true], accept filters [false], random [true], UDS [true].
07-Jun-2026 22:34:32.368 정보 [main] org.apache.catalina.core.AprLifecycleListener.lifecycleEvent APR/OpenSSL 설정: useAprConnector [false], useOpenSSL [true]
07-Jun-2026 22:34:32.372 정보 [main] org.apache.catalina.core.AprLifecycleListener.initializeSSL OpenSSL이 성공적으로 초기화되었습니다: [OpenSSL 3.0.19 27 Jan 2026]
07-Jun-2026 22:34:32.514 정보 [main] org.apache.coyote.AbstractProtocol.init 프로토콜 핸들러 ["http-nio-8080"]을(를) 초기화합니다.
07-Jun-2026 22:34:32.523 정보 [main] org.apache.catalina.startup.Catalina.load [266] 밀리초 내에 서버가 초기화되었습니다.
07-Jun-2026 22:34:32.544 정보 [main] org.apache.catalina.core.StandardService.startInternal 서비스 [Catalina]을(를) 시작합니다.
07-Jun-2026 22:34:32.544 정보 [main] org.apache.catalina.core.StandardEngine.startInternal 서버 엔진을 시작합니다: [Apache Tomcat/9.0.118]
07-Jun-2026 22:34:32.551 정보 [main] org.apache.catalina.startup.HostConfig.deployDescriptor 배치 descriptor [C:\dev\workspace\java_crud\conf\Catalina\localhost\ROOT.xml]을(를) 배치합니다.
07-Jun-2026 22:34:32.586 경고 [main] org.apache.catalina.webresources.DirResourceSet.initInternal Disabled the global canonical file name cache to protect against CVE-2024-56337 when starting the WebResourceSet at [C:\dev\workspace\java_crud\target\classes] which is part of the web application []
07-Jun-2026 22:34:33.556 정보 [main] org.apache.jasper.servlet.TldScanner.scanJars 적어도 하나의 JAR가 TLD들을 찾기 위해 스캔되었으나 아무 것도 찾지 못했습니다. 스캔했으나 TLD가 없는 JAR들의 전체 목록을 보시려면, 로그 레벨을 디버그 레벨로 설정하십시오. 스캔 과정에서 불필요한 JAR들을 건너뛰면, 시스템 시작 시간과 JSP 컴파일 시간을 단축시킬 수 있습니다.
07-Jun-2026 22:34:33.751 정보 [main] org.springframework.web.servlet.FrameworkServlet.initServletBean Initializing Servlet 'dispatcher'
07-Jun-2026 22:34:34.466 경고 [main] org.springframework.context.support.AbstractApplicationContext.refresh Exception encountered during context initialization - cancelling refresh attempt: org.springframework.beans.factory.BeanCreationException: Error creating bean with name 'sqlSessionFactory' defined in ServletContext resource [/WEB-INF/dispatcher-servlet.xml]: Initialization of bean failed; nested exception is org.springframework.beans.TypeMismatchException: Failed to convert property value of type 'java.lang.String' to required type 'org.springframework.core.io.Resource[]' for property 'mapperLocations'; nested exception is java.lang.IllegalArgumentException: Could not resolve resource location pattern [classpath:mappers/*.xml]: class path resource [mappers/] cannot be resolved to URL because it does not exist
07-Jun-2026 22:34:34.469 심각 [main] org.springframework.web.servlet.FrameworkServlet.initServletBean Context initialization failed
	org.springframework.beans.factory.BeanCreationException: Error creating bean with name 'sqlSessionFactory' defined in ServletContext resource [/WEB-INF/dispatcher-servlet.xml]: Initialization of bean failed; nested exception is org.springframework.beans.TypeMismatchException: Failed to convert property value of type 'java.lang.String' to required type 'org.springframework.core.io.Resource[]' for property 'mapperLocations'; nested exception is java.lang.IllegalArgumentException: Could not resolve resource location pattern [classpath:mappers/*.xml]: class path resource [mappers/] cannot be resolved to URL because it does not exist
		at org.springframework.beans.factory.support.AbstractAutowireCapableBeanFactory.doCreateBean(AbstractAutowireCapableBeanFactory.java:628)
		at org.springframework.beans.factory.support.AbstractAutowireCapableBeanFactory.createBean(AbstractAutowireCapableBeanFactory.java:542)
		at org.springframework.beans.factory.support.AbstractBeanFactory.lambda$doGetBean$0(AbstractBeanFactory.java:336)
		at org.springframework.beans.factory.support.DefaultSingletonBeanRegistry.getSingleton(DefaultSingletonBeanRegistry.java:234)
		at org.springframework.beans.factory.support.AbstractBeanFactory.doGetBean(AbstractBeanFactory.java:334)
		at org.springframework.beans.factory.support.AbstractBeanFactory.getBean(AbstractBeanFactory.java:209)
		at org.springframework.beans.factory.support.DefaultListableBeanFactory.preInstantiateSingletons(DefaultListableBeanFactory.java:936)
		at org.springframework.context.support.AbstractApplicationContext.finishBeanFactoryInitialization(AbstractApplicationContext.java:932)
		at org.springframework.context.support.AbstractApplicationContext.refresh(AbstractApplicationContext.java:591)
		at org.springframework.web.servlet.FrameworkServlet.configureAndRefreshWebApplicationContext(FrameworkServlet.java:702)
		at org.springframework.web.servlet.FrameworkServlet.createWebApplicationContext(FrameworkServlet.java:668)
		at org.springframework.web.servlet.FrameworkServlet.createWebApplicationContext(FrameworkServlet.java:716)
		at org.springframework.web.servlet.FrameworkServlet.initWebApplicationContext(FrameworkServlet.java:591)
		at org.springframework.web.servlet.FrameworkServlet.initServletBean(FrameworkServlet.java:530)
		at org.springframework.web.servlet.HttpServletBean.init(HttpServletBean.java:170)
		at javax.servlet.GenericServlet.init(GenericServlet.java:143)
		at org.apache.catalina.core.StandardWrapper.initServlet(StandardWrapper.java:986)
		at org.apache.catalina.core.StandardWrapper.loadServlet(StandardWrapper.java:943)
		at org.apache.catalina.core.StandardWrapper.load(StandardWrapper.java:840)
		at org.apache.catalina.core.StandardContext.loadOnStartup(StandardContext.java:4226)
		at org.apache.catalina.core.StandardContext.startInternal(StandardContext.java:4527)
		at org.apache.catalina.util.LifecycleBase.start(LifecycleBase.java:164)
		at org.apache.catalina.core.ContainerBase.addChildInternal(ContainerBase.java:597)
		at org.apache.catalina.core.ContainerBase.addChild(ContainerBase.java:569)
		at org.apache.catalina.core.StandardHost.addChild(StandardHost.java:608)
		at org.apache.catalina.startup.HostConfig.deployDescriptor(HostConfig.java:677)
		at org.apache.catalina.startup.HostConfig$DeployDescriptor.run(HostConfig.java:1836)
		at java.util.concurrent.Executors$RunnableAdapter.call(Executors.java:511)
		at java.util.concurrent.FutureTask.run(FutureTask.java:266)
		at org.apache.tomcat.util.threads.InlineExecutorService.execute(InlineExecutorService.java:82)
		at java.util.concurrent.AbstractExecutorService.submit(AbstractExecutorService.java:112)
		at org.apache.catalina.startup.HostConfig.deployDescriptors(HostConfig.java:572)
		at org.apache.catalina.startup.HostConfig.deployApps(HostConfig.java:463)
		at org.apache.catalina.startup.HostConfig.start(HostConfig.java:1576)
		at org.apache.catalina.startup.HostConfig.lifecycleEvent(HostConfig.java:309)
		at org.apache.catalina.util.LifecycleBase.fireLifecycleEvent(LifecycleBase.java:109)
		at org.apache.catalina.util.LifecycleBase.setStateInternal(LifecycleBase.java:389)
		at org.apache.catalina.util.LifecycleBase.setState(LifecycleBase.java:336)
		at org.apache.catalina.core.ContainerBase.startInternal(ContainerBase.java:774)
		at org.apache.catalina.core.StandardHost.startInternal(StandardHost.java:726)
		at org.apache.catalina.util.LifecycleBase.start(LifecycleBase.java:164)
		at org.apache.catalina.core.ContainerBase$StartChild.call(ContainerBase.java:1201)
		at org.apache.catalina.core.ContainerBase$StartChild.call(ContainerBase.java:1191)
		at java.util.concurrent.FutureTask.run(FutureTask.java:266)
		at org.apache.tomcat.util.threads.InlineExecutorService.execute(InlineExecutorService.java:82)
		at java.util.concurrent.AbstractExecutorService.submit(AbstractExecutorService.java:134)
		at org.apache.catalina.core.ContainerBase.startInternal(ContainerBase.java:747)
		at org.apache.catalina.core.StandardEngine.startInternal(StandardEngine.java:209)
		at org.apache.catalina.util.LifecycleBase.start(LifecycleBase.java:164)
		at org.apache.catalina.core.StandardService.startInternal(StandardService.java:410)
		at org.apache.catalina.util.LifecycleBase.start(LifecycleBase.java:164)
		at org.apache.catalina.core.StandardServer.startInternal(StandardServer.java:872)
		at org.apache.catalina.util.LifecycleBase.start(LifecycleBase.java:164)
		at org.apache.catalina.startup.Catalina.start(Catalina.java:736)
		at sun.reflect.NativeMethodAccessorImpl.invoke0(Native Method)
		at sun.reflect.NativeMethodAccessorImpl.invoke(NativeMethodAccessorImpl.java:62)
		at sun.reflect.DelegatingMethodAccessorImpl.invoke(DelegatingMethodAccessorImpl.java:43)
		at java.lang.reflect.Method.invoke(Method.java:498)
		at org.apache.catalina.startup.Bootstrap.start(Bootstrap.java:342)
		at org.apache.catalina.startup.Bootstrap.main(Bootstrap.java:473)
	Caused by: org.springframework.beans.TypeMismatchException: Failed to convert property value of type 'java.lang.String' to required type 'org.springframework.core.io.Resource[]' for property 'mapperLocations'; nested exception is java.lang.IllegalArgumentException: Could not resolve resource location pattern [classpath:mappers/*.xml]: class path resource [mappers/] cannot be resolved to URL because it does not exist
		at org.springframework.beans.AbstractNestablePropertyAccessor.convertIfNecessary(AbstractNestablePropertyAccessor.java:600)
		at org.springframework.beans.AbstractNestablePropertyAccessor.convertForProperty(AbstractNestablePropertyAccessor.java:609)
		at org.springframework.beans.BeanWrapperImpl.convertForProperty(BeanWrapperImpl.java:219)
		at org.springframework.beans.factory.support.AbstractAutowireCapableBeanFactory.convertForProperty(AbstractAutowireCapableBeanFactory.java:1756)
		at org.springframework.beans.factory.support.AbstractAutowireCapableBeanFactory.applyPropertyValues(AbstractAutowireCapableBeanFactory.java:1712)
		at org.springframework.beans.factory.support.AbstractAutowireCapableBeanFactory.populateBean(AbstractAutowireCapableBeanFactory.java:1452)
		at org.springframework.beans.factory.support.AbstractAutowireCapableBeanFactory.doCreateBean(AbstractAutowireCapableBeanFactory.java:619)
		... 59 more
	Caused by: java.lang.IllegalArgumentException: Could not resolve resource location pattern [classpath:mappers/*.xml]: class path resource [mappers/] cannot be resolved to URL because it does not exist
		at org.springframework.core.io.support.ResourceArrayPropertyEditor.setAsText(ResourceArrayPropertyEditor.java:121)
		at org.springframework.beans.TypeConverterDelegate.doConvertTextValue(TypeConverterDelegate.java:429)
		at org.springframework.beans.TypeConverterDelegate.doConvertValue(TypeConverterDelegate.java:402)
		at org.springframework.beans.TypeConverterDelegate.convertIfNecessary(TypeConverterDelegate.java:155)
		at org.springframework.beans.AbstractNestablePropertyAccessor.convertIfNecessary(AbstractNestablePropertyAccessor.java:590)
		... 65 more
07-Jun-2026 22:34:34.480 정보 [main] org.apache.catalina.startup.HostConfig.deployDescriptor 배치 descriptor [C:\dev\workspace\java_crud\conf\Catalina\localhost\ROOT.xml]의 배치가 [1,928] 밀리초 내에 완료되었습니다.
07-Jun-2026 22:34:34.482 정보 [main] org.apache.coyote.AbstractProtocol.start 프로토콜 핸들러 ["http-nio-8080"]을(를) 시작합니다.
07-Jun-2026 22:34:34.490 정보 [main] org.apache.catalina.startup.Catalina.start 서버가 [1966] 밀리초 내에 시작되었습니다.
07-Jun-2026 22:34:36.352 정보 [http-nio-8080-exec-1] org.springframework.web.servlet.FrameworkServlet.initServletBean Initializing Servlet 'dispatcher'
07-Jun-2026 22:34:36.434 경고 [http-nio-8080-exec-1] org.springframework.context.support.AbstractApplicationContext.refresh Exception encountered during context initialization - cancelling refresh attempt: org.springframework.beans.factory.BeanCreationException: Error creating bean with name 'sqlSessionFactory' defined in ServletContext resource [/WEB-INF/dispatcher-servlet.xml]: Initialization of bean failed; nested exception is org.springframework.beans.TypeMismatchException: Failed to convert property value of type 'java.lang.String' to required type 'org.springframework.core.io.Resource[]' for property 'mapperLocations'; nested exception is java.lang.IllegalArgumentException: Could not resolve resource location pattern [classpath:mappers/*.xml]: class path resource [mappers/] cannot be resolved to URL because it does not exist
07-Jun-2026 22:34:36.434 심각 [http-nio-8080-exec-1] org.springframework.web.servlet.FrameworkServlet.initServletBean Context initialization failed
	org.springframework.beans.factory.BeanCreationException: Error creating bean with name 'sqlSessionFactory' defined in ServletContext resource [/WEB-INF/dispatcher-servlet.xml]: Initialization of bean failed; nested exception is org.springframework.beans.TypeMismatchException: Failed to convert property value of type 'java.lang.String' to required type 'org.springframework.core.io.Resource[]' for property 'mapperLocations'; nested exception is java.lang.IllegalArgumentException: Could not resolve resource location pattern [classpath:mappers/*.xml]: class path resource [mappers/] cannot be resolved to URL because it does not exist
		at org.springframework.beans.factory.support.AbstractAutowireCapableBeanFactory.doCreateBean(AbstractAutowireCapableBeanFactory.java:628)
		at org.springframework.beans.factory.support.AbstractAutowireCapableBeanFactory.createBean(AbstractAutowireCapableBeanFactory.java:542)
		at org.springframework.beans.factory.support.AbstractBeanFactory.lambda$doGetBean$0(AbstractBeanFactory.java:336)
		at org.springframework.beans.factory.support.DefaultSingletonBeanRegistry.getSingleton(DefaultSingletonBeanRegistry.java:234)
		at org.springframework.beans.factory.support.AbstractBeanFactory.doGetBean(AbstractBeanFactory.java:334)
		at org.springframework.beans.factory.support.AbstractBeanFactory.getBean(AbstractBeanFactory.java:209)
		at org.springframework.beans.factory.support.DefaultListableBeanFactory.preInstantiateSingletons(DefaultListableBeanFactory.java:936)
		at org.springframework.context.support.AbstractApplicationContext.finishBeanFactoryInitialization(AbstractApplicationContext.java:932)
		at org.springframework.context.support.AbstractApplicationContext.refresh(AbstractApplicationContext.java:591)
		at org.springframework.web.servlet.FrameworkServlet.configureAndRefreshWebApplicationContext(FrameworkServlet.java:702)
		at org.springframework.web.servlet.FrameworkServlet.createWebApplicationContext(FrameworkServlet.java:668)
		at org.springframework.web.servlet.FrameworkServlet.createWebApplicationContext(FrameworkServlet.java:716)
		at org.springframework.web.servlet.FrameworkServlet.initWebApplicationContext(FrameworkServlet.java:591)
		at org.springframework.web.servlet.FrameworkServlet.initServletBean(FrameworkServlet.java:530)
		at org.springframework.web.servlet.HttpServletBean.init(HttpServletBean.java:170)
		at javax.servlet.GenericServlet.init(GenericServlet.java:143)
		at org.apache.catalina.core.StandardWrapper.initServlet(StandardWrapper.java:986)
		at org.apache.catalina.core.StandardWrapper.loadServlet(StandardWrapper.java:943)
		at org.apache.catalina.core.StandardWrapper.allocate(StandardWrapper.java:661)
		at org.apache.catalina.core.StandardWrapperValve.invoke(StandardWrapperValve.java:114)
		at org.apache.catalina.core.StandardContextValve.invoke(StandardContextValve.java:88)
		at org.apache.catalina.authenticator.AuthenticatorBase.invoke(AuthenticatorBase.java:491)
		at org.apache.catalina.core.StandardHostValve.invoke(StandardHostValve.java:127)
		at org.apache.catalina.valves.ErrorReportValve.invoke(ErrorReportValve.java:83)
		at org.apache.catalina.valves.AbstractAccessLogValve.invoke(AbstractAccessLogValve.java:764)
		at org.apache.catalina.core.StandardEngineValve.invoke(StandardEngineValve.java:72)
		at org.apache.catalina.connector.CoyoteAdapter.service(CoyoteAdapter.java:344)
		at org.apache.coyote.http11.Http11Processor.service(Http11Processor.java:398)
		at org.apache.coyote.AbstractProcessorLight.process(AbstractProcessorLight.java:63)
		at org.apache.coyote.AbstractProtocol$ConnectionHandler.process(AbstractProtocol.java:1309)
		at org.apache.tomcat.util.net.NioEndpoint$SocketProcessor.doRun(NioEndpoint.java:1854)
		at org.apache.tomcat.util.net.SocketProcessorBase.run(SocketProcessorBase.java:52)
		at org.apache.tomcat.util.threads.ThreadPoolExecutor.runWorker(ThreadPoolExecutor.java:973)
		at org.apache.tomcat.util.threads.ThreadPoolExecutor$Worker.run(ThreadPoolExecutor.java:491)
		at org.apache.tomcat.util.threads.TaskThread$WrappingRunnable.run(TaskThread.java:63)
		at java.lang.Thread.run(Thread.java:750)
	Caused by: org.springframework.beans.TypeMismatchException: Failed to convert property value of type 'java.lang.String' to required type 'org.springframework.core.io.Resource[]' for property 'mapperLocations'; nested exception is java.lang.IllegalArgumentException: Could not resolve resource location pattern [classpath:mappers/*.xml]: class path resource [mappers/] cannot be resolved to URL because it does not exist
		at org.springframework.beans.AbstractNestablePropertyAccessor.convertIfNecessary(AbstractNestablePropertyAccessor.java:600)
		at org.springframework.beans.AbstractNestablePropertyAccessor.convertForProperty(AbstractNestablePropertyAccessor.java:609)
		at org.springframework.beans.BeanWrapperImpl.convertForProperty(BeanWrapperImpl.java:219)
		at org.springframework.beans.factory.support.AbstractAutowireCapableBeanFactory.convertForProperty(AbstractAutowireCapableBeanFactory.java:1756)
		at org.springframework.beans.factory.support.AbstractAutowireCapableBeanFactory.applyPropertyValues(AbstractAutowireCapableBeanFactory.java:1712)
		at org.springframework.beans.factory.support.AbstractAutowireCapableBeanFactory.populateBean(AbstractAutowireCapableBeanFactory.java:1452)
		at org.springframework.beans.factory.support.AbstractAutowireCapableBeanFactory.doCreateBean(AbstractAutowireCapableBeanFactory.java:619)
		... 35 more
	Caused by: java.lang.IllegalArgumentException: Could not resolve resource location pattern [classpath:mappers/*.xml]: class path resource [mappers/] cannot be resolved to URL because it does not exist
		at org.springframework.core.io.support.ResourceArrayPropertyEditor.setAsText(ResourceArrayPropertyEditor.java:121)
		at org.springframework.beans.TypeConverterDelegate.doConvertTextValue(TypeConverterDelegate.java:429)
		at org.springframework.beans.TypeConverterDelegate.doConvertValue(TypeConverterDelegate.java:402)
		at org.springframework.beans.TypeConverterDelegate.convertIfNecessary(TypeConverterDelegate.java:155)
		at org.springframework.beans.AbstractNestablePropertyAccessor.convertIfNecessary(AbstractNestablePropertyAccessor.java:590)
		... 41 more
07-Jun-2026 22:34:37.172 정보 [http-nio-8080-exec-2] org.springframework.web.servlet.FrameworkServlet.initServletBean Initializing Servlet 'dispatcher'
07-Jun-2026 22:34:37.248 경고 [http-nio-8080-exec-2] org.springframework.context.support.AbstractApplicationContext.refresh Exception encountered during context initialization - cancelling refresh attempt: org.springframework.beans.factory.BeanCreationException: Error creating bean with name 'sqlSessionFactory' defined in ServletContext resource [/WEB-INF/dispatcher-servlet.xml]: Initialization of bean failed; nested exception is org.springframework.beans.TypeMismatchException: Failed to convert property value of type 'java.lang.String' to required type 'org.springframework.core.io.Resource[]' for property 'mapperLocations'; nested exception is java.lang.IllegalArgumentException: Could not resolve resource location pattern [classpath:mappers/*.xml]: class path resource [mappers/] cannot be resolved to URL because it does not exist
07-Jun-2026 22:34:37.248 심각 [http-nio-8080-exec-2] org.springframework.web.servlet.FrameworkServlet.initServletBean Context initialization failed
	org.springframework.beans.factory.BeanCreationException: Error creating bean with name 'sqlSessionFactory' defined in ServletContext resource [/WEB-INF/dispatcher-servlet.xml]: Initialization of bean failed; nested exception is org.springframework.beans.TypeMismatchException: Failed to convert property value of type 'java.lang.String' to required type 'org.springframework.core.io.Resource[]' for property 'mapperLocations'; nested exception is java.lang.IllegalArgumentException: Could not resolve resource location pattern [classpath:mappers/*.xml]: class path resource [mappers/] cannot be resolved to URL because it does not exist
		at org.springframework.beans.factory.support.AbstractAutowireCapableBeanFactory.doCreateBean(AbstractAutowireCapableBeanFactory.java:628)
		at org.springframework.beans.factory.support.AbstractAutowireCapableBeanFactory.createBean(AbstractAutowireCapableBeanFactory.java:542)
		at org.springframework.beans.factory.support.AbstractBeanFactory.lambda$doGetBean$0(AbstractBeanFactory.java:336)
		at org.springframework.beans.factory.support.DefaultSingletonBeanRegistry.getSingleton(DefaultSingletonBeanRegistry.java:234)
		at org.springframework.beans.factory.support.AbstractBeanFactory.doGetBean(AbstractBeanFactory.java:334)
		at org.springframework.beans.factory.support.AbstractBeanFactory.getBean(AbstractBeanFactory.java:209)
		at org.springframework.beans.factory.support.DefaultListableBeanFactory.preInstantiateSingletons(DefaultListableBeanFactory.java:936)
		at org.springframework.context.support.AbstractApplicationContext.finishBeanFactoryInitialization(AbstractApplicationContext.java:932)
		at org.springframework.context.support.AbstractApplicationContext.refresh(AbstractApplicationContext.java:591)
		at org.springframework.web.servlet.FrameworkServlet.configureAndRefreshWebApplicationContext(FrameworkServlet.java:702)
		at org.springframework.web.servlet.FrameworkServlet.createWebApplicationContext(FrameworkServlet.java:668)
		at org.springframework.web.servlet.FrameworkServlet.createWebApplicationContext(FrameworkServlet.java:716)
		at org.springframework.web.servlet.FrameworkServlet.initWebApplicationContext(FrameworkServlet.java:591)
		at org.springframework.web.servlet.FrameworkServlet.initServletBean(FrameworkServlet.java:530)
		at org.springframework.web.servlet.HttpServletBean.init(HttpServletBean.java:170)
		at javax.servlet.GenericServlet.init(GenericServlet.java:143)
		at org.apache.catalina.core.StandardWrapper.initServlet(StandardWrapper.java:986)
		at org.apache.catalina.core.StandardWrapper.loadServlet(StandardWrapper.java:943)
		at org.apache.catalina.core.StandardWrapper.allocate(StandardWrapper.java:661)
		at org.apache.catalina.core.StandardWrapperValve.invoke(StandardWrapperValve.java:114)
		at org.apache.catalina.core.StandardContextValve.invoke(StandardContextValve.java:88)
		at org.apache.catalina.authenticator.AuthenticatorBase.invoke(AuthenticatorBase.java:491)
		at org.apache.catalina.core.StandardHostValve.invoke(StandardHostValve.java:127)
		at org.apache.catalina.valves.ErrorReportValve.invoke(ErrorReportValve.java:83)
		at org.apache.catalina.valves.AbstractAccessLogValve.invoke(AbstractAccessLogValve.java:764)
		at org.apache.catalina.core.StandardEngineValve.invoke(StandardEngineValve.java:72)
		at org.apache.catalina.connector.CoyoteAdapter.service(CoyoteAdapter.java:344)
		at org.apache.coyote.http11.Http11Processor.service(Http11Processor.java:398)
		at org.apache.coyote.AbstractProcessorLight.process(AbstractProcessorLight.java:63)
		at org.apache.coyote.AbstractProtocol$ConnectionHandler.process(AbstractProtocol.java:1309)
		at org.apache.tomcat.util.net.NioEndpoint$SocketProcessor.doRun(NioEndpoint.java:1854)
		at org.apache.tomcat.util.net.SocketProcessorBase.run(SocketProcessorBase.java:52)
		at org.apache.tomcat.util.threads.ThreadPoolExecutor.runWorker(ThreadPoolExecutor.java:973)
		at org.apache.tomcat.util.threads.ThreadPoolExecutor$Worker.run(ThreadPoolExecutor.java:491)
		at org.apache.tomcat.util.threads.TaskThread$WrappingRunnable.run(TaskThread.java:63)
		at java.lang.Thread.run(Thread.java:750)
	Caused by: org.springframework.beans.TypeMismatchException: Failed to convert property value of type 'java.lang.String' to required type 'org.springframework.core.io.Resource[]' for property 'mapperLocations'; nested exception is java.lang.IllegalArgumentException: Could not resolve resource location pattern [classpath:mappers/*.xml]: class path resource [mappers/] cannot be resolved to URL because it does not exist
		at org.springframework.beans.AbstractNestablePropertyAccessor.convertIfNecessary(AbstractNestablePropertyAccessor.java:600)
		at org.springframework.beans.AbstractNestablePropertyAccessor.convertForProperty(AbstractNestablePropertyAccessor.java:609)
		at org.springframework.beans.BeanWrapperImpl.convertForProperty(BeanWrapperImpl.java:219)
		at org.springframework.beans.factory.support.AbstractAutowireCapableBeanFactory.convertForProperty(AbstractAutowireCapableBeanFactory.java:1756)
		at org.springframework.beans.factory.support.AbstractAutowireCapableBeanFactory.applyPropertyValues(AbstractAutowireCapableBeanFactory.java:1712)
		at org.springframework.beans.factory.support.AbstractAutowireCapableBeanFactory.populateBean(AbstractAutowireCapableBeanFactory.java:1452)
		at org.springframework.beans.factory.support.AbstractAutowireCapableBeanFactory.doCreateBean(AbstractAutowireCapableBeanFactory.java:619)
		... 35 more
	Caused by: java.lang.IllegalArgumentException: Could not resolve resource location pattern [classpath:mappers/*.xml]: class path resource [mappers/] cannot be resolved to URL because it does not exist
		at org.springframework.core.io.support.ResourceArrayPropertyEditor.setAsText(ResourceArrayPropertyEditor.java:121)
		at org.springframework.beans.TypeConverterDelegate.doConvertTextValue(TypeConverterDelegate.java:429)
		at org.springframework.beans.TypeConverterDelegate.doConvertValue(TypeConverterDelegate.java:402)
		at org.springframework.beans.TypeConverterDelegate.convertIfNecessary(TypeConverterDelegate.java:155)
		at org.springframework.beans.AbstractNestablePropertyAccessor.convertIfNecessary(AbstractNestablePropertyAccessor.java:590)
		... 41 more
07-Jun-2026 22:34:55.353 정보 [Thread-2] org.apache.coyote.AbstractProtocol.pause 프로토콜 핸들러 ["http-nio-8080"]을(를) 일시 정지 중
07-Jun-2026 22:34:55.398 정보 [Thread-2] org.apache.catalina.core.StandardService.stopInternal 서비스 [Catalina]을(를) 중지시킵니다.
07-Jun-2026 22:34:55.405 경고 [Thread-2] org.apache.catalina.loader.WebappClassLoaderBase.clearReferencesJdbc 웹 애플리케이션 [ROOT]이(가) JDBC 드라이버 [org.mariadb.jdbc.Driver]을(를) 등록했지만, 웹 애플리케이션이 중지될 때, 해당 JDBC 드라이버의 등록을 제거하지 못했습니다. 메모리 누수를 방지하기 위하여, 등록을 강제로 제거했습니다.
07-Jun-2026 22:34:55.407 정보 [Thread-2] org.apache.coyote.AbstractProtocol.stop 프로토콜 핸들러 ["http-nio-8080"]을(를) 중지시킵니다.
07-Jun-2026 22:34:55.409 정보 [Thread-2] org.apache.coyote.AbstractProtocol.destroy 프로토콜 핸들러 ["http-nio-8080"]을(를) 소멸시킵니다.
07-Jun-2026 22:34:57.861 정보 [main] org.apache.catalina.startup.VersionLoggerListener.log 서버 버전 이름:    Apache Tomcat/9.0.118
07-Jun-2026 22:34:57.864 정보 [main] org.apache.catalina.startup.VersionLoggerListener.log Server 빌드 시각:  May 1 2026 19:30:30 UTC
07-Jun-2026 22:34:57.864 정보 [main] org.apache.catalina.startup.VersionLoggerListener.log Server 버전 번호:  9.0.118.0
07-Jun-2026 22:34:57.864 정보 [main] org.apache.catalina.startup.VersionLoggerListener.log 운영체제 이름:     Windows 11
07-Jun-2026 22:34:57.864 정보 [main] org.apache.catalina.startup.VersionLoggerListener.log 운영체제 버전:     10.0
07-Jun-2026 22:34:57.864 정보 [main] org.apache.catalina.startup.VersionLoggerListener.log 아키텍처:          amd64
07-Jun-2026 22:34:57.864 정보 [main] org.apache.catalina.startup.VersionLoggerListener.log 자바 홈:           C:\Users\User\.jdks\corretto-1.8.0_492\jre
07-Jun-2026 22:34:57.864 정보 [main] org.apache.catalina.startup.VersionLoggerListener.log JVM 버전:          1.8.0_492-b09
07-Jun-2026 22:34:57.864 정보 [main] org.apache.catalina.startup.VersionLoggerListener.log JVM 벤더:          Amazon.com Inc.
07-Jun-2026 22:34:57.865 정보 [main] org.apache.catalina.startup.VersionLoggerListener.log CATALINA_BASE:     C:\dev\workspace\java_crud
07-Jun-2026 22:34:57.865 정보 [main] org.apache.catalina.startup.VersionLoggerListener.log CATALINA_HOME:     C:\apache-tomcat-9.0.118
07-Jun-2026 22:34:57.865 정보 [main] org.apache.catalina.startup.VersionLoggerListener.log 명령 행 아규먼트:  -Dcatalina.home=C:\apache-tomcat-9.0.118
07-Jun-2026 22:34:57.865 정보 [main] org.apache.catalina.startup.VersionLoggerListener.log 명령 행 아규먼트:  -Dcatalina.base=C:\dev\workspace\java_crud
07-Jun-2026 22:34:57.865 정보 [main] org.apache.catalina.startup.VersionLoggerListener.log 명령 행 아규먼트:  -Djava.io.tmpdir=C:\dev\workspace\java_crud\temp
07-Jun-2026 22:34:57.865 정보 [main] org.apache.catalina.startup.VersionLoggerListener.log 명령 행 아규먼트:  -Djava.util.logging.config.file=C:\dev\workspace\java_crud\conf\logging.properties
07-Jun-2026 22:34:57.865 정보 [main] org.apache.catalina.startup.VersionLoggerListener.log 명령 행 아규먼트:  -Djava.util.logging.manager=org.apache.juli.ClassLoaderLogManager
07-Jun-2026 22:34:57.866 정보 [main] org.apache.catalina.startup.VersionLoggerListener.log 명령 행 아규먼트:  -javaagent:C:\Program Files\JetBrains\IntelliJ IDEA 2025.3.2\lib\idea_rt.jar=59534
07-Jun-2026 22:34:57.866 정보 [main] org.apache.catalina.startup.VersionLoggerListener.log 명령 행 아규먼트:  -Dfile.encoding=UTF-8
07-Jun-2026 22:34:57.869 정보 [main] org.apache.catalina.core.AprLifecycleListener.lifecycleEvent APR 버전 [1.7.6]을(를) 사용한, APR 기반 Apache Tomcat Native 라이브러리 [1.3.7]을(를) 로드했습니다.
07-Jun-2026 22:34:57.869 정보 [main] org.apache.catalina.core.AprLifecycleListener.lifecycleEvent APR 용량정보들: IPv6 [true], sendfile [true], accept filters [false], random [true], UDS [true].
07-Jun-2026 22:34:57.869 정보 [main] org.apache.catalina.core.AprLifecycleListener.lifecycleEvent APR/OpenSSL 설정: useAprConnector [false], useOpenSSL [true]
07-Jun-2026 22:34:57.873 정보 [main] org.apache.catalina.core.AprLifecycleListener.initializeSSL OpenSSL이 성공적으로 초기화되었습니다: [OpenSSL 3.0.19 27 Jan 2026]
07-Jun-2026 22:34:58.001 정보 [main] org.apache.coyote.AbstractProtocol.init 프로토콜 핸들러 ["http-nio-8080"]을(를) 초기화합니다.
07-Jun-2026 22:34:58.010 정보 [main] org.apache.catalina.startup.Catalina.load [250] 밀리초 내에 서버가 초기화되었습니다.
07-Jun-2026 22:34:58.028 정보 [main] org.apache.catalina.core.StandardService.startInternal 서비스 [Catalina]을(를) 시작합니다.
07-Jun-2026 22:34:58.028 정보 [main] org.apache.catalina.core.StandardEngine.startInternal 서버 엔진을 시작합니다: [Apache Tomcat/9.0.118]
07-Jun-2026 22:34:58.034 정보 [main] org.apache.catalina.startup.HostConfig.deployDescriptor 배치 descriptor [C:\dev\workspace\java_crud\conf\Catalina\localhost\ROOT.xml]을(를) 배치합니다.
07-Jun-2026 22:34:58.061 경고 [main] org.apache.catalina.webresources.DirResourceSet.initInternal Disabled the global canonical file name cache to protect against CVE-2024-56337 when starting the WebResourceSet at [C:\dev\workspace\java_crud\target\classes] which is part of the web application []
07-Jun-2026 22:34:59.080 정보 [main] org.apache.jasper.servlet.TldScanner.scanJars 적어도 하나의 JAR가 TLD들을 찾기 위해 스캔되었으나 아무 것도 찾지 못했습니다. 스캔했으나 TLD가 없는 JAR들의 전체 목록을 보시려면, 로그 레벨을 디버그 레벨로 설정하십시오. 스캔 과정에서 불필요한 JAR들을 건너뛰면, 시스템 시작 시간과 JSP 컴파일 시간을 단축시킬 수 있습니다.
07-Jun-2026 22:34:59.287 정보 [main] org.springframework.web.servlet.FrameworkServlet.initServletBean Initializing Servlet 'dispatcher'
07-Jun-2026 22:34:59.684 경고 [main] org.springframework.context.support.AbstractApplicationContext.refresh Exception encountered during context initialization - cancelling refresh attempt: org.springframework.beans.factory.BeanInitializationException: Could not load properties; nested exception is java.io.FileNotFoundException: class path resource [database.properties] cannot be opened because it does not exist
07-Jun-2026 22:34:59.688 심각 [main] org.springframework.web.servlet.FrameworkServlet.initServletBean Context initialization failed
	org.springframework.beans.factory.BeanInitializationException: Could not load properties; nested exception is java.io.FileNotFoundException: class path resource [database.properties] cannot be opened because it does not exist
		at org.springframework.context.support.PropertySourcesPlaceholderConfigurer.postProcessBeanFactory(PropertySourcesPlaceholderConfigurer.java:169)
		at org.springframework.context.support.PostProcessorRegistrationDelegate.invokeBeanFactoryPostProcessors(PostProcessorRegistrationDelegate.java:325)
		at org.springframework.context.support.PostProcessorRegistrationDelegate.invokeBeanFactoryPostProcessors(PostProcessorRegistrationDelegate.java:183)
		at org.springframework.context.support.AbstractApplicationContext.invokeBeanFactoryPostProcessors(AbstractApplicationContext.java:756)
		at org.springframework.context.support.AbstractApplicationContext.refresh(AbstractApplicationContext.java:573)
		at org.springframework.web.servlet.FrameworkServlet.configureAndRefreshWebApplicationContext(FrameworkServlet.java:702)
		at org.springframework.web.servlet.FrameworkServlet.createWebApplicationContext(FrameworkServlet.java:668)
		at org.springframework.web.servlet.FrameworkServlet.createWebApplicationContext(FrameworkServlet.java:716)
		at org.springframework.web.servlet.FrameworkServlet.initWebApplicationContext(FrameworkServlet.java:591)
		at org.springframework.web.servlet.FrameworkServlet.initServletBean(FrameworkServlet.java:530)
		at org.springframework.web.servlet.HttpServletBean.init(HttpServletBean.java:170)
		at javax.servlet.GenericServlet.init(GenericServlet.java:143)
		at org.apache.catalina.core.StandardWrapper.initServlet(StandardWrapper.java:986)
		at org.apache.catalina.core.StandardWrapper.loadServlet(StandardWrapper.java:943)
		at org.apache.catalina.core.StandardWrapper.load(StandardWrapper.java:840)
		at org.apache.catalina.core.StandardContext.loadOnStartup(StandardContext.java:4226)
		at org.apache.catalina.core.StandardContext.startInternal(StandardContext.java:4527)
		at org.apache.catalina.util.LifecycleBase.start(LifecycleBase.java:164)
		at org.apache.catalina.core.ContainerBase.addChildInternal(ContainerBase.java:597)
		at org.apache.catalina.core.ContainerBase.addChild(ContainerBase.java:569)
		at org.apache.catalina.core.StandardHost.addChild(StandardHost.java:608)
		at org.apache.catalina.startup.HostConfig.deployDescriptor(HostConfig.java:677)
		at org.apache.catalina.startup.HostConfig$DeployDescriptor.run(HostConfig.java:1836)
		at java.util.concurrent.Executors$RunnableAdapter.call(Executors.java:511)
		at java.util.concurrent.FutureTask.run(FutureTask.java:266)
		at org.apache.tomcat.util.threads.InlineExecutorService.execute(InlineExecutorService.java:82)
		at java.util.concurrent.AbstractExecutorService.submit(AbstractExecutorService.java:112)
		at org.apache.catalina.startup.HostConfig.deployDescriptors(HostConfig.java:572)
		at org.apache.catalina.startup.HostConfig.deployApps(HostConfig.java:463)
		at org.apache.catalina.startup.HostConfig.start(HostConfig.java:1576)
		at org.apache.catalina.startup.HostConfig.lifecycleEvent(HostConfig.java:309)
		at org.apache.catalina.util.LifecycleBase.fireLifecycleEvent(LifecycleBase.java:109)
		at org.apache.catalina.util.LifecycleBase.setStateInternal(LifecycleBase.java:389)
		at org.apache.catalina.util.LifecycleBase.setState(LifecycleBase.java:336)
		at org.apache.catalina.core.ContainerBase.startInternal(ContainerBase.java:774)
		at org.apache.catalina.core.StandardHost.startInternal(StandardHost.java:726)
		at org.apache.catalina.util.LifecycleBase.start(LifecycleBase.java:164)
		at org.apache.catalina.core.ContainerBase$StartChild.call(ContainerBase.java:1201)
		at org.apache.catalina.core.ContainerBase$StartChild.call(ContainerBase.java:1191)
		at java.util.concurrent.FutureTask.run(FutureTask.java:266)
		at org.apache.tomcat.util.threads.InlineExecutorService.execute(InlineExecutorService.java:82)
		at java.util.concurrent.AbstractExecutorService.submit(AbstractExecutorService.java:134)
		at org.apache.catalina.core.ContainerBase.startInternal(ContainerBase.java:747)
		at org.apache.catalina.core.StandardEngine.startInternal(StandardEngine.java:209)
		at org.apache.catalina.util.LifecycleBase.start(LifecycleBase.java:164)
		at org.apache.catalina.core.StandardService.startInternal(StandardService.java:410)
		at org.apache.catalina.util.LifecycleBase.start(LifecycleBase.java:164)
		at org.apache.catalina.core.StandardServer.startInternal(StandardServer.java:872)
		at org.apache.catalina.util.LifecycleBase.start(LifecycleBase.java:164)
		at org.apache.catalina.startup.Catalina.start(Catalina.java:736)
		at sun.reflect.NativeMethodAccessorImpl.invoke0(Native Method)
		at sun.reflect.NativeMethodAccessorImpl.invoke(NativeMethodAccessorImpl.java:62)
		at sun.reflect.DelegatingMethodAccessorImpl.invoke(DelegatingMethodAccessorImpl.java:43)
		at java.lang.reflect.Method.invoke(Method.java:498)
		at org.apache.catalina.startup.Bootstrap.start(Bootstrap.java:342)
		at org.apache.catalina.startup.Bootstrap.main(Bootstrap.java:473)
	Caused by: java.io.FileNotFoundException: class path resource [database.properties] cannot be opened because it does not exist
		at org.springframework.core.io.ClassPathResource.getInputStream(ClassPathResource.java:203)
		at org.springframework.core.io.support.EncodedResource.getInputStream(EncodedResource.java:159)
		at org.springframework.core.io.support.PropertiesLoaderUtils.fillProperties(PropertiesLoaderUtils.java:110)
		at org.springframework.core.io.support.PropertiesLoaderSupport.loadProperties(PropertiesLoaderSupport.java:181)
		at org.springframework.core.io.support.PropertiesLoaderSupport.mergeProperties(PropertiesLoaderSupport.java:162)
		at org.springframework.context.support.PropertySourcesPlaceholderConfigurer.postProcessBeanFactory(PropertySourcesPlaceholderConfigurer.java:160)
		... 55 more
07-Jun-2026 22:34:59.695 정보 [main] org.apache.catalina.startup.HostConfig.deployDescriptor 배치 descriptor [C:\dev\workspace\java_crud\conf\Catalina\localhost\ROOT.xml]의 배치가 [1,661] 밀리초 내에 완료되었습니다.
07-Jun-2026 22:34:59.698 정보 [main] org.apache.coyote.AbstractProtocol.start 프로토콜 핸들러 ["http-nio-8080"]을(를) 시작합니다.
07-Jun-2026 22:34:59.705 정보 [main] org.apache.catalina.startup.Catalina.start 서버가 [1695] 밀리초 내에 시작되었습니다.
07-Jun-2026 22:35:07.614 정보 [http-nio-8080-exec-1] org.springframework.web.servlet.FrameworkServlet.initServletBean Initializing Servlet 'dispatcher'
07-Jun-2026 22:35:07.647 경고 [http-nio-8080-exec-1] org.springframework.context.support.AbstractApplicationContext.refresh Exception encountered during context initialization - cancelling refresh attempt: org.springframework.beans.factory.BeanInitializationException: Could not load properties; nested exception is java.io.FileNotFoundException: class path resource [database.properties] cannot be opened because it does not exist
07-Jun-2026 22:35:07.647 심각 [http-nio-8080-exec-1] org.springframework.web.servlet.FrameworkServlet.initServletBean Context initialization failed
	org.springframework.beans.factory.BeanInitializationException: Could not load properties; nested exception is java.io.FileNotFoundException: class path resource [database.properties] cannot be opened because it does not exist
		at org.springframework.context.support.PropertySourcesPlaceholderConfigurer.postProcessBeanFactory(PropertySourcesPlaceholderConfigurer.java:169)
		at org.springframework.context.support.PostProcessorRegistrationDelegate.invokeBeanFactoryPostProcessors(PostProcessorRegistrationDelegate.java:325)
		at org.springframework.context.support.PostProcessorRegistrationDelegate.invokeBeanFactoryPostProcessors(PostProcessorRegistrationDelegate.java:183)
		at org.springframework.context.support.AbstractApplicationContext.invokeBeanFactoryPostProcessors(AbstractApplicationContext.java:756)
		at org.springframework.context.support.AbstractApplicationContext.refresh(AbstractApplicationContext.java:573)
		at org.springframework.web.servlet.FrameworkServlet.configureAndRefreshWebApplicationContext(FrameworkServlet.java:702)
		at org.springframework.web.servlet.FrameworkServlet.createWebApplicationContext(FrameworkServlet.java:668)
		at org.springframework.web.servlet.FrameworkServlet.createWebApplicationContext(FrameworkServlet.java:716)
		at org.springframework.web.servlet.FrameworkServlet.initWebApplicationContext(FrameworkServlet.java:591)
		at org.springframework.web.servlet.FrameworkServlet.initServletBean(FrameworkServlet.java:530)
		at org.springframework.web.servlet.HttpServletBean.init(HttpServletBean.java:170)
		at javax.servlet.GenericServlet.init(GenericServlet.java:143)
		at org.apache.catalina.core.StandardWrapper.initServlet(StandardWrapper.java:986)
		at org.apache.catalina.core.StandardWrapper.loadServlet(StandardWrapper.java:943)
		at org.apache.catalina.core.StandardWrapper.allocate(StandardWrapper.java:661)
		at org.apache.catalina.core.StandardWrapperValve.invoke(StandardWrapperValve.java:114)
		at org.apache.catalina.core.StandardContextValve.invoke(StandardContextValve.java:88)
		at org.apache.catalina.authenticator.AuthenticatorBase.invoke(AuthenticatorBase.java:491)
		at org.apache.catalina.core.StandardHostValve.invoke(StandardHostValve.java:127)
		at org.apache.catalina.valves.ErrorReportValve.invoke(ErrorReportValve.java:83)
		at org.apache.catalina.valves.AbstractAccessLogValve.invoke(AbstractAccessLogValve.java:764)
		at org.apache.catalina.core.StandardEngineValve.invoke(StandardEngineValve.java:72)
		at org.apache.catalina.connector.CoyoteAdapter.service(CoyoteAdapter.java:344)
		at org.apache.coyote.http11.Http11Processor.service(Http11Processor.java:398)
		at org.apache.coyote.AbstractProcessorLight.process(AbstractProcessorLight.java:63)
		at org.apache.coyote.AbstractProtocol$ConnectionHandler.process(AbstractProtocol.java:1309)
		at org.apache.tomcat.util.net.NioEndpoint$SocketProcessor.doRun(NioEndpoint.java:1854)
		at org.apache.tomcat.util.net.SocketProcessorBase.run(SocketProcessorBase.java:52)
		at org.apache.tomcat.util.threads.ThreadPoolExecutor.runWorker(ThreadPoolExecutor.java:973)
		at org.apache.tomcat.util.threads.ThreadPoolExecutor$Worker.run(ThreadPoolExecutor.java:491)
		at org.apache.tomcat.util.threads.TaskThread$WrappingRunnable.run(TaskThread.java:63)
		at java.lang.Thread.run(Thread.java:750)
	Caused by: java.io.FileNotFoundException: class path resource [database.properties] cannot be opened because it does not exist
		at org.springframework.core.io.ClassPathResource.getInputStream(ClassPathResource.java:203)
		at org.springframework.core.io.support.EncodedResource.getInputStream(EncodedResource.java:159)
		at org.springframework.core.io.support.PropertiesLoaderUtils.fillProperties(PropertiesLoaderUtils.java:110)
		at org.springframework.core.io.support.PropertiesLoaderSupport.loadProperties(PropertiesLoaderSupport.java:181)
		at org.springframework.core.io.support.PropertiesLoaderSupport.mergeProperties(PropertiesLoaderSupport.java:162)
		at org.springframework.context.support.PropertySourcesPlaceholderConfigurer.postProcessBeanFactory(PropertySourcesPlaceholderConfigurer.java:160)
		... 31 more
07-Jun-2026 22:35:08.208 정보 [http-nio-8080-exec-2] org.springframework.web.servlet.FrameworkServlet.initServletBean Initializing Servlet 'dispatcher'
07-Jun-2026 22:35:08.231 경고 [http-nio-8080-exec-2] org.springframework.context.support.AbstractApplicationContext.refresh Exception encountered during context initialization - cancelling refresh attempt: org.springframework.beans.factory.BeanInitializationException: Could not load properties; nested exception is java.io.FileNotFoundException: class path resource [database.properties] cannot be opened because it does not exist
07-Jun-2026 22:35:08.232 심각 [http-nio-8080-exec-2] org.springframework.web.servlet.FrameworkServlet.initServletBean Context initialization failed
	org.springframework.beans.factory.BeanInitializationException: Could not load properties; nested exception is java.io.FileNotFoundException: class path resource [database.properties] cannot be opened because it does not exist
		at org.springframework.context.support.PropertySourcesPlaceholderConfigurer.postProcessBeanFactory(PropertySourcesPlaceholderConfigurer.java:169)
		at org.springframework.context.support.PostProcessorRegistrationDelegate.invokeBeanFactoryPostProcessors(PostProcessorRegistrationDelegate.java:325)
		at org.springframework.context.support.PostProcessorRegistrationDelegate.invokeBeanFactoryPostProcessors(PostProcessorRegistrationDelegate.java:183)
		at org.springframework.context.support.AbstractApplicationContext.invokeBeanFactoryPostProcessors(AbstractApplicationContext.java:756)
		at org.springframework.context.support.AbstractApplicationContext.refresh(AbstractApplicationContext.java:573)
		at org.springframework.web.servlet.FrameworkServlet.configureAndRefreshWebApplicationContext(FrameworkServlet.java:702)
		at org.springframework.web.servlet.FrameworkServlet.createWebApplicationContext(FrameworkServlet.java:668)
		at org.springframework.web.servlet.FrameworkServlet.createWebApplicationContext(FrameworkServlet.java:716)
		at org.springframework.web.servlet.FrameworkServlet.initWebApplicationContext(FrameworkServlet.java:591)
		at org.springframework.web.servlet.FrameworkServlet.initServletBean(FrameworkServlet.java:530)
		at org.springframework.web.servlet.HttpServletBean.init(HttpServletBean.java:170)
		at javax.servlet.GenericServlet.init(GenericServlet.java:143)
		at org.apache.catalina.core.StandardWrapper.initServlet(StandardWrapper.java:986)
		at org.apache.catalina.core.StandardWrapper.loadServlet(StandardWrapper.java:943)
		at org.apache.catalina.core.StandardWrapper.allocate(StandardWrapper.java:661)
		at org.apache.catalina.core.StandardWrapperValve.invoke(StandardWrapperValve.java:114)
		at org.apache.catalina.core.StandardContextValve.invoke(StandardContextValve.java:88)
		at org.apache.catalina.authenticator.AuthenticatorBase.invoke(AuthenticatorBase.java:491)
		at org.apache.catalina.core.StandardHostValve.invoke(StandardHostValve.java:127)
		at org.apache.catalina.valves.ErrorReportValve.invoke(ErrorReportValve.java:83)
		at org.apache.catalina.valves.AbstractAccessLogValve.invoke(AbstractAccessLogValve.java:764)
		at org.apache.catalina.core.StandardEngineValve.invoke(StandardEngineValve.java:72)
		at org.apache.catalina.connector.CoyoteAdapter.service(CoyoteAdapter.java:344)
		at org.apache.coyote.http11.Http11Processor.service(Http11Processor.java:398)
		at org.apache.coyote.AbstractProcessorLight.process(AbstractProcessorLight.java:63)
		at org.apache.coyote.AbstractProtocol$ConnectionHandler.process(AbstractProtocol.java:1309)
		at org.apache.tomcat.util.net.NioEndpoint$SocketProcessor.doRun(NioEndpoint.java:1854)
		at org.apache.tomcat.util.net.SocketProcessorBase.run(SocketProcessorBase.java:52)
		at org.apache.tomcat.util.threads.ThreadPoolExecutor.runWorker(ThreadPoolExecutor.java:973)
		at org.apache.tomcat.util.threads.ThreadPoolExecutor$Worker.run(ThreadPoolExecutor.java:491)
		at org.apache.tomcat.util.threads.TaskThread$WrappingRunnable.run(TaskThread.java:63)
		at java.lang.Thread.run(Thread.java:750)
	Caused by: java.io.FileNotFoundException: class path resource [database.properties] cannot be opened because it does not exist
		at org.springframework.core.io.ClassPathResource.getInputStream(ClassPathResource.java:203)
		at org.springframework.core.io.support.EncodedResource.getInputStream(EncodedResource.java:159)
		at org.springframework.core.io.support.PropertiesLoaderUtils.fillProperties(PropertiesLoaderUtils.java:110)
		at org.springframework.core.io.support.PropertiesLoaderSupport.loadProperties(PropertiesLoaderSupport.java:181)
		at org.springframework.core.io.support.PropertiesLoaderSupport.mergeProperties(PropertiesLoaderSupport.java:162)
		at org.springframework.context.support.PropertySourcesPlaceholderConfigurer.postProcessBeanFactory(PropertySourcesPlaceholderConfigurer.java:160)
		... 31 more
07-Jun-2026 22:35:45.337 정보 [Thread-2] org.apache.coyote.AbstractProtocol.pause 프로토콜 핸들러 ["http-nio-8080"]을(를) 일시 정지 중
07-Jun-2026 22:35:45.383 정보 [Thread-2] org.apache.catalina.core.StandardService.stopInternal 서비스 [Catalina]을(를) 중지시킵니다.
07-Jun-2026 22:35:45.386 정보 [Thread-2] org.apache.coyote.AbstractProtocol.stop 프로토콜 핸들러 ["http-nio-8080"]을(를) 중지시킵니다.
07-Jun-2026 22:35:45.388 정보 [Thread-2] org.apache.coyote.AbstractProtocol.destroy 프로토콜 핸들러 ["http-nio-8080"]을(를) 소멸시킵니다.
07-Jun-2026 22:35:48.458 정보 [main] org.apache.catalina.startup.VersionLoggerListener.log 서버 버전 이름:    Apache Tomcat/9.0.118
07-Jun-2026 22:35:48.461 정보 [main] org.apache.catalina.startup.VersionLoggerListener.log Server 빌드 시각:  May 1 2026 19:30:30 UTC
07-Jun-2026 22:35:48.461 정보 [main] org.apache.catalina.startup.VersionLoggerListener.log Server 버전 번호:  9.0.118.0
07-Jun-2026 22:35:48.461 정보 [main] org.apache.catalina.startup.VersionLoggerListener.log 운영체제 이름:     Windows 11
07-Jun-2026 22:35:48.461 정보 [main] org.apache.catalina.startup.VersionLoggerListener.log 운영체제 버전:     10.0
07-Jun-2026 22:35:48.461 정보 [main] org.apache.catalina.startup.VersionLoggerListener.log 아키텍처:          amd64
07-Jun-2026 22:35:48.461 정보 [main] org.apache.catalina.startup.VersionLoggerListener.log 자바 홈:           C:\Users\User\.jdks\corretto-1.8.0_492\jre
07-Jun-2026 22:35:48.461 정보 [main] org.apache.catalina.startup.VersionLoggerListener.log JVM 버전:          1.8.0_492-b09
07-Jun-2026 22:35:48.461 정보 [main] org.apache.catalina.startup.VersionLoggerListener.log JVM 벤더:          Amazon.com Inc.
07-Jun-2026 22:35:48.461 정보 [main] org.apache.catalina.startup.VersionLoggerListener.log CATALINA_BASE:     C:\dev\workspace\java_crud
07-Jun-2026 22:35:48.461 정보 [main] org.apache.catalina.startup.VersionLoggerListener.log CATALINA_HOME:     C:\apache-tomcat-9.0.118
07-Jun-2026 22:35:48.462 정보 [main] org.apache.catalina.startup.VersionLoggerListener.log 명령 행 아규먼트:  -Dcatalina.home=C:\apache-tomcat-9.0.118
07-Jun-2026 22:35:48.462 정보 [main] org.apache.catalina.startup.VersionLoggerListener.log 명령 행 아규먼트:  -Dcatalina.base=C:\dev\workspace\java_crud
07-Jun-2026 22:35:48.462 정보 [main] org.apache.catalina.startup.VersionLoggerListener.log 명령 행 아규먼트:  -Djava.io.tmpdir=C:\dev\workspace\java_crud\temp
07-Jun-2026 22:35:48.462 정보 [main] org.apache.catalina.startup.VersionLoggerListener.log 명령 행 아규먼트:  -Djava.util.logging.config.file=C:\dev\workspace\java_crud\conf\logging.properties
07-Jun-2026 22:35:48.462 정보 [main] org.apache.catalina.startup.VersionLoggerListener.log 명령 행 아규먼트:  -Djava.util.logging.manager=org.apache.juli.ClassLoaderLogManager
07-Jun-2026 22:35:48.462 정보 [main] org.apache.catalina.startup.VersionLoggerListener.log 명령 행 아규먼트:  -javaagent:C:\Program Files\JetBrains\IntelliJ IDEA 2025.3.2\lib\idea_rt.jar=59397
07-Jun-2026 22:35:48.462 정보 [main] org.apache.catalina.startup.VersionLoggerListener.log 명령 행 아규먼트:  -Dfile.encoding=UTF-8
07-Jun-2026 22:35:48.465 정보 [main] org.apache.catalina.core.AprLifecycleListener.lifecycleEvent APR 버전 [1.7.6]을(를) 사용한, APR 기반 Apache Tomcat Native 라이브러리 [1.3.7]을(를) 로드했습니다.
07-Jun-2026 22:35:48.465 정보 [main] org.apache.catalina.core.AprLifecycleListener.lifecycleEvent APR 용량정보들: IPv6 [true], sendfile [true], accept filters [false], random [true], UDS [true].
07-Jun-2026 22:35:48.465 정보 [main] org.apache.catalina.core.AprLifecycleListener.lifecycleEvent APR/OpenSSL 설정: useAprConnector [false], useOpenSSL [true]
07-Jun-2026 22:35:48.469 정보 [main] org.apache.catalina.core.AprLifecycleListener.initializeSSL OpenSSL이 성공적으로 초기화되었습니다: [OpenSSL 3.0.19 27 Jan 2026]
07-Jun-2026 22:35:48.596 정보 [main] org.apache.coyote.AbstractProtocol.init 프로토콜 핸들러 ["http-nio-8080"]을(를) 초기화합니다.
07-Jun-2026 22:35:48.604 정보 [main] org.apache.catalina.startup.Catalina.load [243] 밀리초 내에 서버가 초기화되었습니다.
07-Jun-2026 22:35:48.622 정보 [main] org.apache.catalina.core.StandardService.startInternal 서비스 [Catalina]을(를) 시작합니다.
07-Jun-2026 22:35:48.622 정보 [main] org.apache.catalina.core.StandardEngine.startInternal 서버 엔진을 시작합니다: [Apache Tomcat/9.0.118]
07-Jun-2026 22:35:48.628 정보 [main] org.apache.catalina.startup.HostConfig.deployDescriptor 배치 descriptor [C:\dev\workspace\java_crud\conf\Catalina\localhost\ROOT.xml]을(를) 배치합니다.
07-Jun-2026 22:35:48.655 경고 [main] org.apache.catalina.webresources.DirResourceSet.initInternal Disabled the global canonical file name cache to protect against CVE-2024-56337 when starting the WebResourceSet at [C:\dev\workspace\java_crud\target\classes] which is part of the web application []
07-Jun-2026 22:35:49.603 정보 [main] org.apache.jasper.servlet.TldScanner.scanJars 적어도 하나의 JAR가 TLD들을 찾기 위해 스캔되었으나 아무 것도 찾지 못했습니다. 스캔했으나 TLD가 없는 JAR들의 전체 목록을 보시려면, 로그 레벨을 디버그 레벨로 설정하십시오. 스캔 과정에서 불필요한 JAR들을 건너뛰면, 시스템 시작 시간과 JSP 컴파일 시간을 단축시킬 수 있습니다.
07-Jun-2026 22:35:49.801 정보 [main] org.springframework.web.servlet.FrameworkServlet.initServletBean Initializing Servlet 'dispatcher'
07-Jun-2026 22:35:50.451 경고 [main] org.springframework.context.support.AbstractApplicationContext.refresh Exception encountered during context initialization - cancelling refresh attempt: org.springframework.beans.factory.BeanCreationException: Error creating bean with name 'sqlSessionFactory' defined in ServletContext resource [/WEB-INF/dispatcher-servlet.xml]: Initialization of bean failed; nested exception is org.springframework.beans.TypeMismatchException: Failed to convert property value of type 'java.lang.String' to required type 'org.springframework.core.io.Resource[]' for property 'mapperLocations'; nested exception is java.lang.IllegalArgumentException: Could not resolve resource location pattern [classpath:mappers/*.xml]: class path resource [mappers/] cannot be resolved to URL because it does not exist
07-Jun-2026 22:35:50.454 심각 [main] org.springframework.web.servlet.FrameworkServlet.initServletBean Context initialization failed
	org.springframework.beans.factory.BeanCreationException: Error creating bean with name 'sqlSessionFactory' defined in ServletContext resource [/WEB-INF/dispatcher-servlet.xml]: Initialization of bean failed; nested exception is org.springframework.beans.TypeMismatchException: Failed to convert property value of type 'java.lang.String' to required type 'org.springframework.core.io.Resource[]' for property 'mapperLocations'; nested exception is java.lang.IllegalArgumentException: Could not resolve resource location pattern [classpath:mappers/*.xml]: class path resource [mappers/] cannot be resolved to URL because it does not exist
		at org.springframework.beans.factory.support.AbstractAutowireCapableBeanFactory.doCreateBean(AbstractAutowireCapableBeanFactory.java:628)
		at org.springframework.beans.factory.support.AbstractAutowireCapableBeanFactory.createBean(AbstractAutowireCapableBeanFactory.java:542)
		at org.springframework.beans.factory.support.AbstractBeanFactory.lambda$doGetBean$0(AbstractBeanFactory.java:336)
		at org.springframework.beans.factory.support.DefaultSingletonBeanRegistry.getSingleton(DefaultSingletonBeanRegistry.java:234)
		at org.springframework.beans.factory.support.AbstractBeanFactory.doGetBean(AbstractBeanFactory.java:334)
		at org.springframework.beans.factory.support.AbstractBeanFactory.getBean(AbstractBeanFactory.java:209)
		at org.springframework.beans.factory.support.DefaultListableBeanFactory.preInstantiateSingletons(DefaultListableBeanFactory.java:936)
		at org.springframework.context.support.AbstractApplicationContext.finishBeanFactoryInitialization(AbstractApplicationContext.java:932)
		at org.springframework.context.support.AbstractApplicationContext.refresh(AbstractApplicationContext.java:591)
		at org.springframework.web.servlet.FrameworkServlet.configureAndRefreshWebApplicationContext(FrameworkServlet.java:702)
		at org.springframework.web.servlet.FrameworkServlet.createWebApplicationContext(FrameworkServlet.java:668)
		at org.springframework.web.servlet.FrameworkServlet.createWebApplicationContext(FrameworkServlet.java:716)
		at org.springframework.web.servlet.FrameworkServlet.initWebApplicationContext(FrameworkServlet.java:591)
		at org.springframework.web.servlet.FrameworkServlet.initServletBean(FrameworkServlet.java:530)
		at org.springframework.web.servlet.HttpServletBean.init(HttpServletBean.java:170)
		at javax.servlet.GenericServlet.init(GenericServlet.java:143)
		at org.apache.catalina.core.StandardWrapper.initServlet(StandardWrapper.java:986)
		at org.apache.catalina.core.StandardWrapper.loadServlet(StandardWrapper.java:943)
		at org.apache.catalina.core.StandardWrapper.load(StandardWrapper.java:840)
		at org.apache.catalina.core.StandardContext.loadOnStartup(StandardContext.java:4226)
		at org.apache.catalina.core.StandardContext.startInternal(StandardContext.java:4527)
		at org.apache.catalina.util.LifecycleBase.start(LifecycleBase.java:164)
		at org.apache.catalina.core.ContainerBase.addChildInternal(ContainerBase.java:597)
		at org.apache.catalina.core.ContainerBase.addChild(ContainerBase.java:569)
		at org.apache.catalina.core.StandardHost.addChild(StandardHost.java:608)
		at org.apache.catalina.startup.HostConfig.deployDescriptor(HostConfig.java:677)
		at org.apache.catalina.startup.HostConfig$DeployDescriptor.run(HostConfig.java:1836)
		at java.util.concurrent.Executors$RunnableAdapter.call(Executors.java:511)
		at java.util.concurrent.FutureTask.run(FutureTask.java:266)
		at org.apache.tomcat.util.threads.InlineExecutorService.execute(InlineExecutorService.java:82)
		at java.util.concurrent.AbstractExecutorService.submit(AbstractExecutorService.java:112)
		at org.apache.catalina.startup.HostConfig.deployDescriptors(HostConfig.java:572)
		at org.apache.catalina.startup.HostConfig.deployApps(HostConfig.java:463)
		at org.apache.catalina.startup.HostConfig.start(HostConfig.java:1576)
		at org.apache.catalina.startup.HostConfig.lifecycleEvent(HostConfig.java:309)
		at org.apache.catalina.util.LifecycleBase.fireLifecycleEvent(LifecycleBase.java:109)
		at org.apache.catalina.util.LifecycleBase.setStateInternal(LifecycleBase.java:389)
		at org.apache.catalina.util.LifecycleBase.setState(LifecycleBase.java:336)
		at org.apache.catalina.core.ContainerBase.startInternal(ContainerBase.java:774)
		at org.apache.catalina.core.StandardHost.startInternal(StandardHost.java:726)
		at org.apache.catalina.util.LifecycleBase.start(LifecycleBase.java:164)
		at org.apache.catalina.core.ContainerBase$StartChild.call(ContainerBase.java:1201)
		at org.apache.catalina.core.ContainerBase$StartChild.call(ContainerBase.java:1191)
		at java.util.concurrent.FutureTask.run(FutureTask.java:266)
		at org.apache.tomcat.util.threads.InlineExecutorService.execute(InlineExecutorService.java:82)
		at java.util.concurrent.AbstractExecutorService.submit(AbstractExecutorService.java:134)
		at org.apache.catalina.core.ContainerBase.startInternal(ContainerBase.java:747)
		at org.apache.catalina.core.StandardEngine.startInternal(StandardEngine.java:209)
		at org.apache.catalina.util.LifecycleBase.start(LifecycleBase.java:164)
		at org.apache.catalina.core.StandardService.startInternal(StandardService.java:410)
		at org.apache.catalina.util.LifecycleBase.start(LifecycleBase.java:164)
		at org.apache.catalina.core.StandardServer.startInternal(StandardServer.java:872)
		at org.apache.catalina.util.LifecycleBase.start(LifecycleBase.java:164)
		at org.apache.catalina.startup.Catalina.start(Catalina.java:736)
		at sun.reflect.NativeMethodAccessorImpl.invoke0(Native Method)
		at sun.reflect.NativeMethodAccessorImpl.invoke(NativeMethodAccessorImpl.java:62)
		at sun.reflect.DelegatingMethodAccessorImpl.invoke(DelegatingMethodAccessorImpl.java:43)
		at java.lang.reflect.Method.invoke(Method.java:498)
		at org.apache.catalina.startup.Bootstrap.start(Bootstrap.java:342)
		at org.apache.catalina.startup.Bootstrap.main(Bootstrap.java:473)
	Caused by: org.springframework.beans.TypeMismatchException: Failed to convert property value of type 'java.lang.String' to required type 'org.springframework.core.io.Resource[]' for property 'mapperLocations'; nested exception is java.lang.IllegalArgumentException: Could not resolve resource location pattern [classpath:mappers/*.xml]: class path resource [mappers/] cannot be resolved to URL because it does not exist
		at org.springframework.beans.AbstractNestablePropertyAccessor.convertIfNecessary(AbstractNestablePropertyAccessor.java:600)
		at org.springframework.beans.AbstractNestablePropertyAccessor.convertForProperty(AbstractNestablePropertyAccessor.java:609)
		at org.springframework.beans.BeanWrapperImpl.convertForProperty(BeanWrapperImpl.java:219)
		at org.springframework.beans.factory.support.AbstractAutowireCapableBeanFactory.convertForProperty(AbstractAutowireCapableBeanFactory.java:1756)
		at org.springframework.beans.factory.support.AbstractAutowireCapableBeanFactory.applyPropertyValues(AbstractAutowireCapableBeanFactory.java:1712)
		at org.springframework.beans.factory.support.AbstractAutowireCapableBeanFactory.populateBean(AbstractAutowireCapableBeanFactory.java:1452)
		at org.springframework.beans.factory.support.AbstractAutowireCapableBeanFactory.doCreateBean(AbstractAutowireCapableBeanFactory.java:619)
		... 59 more
	Caused by: java.lang.IllegalArgumentException: Could not resolve resource location pattern [classpath:mappers/*.xml]: class path resource [mappers/] cannot be resolved to URL because it does not exist
		at org.springframework.core.io.support.ResourceArrayPropertyEditor.setAsText(ResourceArrayPropertyEditor.java:121)
		at org.springframework.beans.TypeConverterDelegate.doConvertTextValue(TypeConverterDelegate.java:429)
		at org.springframework.beans.TypeConverterDelegate.doConvertValue(TypeConverterDelegate.java:402)
		at org.springframework.beans.TypeConverterDelegate.convertIfNecessary(TypeConverterDelegate.java:155)
		at org.springframework.beans.AbstractNestablePropertyAccessor.convertIfNecessary(AbstractNestablePropertyAccessor.java:590)
		... 65 more
07-Jun-2026 22:35:50.467 정보 [main] org.apache.catalina.startup.HostConfig.deployDescriptor 배치 descriptor [C:\dev\workspace\java_crud\conf\Catalina\localhost\ROOT.xml]의 배치가 [1,840] 밀리초 내에 완료되었습니다.
07-Jun-2026 22:35:50.469 정보 [main] org.apache.coyote.AbstractProtocol.start 프로토콜 핸들러 ["http-nio-8080"]을(를) 시작합니다.
07-Jun-2026 22:35:50.477 정보 [main] org.apache.catalina.startup.Catalina.start 서버가 [1872] 밀리초 내에 시작되었습니다.
07-Jun-2026 22:35:55.032 정보 [http-nio-8080-exec-1] org.springframework.web.servlet.FrameworkServlet.initServletBean Initializing Servlet 'dispatcher'
07-Jun-2026 22:35:55.113 경고 [http-nio-8080-exec-1] org.springframework.context.support.AbstractApplicationContext.refresh Exception encountered during context initialization - cancelling refresh attempt: org.springframework.beans.factory.BeanCreationException: Error creating bean with name 'sqlSessionFactory' defined in ServletContext resource [/WEB-INF/dispatcher-servlet.xml]: Initialization of bean failed; nested exception is org.springframework.beans.TypeMismatchException: Failed to convert property value of type 'java.lang.String' to required type 'org.springframework.core.io.Resource[]' for property 'mapperLocations'; nested exception is java.lang.IllegalArgumentException: Could not resolve resource location pattern [classpath:mappers/*.xml]: class path resource [mappers/] cannot be resolved to URL because it does not exist
07-Jun-2026 22:35:55.113 심각 [http-nio-8080-exec-1] org.springframework.web.servlet.FrameworkServlet.initServletBean Context initialization failed
	org.springframework.beans.factory.BeanCreationException: Error creating bean with name 'sqlSessionFactory' defined in ServletContext resource [/WEB-INF/dispatcher-servlet.xml]: Initialization of bean failed; nested exception is org.springframework.beans.TypeMismatchException: Failed to convert property value of type 'java.lang.String' to required type 'org.springframework.core.io.Resource[]' for property 'mapperLocations'; nested exception is java.lang.IllegalArgumentException: Could not resolve resource location pattern [classpath:mappers/*.xml]: class path resource [mappers/] cannot be resolved to URL because it does not exist
		at org.springframework.beans.factory.support.AbstractAutowireCapableBeanFactory.doCreateBean(AbstractAutowireCapableBeanFactory.java:628)
		at org.springframework.beans.factory.support.AbstractAutowireCapableBeanFactory.createBean(AbstractAutowireCapableBeanFactory.java:542)
		at org.springframework.beans.factory.support.AbstractBeanFactory.lambda$doGetBean$0(AbstractBeanFactory.java:336)
		at org.springframework.beans.factory.support.DefaultSingletonBeanRegistry.getSingleton(DefaultSingletonBeanRegistry.java:234)
		at org.springframework.beans.factory.support.AbstractBeanFactory.doGetBean(AbstractBeanFactory.java:334)
		at org.springframework.beans.factory.support.AbstractBeanFactory.getBean(AbstractBeanFactory.java:209)
		at org.springframework.beans.factory.support.DefaultListableBeanFactory.preInstantiateSingletons(DefaultListableBeanFactory.java:936)
		at org.springframework.context.support.AbstractApplicationContext.finishBeanFactoryInitialization(AbstractApplicationContext.java:932)
		at org.springframework.context.support.AbstractApplicationContext.refresh(AbstractApplicationContext.java:591)
		at org.springframework.web.servlet.FrameworkServlet.configureAndRefreshWebApplicationContext(FrameworkServlet.java:702)
		at org.springframework.web.servlet.FrameworkServlet.createWebApplicationContext(FrameworkServlet.java:668)
		at org.springframework.web.servlet.FrameworkServlet.createWebApplicationContext(FrameworkServlet.java:716)
		at org.springframework.web.servlet.FrameworkServlet.initWebApplicationContext(FrameworkServlet.java:591)
		at org.springframework.web.servlet.FrameworkServlet.initServletBean(FrameworkServlet.java:530)
		at org.springframework.web.servlet.HttpServletBean.init(HttpServletBean.java:170)
		at javax.servlet.GenericServlet.init(GenericServlet.java:143)
		at org.apache.catalina.core.StandardWrapper.initServlet(StandardWrapper.java:986)
		at org.apache.catalina.core.StandardWrapper.loadServlet(StandardWrapper.java:943)
		at org.apache.catalina.core.StandardWrapper.allocate(StandardWrapper.java:661)
		at org.apache.catalina.core.StandardWrapperValve.invoke(StandardWrapperValve.java:114)
		at org.apache.catalina.core.StandardContextValve.invoke(StandardContextValve.java:88)
		at org.apache.catalina.authenticator.AuthenticatorBase.invoke(AuthenticatorBase.java:491)
		at org.apache.catalina.core.StandardHostValve.invoke(StandardHostValve.java:127)
		at org.apache.catalina.valves.ErrorReportValve.invoke(ErrorReportValve.java:83)
		at org.apache.catalina.valves.AbstractAccessLogValve.invoke(AbstractAccessLogValve.java:764)
		at org.apache.catalina.core.StandardEngineValve.invoke(StandardEngineValve.java:72)
		at org.apache.catalina.connector.CoyoteAdapter.service(CoyoteAdapter.java:344)
		at org.apache.coyote.http11.Http11Processor.service(Http11Processor.java:398)
		at org.apache.coyote.AbstractProcessorLight.process(AbstractProcessorLight.java:63)
		at org.apache.coyote.AbstractProtocol$ConnectionHandler.process(AbstractProtocol.java:1309)
		at org.apache.tomcat.util.net.NioEndpoint$SocketProcessor.doRun(NioEndpoint.java:1854)
		at org.apache.tomcat.util.net.SocketProcessorBase.run(SocketProcessorBase.java:52)
		at org.apache.tomcat.util.threads.ThreadPoolExecutor.runWorker(ThreadPoolExecutor.java:973)
		at org.apache.tomcat.util.threads.ThreadPoolExecutor$Worker.run(ThreadPoolExecutor.java:491)
		at org.apache.tomcat.util.threads.TaskThread$WrappingRunnable.run(TaskThread.java:63)
		at java.lang.Thread.run(Thread.java:750)
	Caused by: org.springframework.beans.TypeMismatchException: Failed to convert property value of type 'java.lang.String' to required type 'org.springframework.core.io.Resource[]' for property 'mapperLocations'; nested exception is java.lang.IllegalArgumentException: Could not resolve resource location pattern [classpath:mappers/*.xml]: class path resource [mappers/] cannot be resolved to URL because it does not exist
		at org.springframework.beans.AbstractNestablePropertyAccessor.convertIfNecessary(AbstractNestablePropertyAccessor.java:600)
		at org.springframework.beans.AbstractNestablePropertyAccessor.convertForProperty(AbstractNestablePropertyAccessor.java:609)
		at org.springframework.beans.BeanWrapperImpl.convertForProperty(BeanWrapperImpl.java:219)
		at org.springframework.beans.factory.support.AbstractAutowireCapableBeanFactory.convertForProperty(AbstractAutowireCapableBeanFactory.java:1756)
		at org.springframework.beans.factory.support.AbstractAutowireCapableBeanFactory.applyPropertyValues(AbstractAutowireCapableBeanFactory.java:1712)
		at org.springframework.beans.factory.support.AbstractAutowireCapableBeanFactory.populateBean(AbstractAutowireCapableBeanFactory.java:1452)
		at org.springframework.beans.factory.support.AbstractAutowireCapableBeanFactory.doCreateBean(AbstractAutowireCapableBeanFactory.java:619)
		... 35 more
	Caused by: java.lang.IllegalArgumentException: Could not resolve resource location pattern [classpath:mappers/*.xml]: class path resource [mappers/] cannot be resolved to URL because it does not exist
		at org.springframework.core.io.support.ResourceArrayPropertyEditor.setAsText(ResourceArrayPropertyEditor.java:121)
		at org.springframework.beans.TypeConverterDelegate.doConvertTextValue(TypeConverterDelegate.java:429)
		at org.springframework.beans.TypeConverterDelegate.doConvertValue(TypeConverterDelegate.java:402)
		at org.springframework.beans.TypeConverterDelegate.convertIfNecessary(TypeConverterDelegate.java:155)
		at org.springframework.beans.AbstractNestablePropertyAccessor.convertIfNecessary(AbstractNestablePropertyAccessor.java:590)
		... 41 more
07-Jun-2026 22:36:30.262 정보 [Thread-2] org.apache.coyote.AbstractProtocol.pause 프로토콜 핸들러 ["http-nio-8080"]을(를) 일시 정지 중
07-Jun-2026 22:36:30.306 정보 [Thread-2] org.apache.catalina.core.StandardService.stopInternal 서비스 [Catalina]을(를) 중지시킵니다.
07-Jun-2026 22:36:30.311 경고 [Thread-2] org.apache.catalina.loader.WebappClassLoaderBase.clearReferencesJdbc 웹 애플리케이션 [ROOT]이(가) JDBC 드라이버 [org.mariadb.jdbc.Driver]을(를) 등록했지만, 웹 애플리케이션이 중지될 때, 해당 JDBC 드라이버의 등록을 제거하지 못했습니다. 메모리 누수를 방지하기 위하여, 등록을 강제로 제거했습니다.
07-Jun-2026 22:36:30.313 정보 [Thread-2] org.apache.coyote.AbstractProtocol.stop 프로토콜 핸들러 ["http-nio-8080"]을(를) 중지시킵니다.
07-Jun-2026 22:36:30.315 정보 [Thread-2] org.apache.coyote.AbstractProtocol.destroy 프로토콜 핸들러 ["http-nio-8080"]을(를) 소멸시킵니다.
07-Jun-2026 22:36:32.576 정보 [main] org.apache.catalina.startup.VersionLoggerListener.log 서버 버전 이름:    Apache Tomcat/9.0.118
07-Jun-2026 22:36:32.579 정보 [main] org.apache.catalina.startup.VersionLoggerListener.log Server 빌드 시각:  May 1 2026 19:30:30 UTC
07-Jun-2026 22:36:32.579 정보 [main] org.apache.catalina.startup.VersionLoggerListener.log Server 버전 번호:  9.0.118.0
07-Jun-2026 22:36:32.579 정보 [main] org.apache.catalina.startup.VersionLoggerListener.log 운영체제 이름:     Windows 11
07-Jun-2026 22:36:32.579 정보 [main] org.apache.catalina.startup.VersionLoggerListener.log 운영체제 버전:     10.0
07-Jun-2026 22:36:32.579 정보 [main] org.apache.catalina.startup.VersionLoggerListener.log 아키텍처:          amd64
07-Jun-2026 22:36:32.579 정보 [main] org.apache.catalina.startup.VersionLoggerListener.log 자바 홈:           C:\Users\User\.jdks\corretto-1.8.0_492\jre
07-Jun-2026 22:36:32.579 정보 [main] org.apache.catalina.startup.VersionLoggerListener.log JVM 버전:          1.8.0_492-b09
07-Jun-2026 22:36:32.579 정보 [main] org.apache.catalina.startup.VersionLoggerListener.log JVM 벤더:          Amazon.com Inc.
07-Jun-2026 22:36:32.580 정보 [main] org.apache.catalina.startup.VersionLoggerListener.log CATALINA_BASE:     C:\dev\workspace\java_crud
07-Jun-2026 22:36:32.580 정보 [main] org.apache.catalina.startup.VersionLoggerListener.log CATALINA_HOME:     C:\apache-tomcat-9.0.118
07-Jun-2026 22:36:32.580 정보 [main] org.apache.catalina.startup.VersionLoggerListener.log 명령 행 아규먼트:  -Dcatalina.home=C:\apache-tomcat-9.0.118
07-Jun-2026 22:36:32.580 정보 [main] org.apache.catalina.startup.VersionLoggerListener.log 명령 행 아규먼트:  -Dcatalina.base=C:\dev\workspace\java_crud
07-Jun-2026 22:36:32.580 정보 [main] org.apache.catalina.startup.VersionLoggerListener.log 명령 행 아규먼트:  -Djava.io.tmpdir=C:\dev\workspace\java_crud\temp
07-Jun-2026 22:36:32.580 정보 [main] org.apache.catalina.startup.VersionLoggerListener.log 명령 행 아규먼트:  -Djava.util.logging.config.file=C:\dev\workspace\java_crud\conf\logging.properties
07-Jun-2026 22:36:32.581 정보 [main] org.apache.catalina.startup.VersionLoggerListener.log 명령 행 아규먼트:  -Djava.util.logging.manager=org.apache.juli.ClassLoaderLogManager
07-Jun-2026 22:36:32.581 정보 [main] org.apache.catalina.startup.VersionLoggerListener.log 명령 행 아규먼트:  -javaagent:C:\Program Files\JetBrains\IntelliJ IDEA 2025.3.2\lib\idea_rt.jar=62484
07-Jun-2026 22:36:32.581 정보 [main] org.apache.catalina.startup.VersionLoggerListener.log 명령 행 아규먼트:  -Dfile.encoding=UTF-8
07-Jun-2026 22:36:32.583 정보 [main] org.apache.catalina.core.AprLifecycleListener.lifecycleEvent APR 버전 [1.7.6]을(를) 사용한, APR 기반 Apache Tomcat Native 라이브러리 [1.3.7]을(를) 로드했습니다.
07-Jun-2026 22:36:32.583 정보 [main] org.apache.catalina.core.AprLifecycleListener.lifecycleEvent APR 용량정보들: IPv6 [true], sendfile [true], accept filters [false], random [true], UDS [true].
07-Jun-2026 22:36:32.583 정보 [main] org.apache.catalina.core.AprLifecycleListener.lifecycleEvent APR/OpenSSL 설정: useAprConnector [false], useOpenSSL [true]
07-Jun-2026 22:36:32.588 정보 [main] org.apache.catalina.core.AprLifecycleListener.initializeSSL OpenSSL이 성공적으로 초기화되었습니다: [OpenSSL 3.0.19 27 Jan 2026]
07-Jun-2026 22:36:32.713 정보 [main] org.apache.coyote.AbstractProtocol.init 프로토콜 핸들러 ["http-nio-8080"]을(를) 초기화합니다.
07-Jun-2026 22:36:32.721 정보 [main] org.apache.catalina.startup.Catalina.load [235] 밀리초 내에 서버가 초기화되었습니다.
07-Jun-2026 22:36:32.738 정보 [main] org.apache.catalina.core.StandardService.startInternal 서비스 [Catalina]을(를) 시작합니다.
07-Jun-2026 22:36:32.738 정보 [main] org.apache.catalina.core.StandardEngine.startInternal 서버 엔진을 시작합니다: [Apache Tomcat/9.0.118]
07-Jun-2026 22:36:32.743 정보 [main] org.apache.catalina.startup.HostConfig.deployDescriptor 배치 descriptor [C:\dev\workspace\java_crud\conf\Catalina\localhost\ROOT.xml]을(를) 배치합니다.
07-Jun-2026 22:36:32.770 경고 [main] org.apache.catalina.webresources.DirResourceSet.initInternal Disabled the global canonical file name cache to protect against CVE-2024-56337 when starting the WebResourceSet at [C:\dev\workspace\java_crud\target\classes] which is part of the web application []
07-Jun-2026 22:36:33.605 정보 [main] org.apache.jasper.servlet.TldScanner.scanJars 적어도 하나의 JAR가 TLD들을 찾기 위해 스캔되었으나 아무 것도 찾지 못했습니다. 스캔했으나 TLD가 없는 JAR들의 전체 목록을 보시려면, 로그 레벨을 디버그 레벨로 설정하십시오. 스캔 과정에서 불필요한 JAR들을 건너뛰면, 시스템 시작 시간과 JSP 컴파일 시간을 단축시킬 수 있습니다.
07-Jun-2026 22:36:33.775 정보 [main] org.springframework.web.servlet.FrameworkServlet.initServletBean Initializing Servlet 'dispatcher'
07-Jun-2026 22:36:34.338 경고 [main] org.springframework.context.support.AbstractApplicationContext.refresh Exception encountered during context initialization - cancelling refresh attempt: org.springframework.beans.factory.BeanCreationException: Error creating bean with name 'sqlSessionFactory' defined in ServletContext resource [/WEB-INF/dispatcher-servlet.xml]: Initialization of bean failed; nested exception is org.springframework.beans.TypeMismatchException: Failed to convert property value of type 'java.lang.String' to required type 'org.springframework.core.io.Resource[]' for property 'mapperLocations'; nested exception is java.lang.IllegalArgumentException: Could not resolve resource location pattern [classpath:mappers/*.xml]: class path resource [mappers/] cannot be resolved to URL because it does not exist
07-Jun-2026 22:36:34.341 심각 [main] org.springframework.web.servlet.FrameworkServlet.initServletBean Context initialization failed
	org.springframework.beans.factory.BeanCreationException: Error creating bean with name 'sqlSessionFactory' defined in ServletContext resource [/WEB-INF/dispatcher-servlet.xml]: Initialization of bean failed; nested exception is org.springframework.beans.TypeMismatchException: Failed to convert property value of type 'java.lang.String' to required type 'org.springframework.core.io.Resource[]' for property 'mapperLocations'; nested exception is java.lang.IllegalArgumentException: Could not resolve resource location pattern [classpath:mappers/*.xml]: class path resource [mappers/] cannot be resolved to URL because it does not exist
		at org.springframework.beans.factory.support.AbstractAutowireCapableBeanFactory.doCreateBean(AbstractAutowireCapableBeanFactory.java:628)
		at org.springframework.beans.factory.support.AbstractAutowireCapableBeanFactory.createBean(AbstractAutowireCapableBeanFactory.java:542)
		at org.springframework.beans.factory.support.AbstractBeanFactory.lambda$doGetBean$0(AbstractBeanFactory.java:336)
		at org.springframework.beans.factory.support.DefaultSingletonBeanRegistry.getSingleton(DefaultSingletonBeanRegistry.java:234)
		at org.springframework.beans.factory.support.AbstractBeanFactory.doGetBean(AbstractBeanFactory.java:334)
		at org.springframework.beans.factory.support.AbstractBeanFactory.getBean(AbstractBeanFactory.java:209)
		at org.springframework.beans.factory.support.DefaultListableBeanFactory.preInstantiateSingletons(DefaultListableBeanFactory.java:936)
		at org.springframework.context.support.AbstractApplicationContext.finishBeanFactoryInitialization(AbstractApplicationContext.java:932)
		at org.springframework.context.support.AbstractApplicationContext.refresh(AbstractApplicationContext.java:591)
		at org.springframework.web.servlet.FrameworkServlet.configureAndRefreshWebApplicationContext(FrameworkServlet.java:702)
		at org.springframework.web.servlet.FrameworkServlet.createWebApplicationContext(FrameworkServlet.java:668)
		at org.springframework.web.servlet.FrameworkServlet.createWebApplicationContext(FrameworkServlet.java:716)
		at org.springframework.web.servlet.FrameworkServlet.initWebApplicationContext(FrameworkServlet.java:591)
		at org.springframework.web.servlet.FrameworkServlet.initServletBean(FrameworkServlet.java:530)
		at org.springframework.web.servlet.HttpServletBean.init(HttpServletBean.java:170)
		at javax.servlet.GenericServlet.init(GenericServlet.java:143)
		at org.apache.catalina.core.StandardWrapper.initServlet(StandardWrapper.java:986)
		at org.apache.catalina.core.StandardWrapper.loadServlet(StandardWrapper.java:943)
		at org.apache.catalina.core.StandardWrapper.load(StandardWrapper.java:840)
		at org.apache.catalina.core.StandardContext.loadOnStartup(StandardContext.java:4226)
		at org.apache.catalina.core.StandardContext.startInternal(StandardContext.java:4527)
		at org.apache.catalina.util.LifecycleBase.start(LifecycleBase.java:164)
		at org.apache.catalina.core.ContainerBase.addChildInternal(ContainerBase.java:597)
		at org.apache.catalina.core.ContainerBase.addChild(ContainerBase.java:569)
		at org.apache.catalina.core.StandardHost.addChild(StandardHost.java:608)
		at org.apache.catalina.startup.HostConfig.deployDescriptor(HostConfig.java:677)
		at org.apache.catalina.startup.HostConfig$DeployDescriptor.run(HostConfig.java:1836)
		at java.util.concurrent.Executors$RunnableAdapter.call(Executors.java:511)
		at java.util.concurrent.FutureTask.run(FutureTask.java:266)
		at org.apache.tomcat.util.threads.InlineExecutorService.execute(InlineExecutorService.java:82)
		at java.util.concurrent.AbstractExecutorService.submit(AbstractExecutorService.java:112)
		at org.apache.catalina.startup.HostConfig.deployDescriptors(HostConfig.java:572)
		at org.apache.catalina.startup.HostConfig.deployApps(HostConfig.java:463)
		at org.apache.catalina.startup.HostConfig.start(HostConfig.java:1576)
		at org.apache.catalina.startup.HostConfig.lifecycleEvent(HostConfig.java:309)
		at org.apache.catalina.util.LifecycleBase.fireLifecycleEvent(LifecycleBase.java:109)
		at org.apache.catalina.util.LifecycleBase.setStateInternal(LifecycleBase.java:389)
		at org.apache.catalina.util.LifecycleBase.setState(LifecycleBase.java:336)
		at org.apache.catalina.core.ContainerBase.startInternal(ContainerBase.java:774)
		at org.apache.catalina.core.StandardHost.startInternal(StandardHost.java:726)
		at org.apache.catalina.util.LifecycleBase.start(LifecycleBase.java:164)
		at org.apache.catalina.core.ContainerBase$StartChild.call(ContainerBase.java:1201)
		at org.apache.catalina.core.ContainerBase$StartChild.call(ContainerBase.java:1191)
		at java.util.concurrent.FutureTask.run(FutureTask.java:266)
		at org.apache.tomcat.util.threads.InlineExecutorService.execute(InlineExecutorService.java:82)
		at java.util.concurrent.AbstractExecutorService.submit(AbstractExecutorService.java:134)
		at org.apache.catalina.core.ContainerBase.startInternal(ContainerBase.java:747)
		at org.apache.catalina.core.StandardEngine.startInternal(StandardEngine.java:209)
		at org.apache.catalina.util.LifecycleBase.start(LifecycleBase.java:164)
		at org.apache.catalina.core.StandardService.startInternal(StandardService.java:410)
		at org.apache.catalina.util.LifecycleBase.start(LifecycleBase.java:164)
		at org.apache.catalina.core.StandardServer.startInternal(StandardServer.java:872)
		at org.apache.catalina.util.LifecycleBase.start(LifecycleBase.java:164)
		at org.apache.catalina.startup.Catalina.start(Catalina.java:736)
		at sun.reflect.NativeMethodAccessorImpl.invoke0(Native Method)
		at sun.reflect.NativeMethodAccessorImpl.invoke(NativeMethodAccessorImpl.java:62)
		at sun.reflect.DelegatingMethodAccessorImpl.invoke(DelegatingMethodAccessorImpl.java:43)
		at java.lang.reflect.Method.invoke(Method.java:498)
		at org.apache.catalina.startup.Bootstrap.start(Bootstrap.java:342)
		at org.apache.catalina.startup.Bootstrap.main(Bootstrap.java:473)
	Caused by: org.springframework.beans.TypeMismatchException: Failed to convert property value of type 'java.lang.String' to required type 'org.springframework.core.io.Resource[]' for property 'mapperLocations'; nested exception is java.lang.IllegalArgumentException: Could not resolve resource location pattern [classpath:mappers/*.xml]: class path resource [mappers/] cannot be resolved to URL because it does not exist
		at org.springframework.beans.AbstractNestablePropertyAccessor.convertIfNecessary(AbstractNestablePropertyAccessor.java:600)
		at org.springframework.beans.AbstractNestablePropertyAccessor.convertForProperty(AbstractNestablePropertyAccessor.java:609)
		at org.springframework.beans.BeanWrapperImpl.convertForProperty(BeanWrapperImpl.java:219)
		at org.springframework.beans.factory.support.AbstractAutowireCapableBeanFactory.convertForProperty(AbstractAutowireCapableBeanFactory.java:1756)
		at org.springframework.beans.factory.support.AbstractAutowireCapableBeanFactory.applyPropertyValues(AbstractAutowireCapableBeanFactory.java:1712)
		at org.springframework.beans.factory.support.AbstractAutowireCapableBeanFactory.populateBean(AbstractAutowireCapableBeanFactory.java:1452)
		at org.springframework.beans.factory.support.AbstractAutowireCapableBeanFactory.doCreateBean(AbstractAutowireCapableBeanFactory.java:619)
		... 59 more
	Caused by: java.lang.IllegalArgumentException: Could not resolve resource location pattern [classpath:mappers/*.xml]: class path resource [mappers/] cannot be resolved to URL because it does not exist
		at org.springframework.core.io.support.ResourceArrayPropertyEditor.setAsText(ResourceArrayPropertyEditor.java:121)
		at org.springframework.beans.TypeConverterDelegate.doConvertTextValue(TypeConverterDelegate.java:429)
		at org.springframework.beans.TypeConverterDelegate.doConvertValue(TypeConverterDelegate.java:402)
		at org.springframework.beans.TypeConverterDelegate.convertIfNecessary(TypeConverterDelegate.java:155)
		at org.springframework.beans.AbstractNestablePropertyAccessor.convertIfNecessary(AbstractNestablePropertyAccessor.java:590)
		... 65 more
07-Jun-2026 22:36:34.351 정보 [main] org.apache.catalina.startup.HostConfig.deployDescriptor 배치 descriptor [C:\dev\workspace\java_crud\conf\Catalina\localhost\ROOT.xml]의 배치가 [1,607] 밀리초 내에 완료되었습니다.
07-Jun-2026 22:36:34.354 정보 [main] org.apache.coyote.AbstractProtocol.start 프로토콜 핸들러 ["http-nio-8080"]을(를) 시작합니다.
07-Jun-2026 22:36:34.361 정보 [main] org.apache.catalina.startup.Catalina.start 서버가 [1639] 밀리초 내에 시작되었습니다.
07-Jun-2026 22:36:36.500 정보 [http-nio-8080-exec-1] org.springframework.web.servlet.FrameworkServlet.initServletBean Initializing Servlet 'dispatcher'
07-Jun-2026 22:36:36.589 경고 [http-nio-8080-exec-1] org.springframework.context.support.AbstractApplicationContext.refresh Exception encountered during context initialization - cancelling refresh attempt: org.springframework.beans.factory.BeanCreationException: Error creating bean with name 'sqlSessionFactory' defined in ServletContext resource [/WEB-INF/dispatcher-servlet.xml]: Initialization of bean failed; nested exception is org.springframework.beans.TypeMismatchException: Failed to convert property value of type 'java.lang.String' to required type 'org.springframework.core.io.Resource[]' for property 'mapperLocations'; nested exception is java.lang.IllegalArgumentException: Could not resolve resource location pattern [classpath:mappers/*.xml]: class path resource [mappers/] cannot be resolved to URL because it does not exist
07-Jun-2026 22:36:36.589 심각 [http-nio-8080-exec-1] org.springframework.web.servlet.FrameworkServlet.initServletBean Context initialization failed
	org.springframework.beans.factory.BeanCreationException: Error creating bean with name 'sqlSessionFactory' defined in ServletContext resource [/WEB-INF/dispatcher-servlet.xml]: Initialization of bean failed; nested exception is org.springframework.beans.TypeMismatchException: Failed to convert property value of type 'java.lang.String' to required type 'org.springframework.core.io.Resource[]' for property 'mapperLocations'; nested exception is java.lang.IllegalArgumentException: Could not resolve resource location pattern [classpath:mappers/*.xml]: class path resource [mappers/] cannot be resolved to URL because it does not exist
		at org.springframework.beans.factory.support.AbstractAutowireCapableBeanFactory.doCreateBean(AbstractAutowireCapableBeanFactory.java:628)
		at org.springframework.beans.factory.support.AbstractAutowireCapableBeanFactory.createBean(AbstractAutowireCapableBeanFactory.java:542)
		at org.springframework.beans.factory.support.AbstractBeanFactory.lambda$doGetBean$0(AbstractBeanFactory.java:336)
		at org.springframework.beans.factory.support.DefaultSingletonBeanRegistry.getSingleton(DefaultSingletonBeanRegistry.java:234)
		at org.springframework.beans.factory.support.AbstractBeanFactory.doGetBean(AbstractBeanFactory.java:334)
		at org.springframework.beans.factory.support.AbstractBeanFactory.getBean(AbstractBeanFactory.java:209)
		at org.springframework.beans.factory.support.DefaultListableBeanFactory.preInstantiateSingletons(DefaultListableBeanFactory.java:936)
		at org.springframework.context.support.AbstractApplicationContext.finishBeanFactoryInitialization(AbstractApplicationContext.java:932)
		at org.springframework.context.support.AbstractApplicationContext.refresh(AbstractApplicationContext.java:591)
		at org.springframework.web.servlet.FrameworkServlet.configureAndRefreshWebApplicationContext(FrameworkServlet.java:702)
		at org.springframework.web.servlet.FrameworkServlet.createWebApplicationContext(FrameworkServlet.java:668)
		at org.springframework.web.servlet.FrameworkServlet.createWebApplicationContext(FrameworkServlet.java:716)
		at org.springframework.web.servlet.FrameworkServlet.initWebApplicationContext(FrameworkServlet.java:591)
		at org.springframework.web.servlet.FrameworkServlet.initServletBean(FrameworkServlet.java:530)
		at org.springframework.web.servlet.HttpServletBean.init(HttpServletBean.java:170)
		at javax.servlet.GenericServlet.init(GenericServlet.java:143)
		at org.apache.catalina.core.StandardWrapper.initServlet(StandardWrapper.java:986)
		at org.apache.catalina.core.StandardWrapper.loadServlet(StandardWrapper.java:943)
		at org.apache.catalina.core.StandardWrapper.allocate(StandardWrapper.java:661)
		at org.apache.catalina.core.StandardWrapperValve.invoke(StandardWrapperValve.java:114)
		at org.apache.catalina.core.StandardContextValve.invoke(StandardContextValve.java:88)
		at org.apache.catalina.authenticator.AuthenticatorBase.invoke(AuthenticatorBase.java:491)
		at org.apache.catalina.core.StandardHostValve.invoke(StandardHostValve.java:127)
		at org.apache.catalina.valves.ErrorReportValve.invoke(ErrorReportValve.java:83)
		at org.apache.catalina.valves.AbstractAccessLogValve.invoke(AbstractAccessLogValve.java:764)
		at org.apache.catalina.core.StandardEngineValve.invoke(StandardEngineValve.java:72)
		at org.apache.catalina.connector.CoyoteAdapter.service(CoyoteAdapter.java:344)
		at org.apache.coyote.http11.Http11Processor.service(Http11Processor.java:398)
		at org.apache.coyote.AbstractProcessorLight.process(AbstractProcessorLight.java:63)
		at org.apache.coyote.AbstractProtocol$ConnectionHandler.process(AbstractProtocol.java:1309)
		at org.apache.tomcat.util.net.NioEndpoint$SocketProcessor.doRun(NioEndpoint.java:1854)
		at org.apache.tomcat.util.net.SocketProcessorBase.run(SocketProcessorBase.java:52)
		at org.apache.tomcat.util.threads.ThreadPoolExecutor.runWorker(ThreadPoolExecutor.java:973)
		at org.apache.tomcat.util.threads.ThreadPoolExecutor$Worker.run(ThreadPoolExecutor.java:491)
		at org.apache.tomcat.util.threads.TaskThread$WrappingRunnable.run(TaskThread.java:63)
		at java.lang.Thread.run(Thread.java:750)
	Caused by: org.springframework.beans.TypeMismatchException: Failed to convert property value of type 'java.lang.String' to required type 'org.springframework.core.io.Resource[]' for property 'mapperLocations'; nested exception is java.lang.IllegalArgumentException: Could not resolve resource location pattern [classpath:mappers/*.xml]: class path resource [mappers/] cannot be resolved to URL because it does not exist
		at org.springframework.beans.AbstractNestablePropertyAccessor.convertIfNecessary(AbstractNestablePropertyAccessor.java:600)
		at org.springframework.beans.AbstractNestablePropertyAccessor.convertForProperty(AbstractNestablePropertyAccessor.java:609)
		at org.springframework.beans.BeanWrapperImpl.convertForProperty(BeanWrapperImpl.java:219)
		at org.springframework.beans.factory.support.AbstractAutowireCapableBeanFactory.convertForProperty(AbstractAutowireCapableBeanFactory.java:1756)
		at org.springframework.beans.factory.support.AbstractAutowireCapableBeanFactory.applyPropertyValues(AbstractAutowireCapableBeanFactory.java:1712)
		at org.springframework.beans.factory.support.AbstractAutowireCapableBeanFactory.populateBean(AbstractAutowireCapableBeanFactory.java:1452)
		at org.springframework.beans.factory.support.AbstractAutowireCapableBeanFactory.doCreateBean(AbstractAutowireCapableBeanFactory.java:619)
		... 35 more
	Caused by: java.lang.IllegalArgumentException: Could not resolve resource location pattern [classpath:mappers/*.xml]: class path resource [mappers/] cannot be resolved to URL because it does not exist
		at org.springframework.core.io.support.ResourceArrayPropertyEditor.setAsText(ResourceArrayPropertyEditor.java:121)
		at org.springframework.beans.TypeConverterDelegate.doConvertTextValue(TypeConverterDelegate.java:429)
		at org.springframework.beans.TypeConverterDelegate.doConvertValue(TypeConverterDelegate.java:402)
		at org.springframework.beans.TypeConverterDelegate.convertIfNecessary(TypeConverterDelegate.java:155)
		at org.springframework.beans.AbstractNestablePropertyAccessor.convertIfNecessary(AbstractNestablePropertyAccessor.java:590)
		... 41 more
07-Jun-2026 22:37:25.723 정보 [Thread-2] org.apache.coyote.AbstractProtocol.pause 프로토콜 핸들러 ["http-nio-8080"]을(를) 일시 정지 중
07-Jun-2026 22:37:25.765 정보 [Thread-2] org.apache.catalina.core.StandardService.stopInternal 서비스 [Catalina]을(를) 중지시킵니다.
07-Jun-2026 22:37:25.772 경고 [Thread-2] org.apache.catalina.loader.WebappClassLoaderBase.clearReferencesJdbc 웹 애플리케이션 [ROOT]이(가) JDBC 드라이버 [org.mariadb.jdbc.Driver]을(를) 등록했지만, 웹 애플리케이션이 중지될 때, 해당 JDBC 드라이버의 등록을 제거하지 못했습니다. 메모리 누수를 방지하기 위하여, 등록을 강제로 제거했습니다.
07-Jun-2026 22:37:25.774 정보 [Thread-2] org.apache.coyote.AbstractProtocol.stop 프로토콜 핸들러 ["http-nio-8080"]을(를) 중지시킵니다.
07-Jun-2026 22:37:25.776 정보 [Thread-2] org.apache.coyote.AbstractProtocol.destroy 프로토콜 핸들러 ["http-nio-8080"]을(를) 소멸시킵니다.
07-Jun-2026 22:37:28.096 정보 [main] org.apache.catalina.startup.VersionLoggerListener.log 서버 버전 이름:    Apache Tomcat/9.0.118
07-Jun-2026 22:37:28.099 정보 [main] org.apache.catalina.startup.VersionLoggerListener.log Server 빌드 시각:  May 1 2026 19:30:30 UTC
07-Jun-2026 22:37:28.099 정보 [main] org.apache.catalina.startup.VersionLoggerListener.log Server 버전 번호:  9.0.118.0
07-Jun-2026 22:37:28.099 정보 [main] org.apache.catalina.startup.VersionLoggerListener.log 운영체제 이름:     Windows 11
07-Jun-2026 22:37:28.099 정보 [main] org.apache.catalina.startup.VersionLoggerListener.log 운영체제 버전:     10.0
07-Jun-2026 22:37:28.099 정보 [main] org.apache.catalina.startup.VersionLoggerListener.log 아키텍처:          amd64
07-Jun-2026 22:37:28.099 정보 [main] org.apache.catalina.startup.VersionLoggerListener.log 자바 홈:           C:\Users\User\.jdks\corretto-1.8.0_492\jre
07-Jun-2026 22:37:28.100 정보 [main] org.apache.catalina.startup.VersionLoggerListener.log JVM 버전:          1.8.0_492-b09
07-Jun-2026 22:37:28.100 정보 [main] org.apache.catalina.startup.VersionLoggerListener.log JVM 벤더:          Amazon.com Inc.
07-Jun-2026 22:37:28.100 정보 [main] org.apache.catalina.startup.VersionLoggerListener.log CATALINA_BASE:     C:\dev\workspace\java_crud
07-Jun-2026 22:37:28.100 정보 [main] org.apache.catalina.startup.VersionLoggerListener.log CATALINA_HOME:     C:\apache-tomcat-9.0.118
07-Jun-2026 22:37:28.100 정보 [main] org.apache.catalina.startup.VersionLoggerListener.log 명령 행 아규먼트:  -Dcatalina.home=C:\apache-tomcat-9.0.118
07-Jun-2026 22:37:28.100 정보 [main] org.apache.catalina.startup.VersionLoggerListener.log 명령 행 아규먼트:  -Dcatalina.base=C:\dev\workspace\java_crud
07-Jun-2026 22:37:28.100 정보 [main] org.apache.catalina.startup.VersionLoggerListener.log 명령 행 아규먼트:  -Djava.io.tmpdir=C:\dev\workspace\java_crud\temp
07-Jun-2026 22:37:28.100 정보 [main] org.apache.catalina.startup.VersionLoggerListener.log 명령 행 아규먼트:  -Djava.util.logging.config.file=C:\dev\workspace\java_crud\conf\logging.properties
07-Jun-2026 22:37:28.100 정보 [main] org.apache.catalina.startup.VersionLoggerListener.log 명령 행 아규먼트:  -Djava.util.logging.manager=org.apache.juli.ClassLoaderLogManager
07-Jun-2026 22:37:28.100 정보 [main] org.apache.catalina.startup.VersionLoggerListener.log 명령 행 아규먼트:  -javaagent:C:\Program Files\JetBrains\IntelliJ IDEA 2025.3.2\lib\idea_rt.jar=60122
07-Jun-2026 22:37:28.100 정보 [main] org.apache.catalina.startup.VersionLoggerListener.log 명령 행 아규먼트:  -Dfile.encoding=UTF-8
07-Jun-2026 22:37:28.103 정보 [main] org.apache.catalina.core.AprLifecycleListener.lifecycleEvent APR 버전 [1.7.6]을(를) 사용한, APR 기반 Apache Tomcat Native 라이브러리 [1.3.7]을(를) 로드했습니다.
07-Jun-2026 22:37:28.103 정보 [main] org.apache.catalina.core.AprLifecycleListener.lifecycleEvent APR 용량정보들: IPv6 [true], sendfile [true], accept filters [false], random [true], UDS [true].
07-Jun-2026 22:37:28.103 정보 [main] org.apache.catalina.core.AprLifecycleListener.lifecycleEvent APR/OpenSSL 설정: useAprConnector [false], useOpenSSL [true]
07-Jun-2026 22:37:28.107 정보 [main] org.apache.catalina.core.AprLifecycleListener.initializeSSL OpenSSL이 성공적으로 초기화되었습니다: [OpenSSL 3.0.19 27 Jan 2026]
07-Jun-2026 22:37:28.228 정보 [main] org.apache.coyote.AbstractProtocol.init 프로토콜 핸들러 ["http-nio-8080"]을(를) 초기화합니다.
07-Jun-2026 22:37:28.236 정보 [main] org.apache.catalina.startup.Catalina.load [233] 밀리초 내에 서버가 초기화되었습니다.
07-Jun-2026 22:37:28.254 정보 [main] org.apache.catalina.core.StandardService.startInternal 서비스 [Catalina]을(를) 시작합니다.
07-Jun-2026 22:37:28.254 정보 [main] org.apache.catalina.core.StandardEngine.startInternal 서버 엔진을 시작합니다: [Apache Tomcat/9.0.118]
07-Jun-2026 22:37:28.259 정보 [main] org.apache.catalina.startup.HostConfig.deployDescriptor 배치 descriptor [C:\dev\workspace\java_crud\conf\Catalina\localhost\ROOT.xml]을(를) 배치합니다.
07-Jun-2026 22:37:28.285 경고 [main] org.apache.catalina.webresources.DirResourceSet.initInternal Disabled the global canonical file name cache to protect against CVE-2024-56337 when starting the WebResourceSet at [C:\dev\workspace\java_crud\target\classes] which is part of the web application []
07-Jun-2026 22:37:29.116 정보 [main] org.apache.jasper.servlet.TldScanner.scanJars 적어도 하나의 JAR가 TLD들을 찾기 위해 스캔되었으나 아무 것도 찾지 못했습니다. 스캔했으나 TLD가 없는 JAR들의 전체 목록을 보시려면, 로그 레벨을 디버그 레벨로 설정하십시오. 스캔 과정에서 불필요한 JAR들을 건너뛰면, 시스템 시작 시간과 JSP 컴파일 시간을 단축시킬 수 있습니다.
07-Jun-2026 22:37:29.285 정보 [main] org.springframework.web.servlet.FrameworkServlet.initServletBean Initializing Servlet 'dispatcher'
07-Jun-2026 22:37:29.913 경고 [main] org.springframework.context.support.AbstractApplicationContext.refresh Exception encountered during context initialization - cancelling refresh attempt: org.springframework.beans.factory.BeanCreationException: Error creating bean with name 'sqlSessionFactory' defined in ServletContext resource [/WEB-INF/dispatcher-servlet.xml]: Initialization of bean failed; nested exception is org.springframework.beans.TypeMismatchException: Failed to convert property value of type 'java.lang.String' to required type 'org.springframework.core.io.Resource[]' for property 'mapperLocations'; nested exception is java.lang.IllegalArgumentException: Could not resolve resource location pattern [classpath:mappers/*.xml]: class path resource [mappers/] cannot be resolved to URL because it does not exist
07-Jun-2026 22:37:29.916 심각 [main] org.springframework.web.servlet.FrameworkServlet.initServletBean Context initialization failed
	org.springframework.beans.factory.BeanCreationException: Error creating bean with name 'sqlSessionFactory' defined in ServletContext resource [/WEB-INF/dispatcher-servlet.xml]: Initialization of bean failed; nested exception is org.springframework.beans.TypeMismatchException: Failed to convert property value of type 'java.lang.String' to required type 'org.springframework.core.io.Resource[]' for property 'mapperLocations'; nested exception is java.lang.IllegalArgumentException: Could not resolve resource location pattern [classpath:mappers/*.xml]: class path resource [mappers/] cannot be resolved to URL because it does not exist
		at org.springframework.beans.factory.support.AbstractAutowireCapableBeanFactory.doCreateBean(AbstractAutowireCapableBeanFactory.java:628)
		at org.springframework.beans.factory.support.AbstractAutowireCapableBeanFactory.createBean(AbstractAutowireCapableBeanFactory.java:542)
		at org.springframework.beans.factory.support.AbstractBeanFactory.lambda$doGetBean$0(AbstractBeanFactory.java:336)
		at org.springframework.beans.factory.support.DefaultSingletonBeanRegistry.getSingleton(DefaultSingletonBeanRegistry.java:234)
		at org.springframework.beans.factory.support.AbstractBeanFactory.doGetBean(AbstractBeanFactory.java:334)
		at org.springframework.beans.factory.support.AbstractBeanFactory.getBean(AbstractBeanFactory.java:209)
		at org.springframework.beans.factory.support.DefaultListableBeanFactory.preInstantiateSingletons(DefaultListableBeanFactory.java:936)
		at org.springframework.context.support.AbstractApplicationContext.finishBeanFactoryInitialization(AbstractApplicationContext.java:932)
		at org.springframework.context.support.AbstractApplicationContext.refresh(AbstractApplicationContext.java:591)
		at org.springframework.web.servlet.FrameworkServlet.configureAndRefreshWebApplicationContext(FrameworkServlet.java:702)
		at org.springframework.web.servlet.FrameworkServlet.createWebApplicationContext(FrameworkServlet.java:668)
		at org.springframework.web.servlet.FrameworkServlet.createWebApplicationContext(FrameworkServlet.java:716)
		at org.springframework.web.servlet.FrameworkServlet.initWebApplicationContext(FrameworkServlet.java:591)
		at org.springframework.web.servlet.FrameworkServlet.initServletBean(FrameworkServlet.java:530)
		at org.springframework.web.servlet.HttpServletBean.init(HttpServletBean.java:170)
		at javax.servlet.GenericServlet.init(GenericServlet.java:143)
		at org.apache.catalina.core.StandardWrapper.initServlet(StandardWrapper.java:986)
		at org.apache.catalina.core.StandardWrapper.loadServlet(StandardWrapper.java:943)
		at org.apache.catalina.core.StandardWrapper.load(StandardWrapper.java:840)
		at org.apache.catalina.core.StandardContext.loadOnStartup(StandardContext.java:4226)
		at org.apache.catalina.core.StandardContext.startInternal(StandardContext.java:4527)
		at org.apache.catalina.util.LifecycleBase.start(LifecycleBase.java:164)
		at org.apache.catalina.core.ContainerBase.addChildInternal(ContainerBase.java:597)
		at org.apache.catalina.core.ContainerBase.addChild(ContainerBase.java:569)
		at org.apache.catalina.core.StandardHost.addChild(StandardHost.java:608)
		at org.apache.catalina.startup.HostConfig.deployDescriptor(HostConfig.java:677)
		at org.apache.catalina.startup.HostConfig$DeployDescriptor.run(HostConfig.java:1836)
		at java.util.concurrent.Executors$RunnableAdapter.call(Executors.java:511)
		at java.util.concurrent.FutureTask.run(FutureTask.java:266)
		at org.apache.tomcat.util.threads.InlineExecutorService.execute(InlineExecutorService.java:82)
		at java.util.concurrent.AbstractExecutorService.submit(AbstractExecutorService.java:112)
		at org.apache.catalina.startup.HostConfig.deployDescriptors(HostConfig.java:572)
		at org.apache.catalina.startup.HostConfig.deployApps(HostConfig.java:463)
		at org.apache.catalina.startup.HostConfig.start(HostConfig.java:1576)
		at org.apache.catalina.startup.HostConfig.lifecycleEvent(HostConfig.java:309)
		at org.apache.catalina.util.LifecycleBase.fireLifecycleEvent(LifecycleBase.java:109)
		at org.apache.catalina.util.LifecycleBase.setStateInternal(LifecycleBase.java:389)
		at org.apache.catalina.util.LifecycleBase.setState(LifecycleBase.java:336)
		at org.apache.catalina.core.ContainerBase.startInternal(ContainerBase.java:774)
		at org.apache.catalina.core.StandardHost.startInternal(StandardHost.java:726)
		at org.apache.catalina.util.LifecycleBase.start(LifecycleBase.java:164)
		at org.apache.catalina.core.ContainerBase$StartChild.call(ContainerBase.java:1201)
		at org.apache.catalina.core.ContainerBase$StartChild.call(ContainerBase.java:1191)
		at java.util.concurrent.FutureTask.run(FutureTask.java:266)
		at org.apache.tomcat.util.threads.InlineExecutorService.execute(InlineExecutorService.java:82)
		at java.util.concurrent.AbstractExecutorService.submit(AbstractExecutorService.java:134)
		at org.apache.catalina.core.ContainerBase.startInternal(ContainerBase.java:747)
		at org.apache.catalina.core.StandardEngine.startInternal(StandardEngine.java:209)
		at org.apache.catalina.util.LifecycleBase.start(LifecycleBase.java:164)
		at org.apache.catalina.core.StandardService.startInternal(StandardService.java:410)
		at org.apache.catalina.util.LifecycleBase.start(LifecycleBase.java:164)
		at org.apache.catalina.core.StandardServer.startInternal(StandardServer.java:872)
		at org.apache.catalina.util.LifecycleBase.start(LifecycleBase.java:164)
		at org.apache.catalina.startup.Catalina.start(Catalina.java:736)
		at sun.reflect.NativeMethodAccessorImpl.invoke0(Native Method)
		at sun.reflect.NativeMethodAccessorImpl.invoke(NativeMethodAccessorImpl.java:62)
		at sun.reflect.DelegatingMethodAccessorImpl.invoke(DelegatingMethodAccessorImpl.java:43)
		at java.lang.reflect.Method.invoke(Method.java:498)
		at org.apache.catalina.startup.Bootstrap.start(Bootstrap.java:342)
		at org.apache.catalina.startup.Bootstrap.main(Bootstrap.java:473)
	Caused by: org.springframework.beans.TypeMismatchException: Failed to convert property value of type 'java.lang.String' to required type 'org.springframework.core.io.Resource[]' for property 'mapperLocations'; nested exception is java.lang.IllegalArgumentException: Could not resolve resource location pattern [classpath:mappers/*.xml]: class path resource [mappers/] cannot be resolved to URL because it does not exist
		at org.springframework.beans.AbstractNestablePropertyAccessor.convertIfNecessary(AbstractNestablePropertyAccessor.java:600)
		at org.springframework.beans.AbstractNestablePropertyAccessor.convertForProperty(AbstractNestablePropertyAccessor.java:609)
		at org.springframework.beans.BeanWrapperImpl.convertForProperty(BeanWrapperImpl.java:219)
		at org.springframework.beans.factory.support.AbstractAutowireCapableBeanFactory.convertForProperty(AbstractAutowireCapableBeanFactory.java:1756)
		at org.springframework.beans.factory.support.AbstractAutowireCapableBeanFactory.applyPropertyValues(AbstractAutowireCapableBeanFactory.java:1712)
		at org.springframework.beans.factory.support.AbstractAutowireCapableBeanFactory.populateBean(AbstractAutowireCapableBeanFactory.java:1452)
		at org.springframework.beans.factory.support.AbstractAutowireCapableBeanFactory.doCreateBean(AbstractAutowireCapableBeanFactory.java:619)
		... 59 more
	Caused by: java.lang.IllegalArgumentException: Could not resolve resource location pattern [classpath:mappers/*.xml]: class path resource [mappers/] cannot be resolved to URL because it does not exist
		at org.springframework.core.io.support.ResourceArrayPropertyEditor.setAsText(ResourceArrayPropertyEditor.java:121)
		at org.springframework.beans.TypeConverterDelegate.doConvertTextValue(TypeConverterDelegate.java:429)
		at org.springframework.beans.TypeConverterDelegate.doConvertValue(TypeConverterDelegate.java:402)
		at org.springframework.beans.TypeConverterDelegate.convertIfNecessary(TypeConverterDelegate.java:155)
		at org.springframework.beans.AbstractNestablePropertyAccessor.convertIfNecessary(AbstractNestablePropertyAccessor.java:590)
		... 65 more
07-Jun-2026 22:37:29.926 정보 [main] org.apache.catalina.startup.HostConfig.deployDescriptor 배치 descriptor [C:\dev\workspace\java_crud\conf\Catalina\localhost\ROOT.xml]의 배치가 [1,666] 밀리초 내에 완료되었습니다.
07-Jun-2026 22:37:29.929 정보 [main] org.apache.coyote.AbstractProtocol.start 프로토콜 핸들러 ["http-nio-8080"]을(를) 시작합니다.
07-Jun-2026 22:37:29.936 정보 [main] org.apache.catalina.startup.Catalina.start 서버가 [1699] 밀리초 내에 시작되었습니다.
07-Jun-2026 22:37:31.337 정보 [http-nio-8080-exec-1] org.springframework.web.servlet.FrameworkServlet.initServletBean Initializing Servlet 'dispatcher'
07-Jun-2026 22:37:31.428 경고 [http-nio-8080-exec-1] org.springframework.context.support.AbstractApplicationContext.refresh Exception encountered during context initialization - cancelling refresh attempt: org.springframework.beans.factory.BeanCreationException: Error creating bean with name 'sqlSessionFactory' defined in ServletContext resource [/WEB-INF/dispatcher-servlet.xml]: Initialization of bean failed; nested exception is org.springframework.beans.TypeMismatchException: Failed to convert property value of type 'java.lang.String' to required type 'org.springframework.core.io.Resource[]' for property 'mapperLocations'; nested exception is java.lang.IllegalArgumentException: Could not resolve resource location pattern [classpath:mappers/*.xml]: class path resource [mappers/] cannot be resolved to URL because it does not exist
07-Jun-2026 22:37:31.428 심각 [http-nio-8080-exec-1] org.springframework.web.servlet.FrameworkServlet.initServletBean Context initialization failed
	org.springframework.beans.factory.BeanCreationException: Error creating bean with name 'sqlSessionFactory' defined in ServletContext resource [/WEB-INF/dispatcher-servlet.xml]: Initialization of bean failed; nested exception is org.springframework.beans.TypeMismatchException: Failed to convert property value of type 'java.lang.String' to required type 'org.springframework.core.io.Resource[]' for property 'mapperLocations'; nested exception is java.lang.IllegalArgumentException: Could not resolve resource location pattern [classpath:mappers/*.xml]: class path resource [mappers/] cannot be resolved to URL because it does not exist
		at org.springframework.beans.factory.support.AbstractAutowireCapableBeanFactory.doCreateBean(AbstractAutowireCapableBeanFactory.java:628)
		at org.springframework.beans.factory.support.AbstractAutowireCapableBeanFactory.createBean(AbstractAutowireCapableBeanFactory.java:542)
		at org.springframework.beans.factory.support.AbstractBeanFactory.lambda$doGetBean$0(AbstractBeanFactory.java:336)
		at org.springframework.beans.factory.support.DefaultSingletonBeanRegistry.getSingleton(DefaultSingletonBeanRegistry.java:234)
		at org.springframework.beans.factory.support.AbstractBeanFactory.doGetBean(AbstractBeanFactory.java:334)
		at org.springframework.beans.factory.support.AbstractBeanFactory.getBean(AbstractBeanFactory.java:209)
		at org.springframework.beans.factory.support.DefaultListableBeanFactory.preInstantiateSingletons(DefaultListableBeanFactory.java:936)
		at org.springframework.context.support.AbstractApplicationContext.finishBeanFactoryInitialization(AbstractApplicationContext.java:932)
		at org.springframework.context.support.AbstractApplicationContext.refresh(AbstractApplicationContext.java:591)
		at org.springframework.web.servlet.FrameworkServlet.configureAndRefreshWebApplicationContext(FrameworkServlet.java:702)
		at org.springframework.web.servlet.FrameworkServlet.createWebApplicationContext(FrameworkServlet.java:668)
		at org.springframework.web.servlet.FrameworkServlet.createWebApplicationContext(FrameworkServlet.java:716)
		at org.springframework.web.servlet.FrameworkServlet.initWebApplicationContext(FrameworkServlet.java:591)
		at org.springframework.web.servlet.FrameworkServlet.initServletBean(FrameworkServlet.java:530)
		at org.springframework.web.servlet.HttpServletBean.init(HttpServletBean.java:170)
		at javax.servlet.GenericServlet.init(GenericServlet.java:143)
		at org.apache.catalina.core.StandardWrapper.initServlet(StandardWrapper.java:986)
		at org.apache.catalina.core.StandardWrapper.loadServlet(StandardWrapper.java:943)
		at org.apache.catalina.core.StandardWrapper.allocate(StandardWrapper.java:661)
		at org.apache.catalina.core.StandardWrapperValve.invoke(StandardWrapperValve.java:114)
		at org.apache.catalina.core.StandardContextValve.invoke(StandardContextValve.java:88)
		at org.apache.catalina.authenticator.AuthenticatorBase.invoke(AuthenticatorBase.java:491)
		at org.apache.catalina.core.StandardHostValve.invoke(StandardHostValve.java:127)
		at org.apache.catalina.valves.ErrorReportValve.invoke(ErrorReportValve.java:83)
		at org.apache.catalina.valves.AbstractAccessLogValve.invoke(AbstractAccessLogValve.java:764)
		at org.apache.catalina.core.StandardEngineValve.invoke(StandardEngineValve.java:72)
		at org.apache.catalina.connector.CoyoteAdapter.service(CoyoteAdapter.java:344)
		at org.apache.coyote.http11.Http11Processor.service(Http11Processor.java:398)
		at org.apache.coyote.AbstractProcessorLight.process(AbstractProcessorLight.java:63)
		at org.apache.coyote.AbstractProtocol$ConnectionHandler.process(AbstractProtocol.java:1309)
		at org.apache.tomcat.util.net.NioEndpoint$SocketProcessor.doRun(NioEndpoint.java:1854)
		at org.apache.tomcat.util.net.SocketProcessorBase.run(SocketProcessorBase.java:52)
		at org.apache.tomcat.util.threads.ThreadPoolExecutor.runWorker(ThreadPoolExecutor.java:973)
		at org.apache.tomcat.util.threads.ThreadPoolExecutor$Worker.run(ThreadPoolExecutor.java:491)
		at org.apache.tomcat.util.threads.TaskThread$WrappingRunnable.run(TaskThread.java:63)
		at java.lang.Thread.run(Thread.java:750)
	Caused by: org.springframework.beans.TypeMismatchException: Failed to convert property value of type 'java.lang.String' to required type 'org.springframework.core.io.Resource[]' for property 'mapperLocations'; nested exception is java.lang.IllegalArgumentException: Could not resolve resource location pattern [classpath:mappers/*.xml]: class path resource [mappers/] cannot be resolved to URL because it does not exist
		at org.springframework.beans.AbstractNestablePropertyAccessor.convertIfNecessary(AbstractNestablePropertyAccessor.java:600)
		at org.springframework.beans.AbstractNestablePropertyAccessor.convertForProperty(AbstractNestablePropertyAccessor.java:609)
		at org.springframework.beans.BeanWrapperImpl.convertForProperty(BeanWrapperImpl.java:219)
		at org.springframework.beans.factory.support.AbstractAutowireCapableBeanFactory.convertForProperty(AbstractAutowireCapableBeanFactory.java:1756)
		at org.springframework.beans.factory.support.AbstractAutowireCapableBeanFactory.applyPropertyValues(AbstractAutowireCapableBeanFactory.java:1712)
		at org.springframework.beans.factory.support.AbstractAutowireCapableBeanFactory.populateBean(AbstractAutowireCapableBeanFactory.java:1452)
		at org.springframework.beans.factory.support.AbstractAutowireCapableBeanFactory.doCreateBean(AbstractAutowireCapableBeanFactory.java:619)
		... 35 more
	Caused by: java.lang.IllegalArgumentException: Could not resolve resource location pattern [classpath:mappers/*.xml]: class path resource [mappers/] cannot be resolved to URL because it does not exist
		at org.springframework.core.io.support.ResourceArrayPropertyEditor.setAsText(ResourceArrayPropertyEditor.java:121)
		at org.springframework.beans.TypeConverterDelegate.doConvertTextValue(TypeConverterDelegate.java:429)
		at org.springframework.beans.TypeConverterDelegate.doConvertValue(TypeConverterDelegate.java:402)
		at org.springframework.beans.TypeConverterDelegate.convertIfNecessary(TypeConverterDelegate.java:155)
		at org.springframework.beans.AbstractNestablePropertyAccessor.convertIfNecessary(AbstractNestablePropertyAccessor.java:590)
		... 41 more
07-Jun-2026 22:37:33.581 정보 [http-nio-8080-exec-2] org.springframework.web.servlet.FrameworkServlet.initServletBean Initializing Servlet 'dispatcher'
07-Jun-2026 22:37:33.671 경고 [http-nio-8080-exec-2] org.springframework.context.support.AbstractApplicationContext.refresh Exception encountered during context initialization - cancelling refresh attempt: org.springframework.beans.factory.BeanCreationException: Error creating bean with name 'sqlSessionFactory' defined in ServletContext resource [/WEB-INF/dispatcher-servlet.xml]: Initialization of bean failed; nested exception is org.springframework.beans.TypeMismatchException: Failed to convert property value of type 'java.lang.String' to required type 'org.springframework.core.io.Resource[]' for property 'mapperLocations'; nested exception is java.lang.IllegalArgumentException: Could not resolve resource location pattern [classpath:mappers/*.xml]: class path resource [mappers/] cannot be resolved to URL because it does not exist
07-Jun-2026 22:37:33.671 심각 [http-nio-8080-exec-2] org.springframework.web.servlet.FrameworkServlet.initServletBean Context initialization failed
	org.springframework.beans.factory.BeanCreationException: Error creating bean with name 'sqlSessionFactory' defined in ServletContext resource [/WEB-INF/dispatcher-servlet.xml]: Initialization of bean failed; nested exception is org.springframework.beans.TypeMismatchException: Failed to convert property value of type 'java.lang.String' to required type 'org.springframework.core.io.Resource[]' for property 'mapperLocations'; nested exception is java.lang.IllegalArgumentException: Could not resolve resource location pattern [classpath:mappers/*.xml]: class path resource [mappers/] cannot be resolved to URL because it does not exist
		at org.springframework.beans.factory.support.AbstractAutowireCapableBeanFactory.doCreateBean(AbstractAutowireCapableBeanFactory.java:628)
		at org.springframework.beans.factory.support.AbstractAutowireCapableBeanFactory.createBean(AbstractAutowireCapableBeanFactory.java:542)
		at org.springframework.beans.factory.support.AbstractBeanFactory.lambda$doGetBean$0(AbstractBeanFactory.java:336)
		at org.springframework.beans.factory.support.DefaultSingletonBeanRegistry.getSingleton(DefaultSingletonBeanRegistry.java:234)
		at org.springframework.beans.factory.support.AbstractBeanFactory.doGetBean(AbstractBeanFactory.java:334)
		at org.springframework.beans.factory.support.AbstractBeanFactory.getBean(AbstractBeanFactory.java:209)
		at org.springframework.beans.factory.support.DefaultListableBeanFactory.preInstantiateSingletons(DefaultListableBeanFactory.java:936)
		at org.springframework.context.support.AbstractApplicationContext.finishBeanFactoryInitialization(AbstractApplicationContext.java:932)
		at org.springframework.context.support.AbstractApplicationContext.refresh(AbstractApplicationContext.java:591)
		at org.springframework.web.servlet.FrameworkServlet.configureAndRefreshWebApplicationContext(FrameworkServlet.java:702)
		at org.springframework.web.servlet.FrameworkServlet.createWebApplicationContext(FrameworkServlet.java:668)
		at org.springframework.web.servlet.FrameworkServlet.createWebApplicationContext(FrameworkServlet.java:716)
		at org.springframework.web.servlet.FrameworkServlet.initWebApplicationContext(FrameworkServlet.java:591)
		at org.springframework.web.servlet.FrameworkServlet.initServletBean(FrameworkServlet.java:530)
		at org.springframework.web.servlet.HttpServletBean.init(HttpServletBean.java:170)
		at javax.servlet.GenericServlet.init(GenericServlet.java:143)
		at org.apache.catalina.core.StandardWrapper.initServlet(StandardWrapper.java:986)
		at org.apache.catalina.core.StandardWrapper.loadServlet(StandardWrapper.java:943)
		at org.apache.catalina.core.StandardWrapper.allocate(StandardWrapper.java:661)
		at org.apache.catalina.core.StandardWrapperValve.invoke(StandardWrapperValve.java:114)
		at org.apache.catalina.core.StandardContextValve.invoke(StandardContextValve.java:88)
		at org.apache.catalina.authenticator.AuthenticatorBase.invoke(AuthenticatorBase.java:491)
		at org.apache.catalina.core.StandardHostValve.invoke(StandardHostValve.java:127)
		at org.apache.catalina.valves.ErrorReportValve.invoke(ErrorReportValve.java:83)
		at org.apache.catalina.valves.AbstractAccessLogValve.invoke(AbstractAccessLogValve.java:764)
		at org.apache.catalina.core.StandardEngineValve.invoke(StandardEngineValve.java:72)
		at org.apache.catalina.connector.CoyoteAdapter.service(CoyoteAdapter.java:344)
		at org.apache.coyote.http11.Http11Processor.service(Http11Processor.java:398)
		at org.apache.coyote.AbstractProcessorLight.process(AbstractProcessorLight.java:63)
		at org.apache.coyote.AbstractProtocol$ConnectionHandler.process(AbstractProtocol.java:1309)
		at org.apache.tomcat.util.net.NioEndpoint$SocketProcessor.doRun(NioEndpoint.java:1854)
		at org.apache.tomcat.util.net.SocketProcessorBase.run(SocketProcessorBase.java:52)
		at org.apache.tomcat.util.threads.ThreadPoolExecutor.runWorker(ThreadPoolExecutor.java:973)
		at org.apache.tomcat.util.threads.ThreadPoolExecutor$Worker.run(ThreadPoolExecutor.java:491)
		at org.apache.tomcat.util.threads.TaskThread$WrappingRunnable.run(TaskThread.java:63)
		at java.lang.Thread.run(Thread.java:750)
	Caused by: org.springframework.beans.TypeMismatchException: Failed to convert property value of type 'java.lang.String' to required type 'org.springframework.core.io.Resource[]' for property 'mapperLocations'; nested exception is java.lang.IllegalArgumentException: Could not resolve resource location pattern [classpath:mappers/*.xml]: class path resource [mappers/] cannot be resolved to URL because it does not exist
		at org.springframework.beans.AbstractNestablePropertyAccessor.convertIfNecessary(AbstractNestablePropertyAccessor.java:600)
		at org.springframework.beans.AbstractNestablePropertyAccessor.convertForProperty(AbstractNestablePropertyAccessor.java:609)
		at org.springframework.beans.BeanWrapperImpl.convertForProperty(BeanWrapperImpl.java:219)
		at org.springframework.beans.factory.support.AbstractAutowireCapableBeanFactory.convertForProperty(AbstractAutowireCapableBeanFactory.java:1756)
		at org.springframework.beans.factory.support.AbstractAutowireCapableBeanFactory.applyPropertyValues(AbstractAutowireCapableBeanFactory.java:1712)
		at org.springframework.beans.factory.support.AbstractAutowireCapableBeanFactory.populateBean(AbstractAutowireCapableBeanFactory.java:1452)
		at org.springframework.beans.factory.support.AbstractAutowireCapableBeanFactory.doCreateBean(AbstractAutowireCapableBeanFactory.java:619)
		... 35 more
	Caused by: java.lang.IllegalArgumentException: Could not resolve resource location pattern [classpath:mappers/*.xml]: class path resource [mappers/] cannot be resolved to URL because it does not exist
		at org.springframework.core.io.support.ResourceArrayPropertyEditor.setAsText(ResourceArrayPropertyEditor.java:121)
		at org.springframework.beans.TypeConverterDelegate.doConvertTextValue(TypeConverterDelegate.java:429)
		at org.springframework.beans.TypeConverterDelegate.doConvertValue(TypeConverterDelegate.java:402)
		at org.springframework.beans.TypeConverterDelegate.convertIfNecessary(TypeConverterDelegate.java:155)
		at org.springframework.beans.AbstractNestablePropertyAccessor.convertIfNecessary(AbstractNestablePropertyAccessor.java:590)
		... 41 more
07-Jun-2026 22:37:33.698 정보 [http-nio-8080-exec-3] org.springframework.web.servlet.FrameworkServlet.initServletBean Initializing Servlet 'dispatcher'
07-Jun-2026 22:37:33.780 경고 [http-nio-8080-exec-3] org.springframework.context.support.AbstractApplicationContext.refresh Exception encountered during context initialization - cancelling refresh attempt: org.springframework.beans.factory.BeanCreationException: Error creating bean with name 'sqlSessionFactory' defined in ServletContext resource [/WEB-INF/dispatcher-servlet.xml]: Initialization of bean failed; nested exception is org.springframework.beans.TypeMismatchException: Failed to convert property value of type 'java.lang.String' to required type 'org.springframework.core.io.Resource[]' for property 'mapperLocations'; nested exception is java.lang.IllegalArgumentException: Could not resolve resource location pattern [classpath:mappers/*.xml]: class path resource [mappers/] cannot be resolved to URL because it does not exist
07-Jun-2026 22:37:33.781 심각 [http-nio-8080-exec-3] org.springframework.web.servlet.FrameworkServlet.initServletBean Context initialization failed
	org.springframework.beans.factory.BeanCreationException: Error creating bean with name 'sqlSessionFactory' defined in ServletContext resource [/WEB-INF/dispatcher-servlet.xml]: Initialization of bean failed; nested exception is org.springframework.beans.TypeMismatchException: Failed to convert property value of type 'java.lang.String' to required type 'org.springframework.core.io.Resource[]' for property 'mapperLocations'; nested exception is java.lang.IllegalArgumentException: Could not resolve resource location pattern [classpath:mappers/*.xml]: class path resource [mappers/] cannot be resolved to URL because it does not exist
		at org.springframework.beans.factory.support.AbstractAutowireCapableBeanFactory.doCreateBean(AbstractAutowireCapableBeanFactory.java:628)
		at org.springframework.beans.factory.support.AbstractAutowireCapableBeanFactory.createBean(AbstractAutowireCapableBeanFactory.java:542)
		at org.springframework.beans.factory.support.AbstractBeanFactory.lambda$doGetBean$0(AbstractBeanFactory.java:336)
		at org.springframework.beans.factory.support.DefaultSingletonBeanRegistry.getSingleton(DefaultSingletonBeanRegistry.java:234)
		at org.springframework.beans.factory.support.AbstractBeanFactory.doGetBean(AbstractBeanFactory.java:334)
		at org.springframework.beans.factory.support.AbstractBeanFactory.getBean(AbstractBeanFactory.java:209)
		at org.springframework.beans.factory.support.DefaultListableBeanFactory.preInstantiateSingletons(DefaultListableBeanFactory.java:936)
		at org.springframework.context.support.AbstractApplicationContext.finishBeanFactoryInitialization(AbstractApplicationContext.java:932)
		at org.springframework.context.support.AbstractApplicationContext.refresh(AbstractApplicationContext.java:591)
		at org.springframework.web.servlet.FrameworkServlet.configureAndRefreshWebApplicationContext(FrameworkServlet.java:702)
		at org.springframework.web.servlet.FrameworkServlet.createWebApplicationContext(FrameworkServlet.java:668)
		at org.springframework.web.servlet.FrameworkServlet.createWebApplicationContext(FrameworkServlet.java:716)
		at org.springframework.web.servlet.FrameworkServlet.initWebApplicationContext(FrameworkServlet.java:591)
		at org.springframework.web.servlet.FrameworkServlet.initServletBean(FrameworkServlet.java:530)
		at org.springframework.web.servlet.HttpServletBean.init(HttpServletBean.java:170)
		at javax.servlet.GenericServlet.init(GenericServlet.java:143)
		at org.apache.catalina.core.StandardWrapper.initServlet(StandardWrapper.java:986)
		at org.apache.catalina.core.StandardWrapper.loadServlet(StandardWrapper.java:943)
		at org.apache.catalina.core.StandardWrapper.allocate(StandardWrapper.java:661)
		at org.apache.catalina.core.StandardWrapperValve.invoke(StandardWrapperValve.java:114)
		at org.apache.catalina.core.StandardContextValve.invoke(StandardContextValve.java:88)
		at org.apache.catalina.authenticator.AuthenticatorBase.invoke(AuthenticatorBase.java:491)
		at org.apache.catalina.core.StandardHostValve.invoke(StandardHostValve.java:127)
		at org.apache.catalina.valves.ErrorReportValve.invoke(ErrorReportValve.java:83)
		at org.apache.catalina.valves.AbstractAccessLogValve.invoke(AbstractAccessLogValve.java:764)
		at org.apache.catalina.core.StandardEngineValve.invoke(StandardEngineValve.java:72)
		at org.apache.catalina.connector.CoyoteAdapter.service(CoyoteAdapter.java:344)
		at org.apache.coyote.http11.Http11Processor.service(Http11Processor.java:398)
		at org.apache.coyote.AbstractProcessorLight.process(AbstractProcessorLight.java:63)
		at org.apache.coyote.AbstractProtocol$ConnectionHandler.process(AbstractProtocol.java:1309)
		at org.apache.tomcat.util.net.NioEndpoint$SocketProcessor.doRun(NioEndpoint.java:1854)
		at org.apache.tomcat.util.net.SocketProcessorBase.run(SocketProcessorBase.java:52)
		at org.apache.tomcat.util.threads.ThreadPoolExecutor.runWorker(ThreadPoolExecutor.java:973)
		at org.apache.tomcat.util.threads.ThreadPoolExecutor$Worker.run(ThreadPoolExecutor.java:491)
		at org.apache.tomcat.util.threads.TaskThread$WrappingRunnable.run(TaskThread.java:63)
		at java.lang.Thread.run(Thread.java:750)
	Caused by: org.springframework.beans.TypeMismatchException: Failed to convert property value of type 'java.lang.String' to required type 'org.springframework.core.io.Resource[]' for property 'mapperLocations'; nested exception is java.lang.IllegalArgumentException: Could not resolve resource location pattern [classpath:mappers/*.xml]: class path resource [mappers/] cannot be resolved to URL because it does not exist
		at org.springframework.beans.AbstractNestablePropertyAccessor.convertIfNecessary(AbstractNestablePropertyAccessor.java:600)
		at org.springframework.beans.AbstractNestablePropertyAccessor.convertForProperty(AbstractNestablePropertyAccessor.java:609)
		at org.springframework.beans.BeanWrapperImpl.convertForProperty(BeanWrapperImpl.java:219)
		at org.springframework.beans.factory.support.AbstractAutowireCapableBeanFactory.convertForProperty(AbstractAutowireCapableBeanFactory.java:1756)
		at org.springframework.beans.factory.support.AbstractAutowireCapableBeanFactory.applyPropertyValues(AbstractAutowireCapableBeanFactory.java:1712)
		at org.springframework.beans.factory.support.AbstractAutowireCapableBeanFactory.populateBean(AbstractAutowireCapableBeanFactory.java:1452)
		at org.springframework.beans.factory.support.AbstractAutowireCapableBeanFactory.doCreateBean(AbstractAutowireCapableBeanFactory.java:619)
		... 35 more
	Caused by: java.lang.IllegalArgumentException: Could not resolve resource location pattern [classpath:mappers/*.xml]: class path resource [mappers/] cannot be resolved to URL because it does not exist
		at org.springframework.core.io.support.ResourceArrayPropertyEditor.setAsText(ResourceArrayPropertyEditor.java:121)
		at org.springframework.beans.TypeConverterDelegate.doConvertTextValue(TypeConverterDelegate.java:429)
		at org.springframework.beans.TypeConverterDelegate.doConvertValue(TypeConverterDelegate.java:402)
		at org.springframework.beans.TypeConverterDelegate.convertIfNecessary(TypeConverterDelegate.java:155)
		at org.springframework.beans.AbstractNestablePropertyAccessor.convertIfNecessary(AbstractNestablePropertyAccessor.java:590)
		... 41 more
07-Jun-2026 22:37:54.973 정보 [Thread-2] org.apache.coyote.AbstractProtocol.pause 프로토콜 핸들러 ["http-nio-8080"]을(를) 일시 정지 중
07-Jun-2026 22:37:55.020 정보 [Thread-2] org.apache.catalina.core.StandardService.stopInternal 서비스 [Catalina]을(를) 중지시킵니다.
07-Jun-2026 22:37:55.027 경고 [Thread-2] org.apache.catalina.loader.WebappClassLoaderBase.clearReferencesJdbc 웹 애플리케이션 [ROOT]이(가) JDBC 드라이버 [org.mariadb.jdbc.Driver]을(를) 등록했지만, 웹 애플리케이션이 중지될 때, 해당 JDBC 드라이버의 등록을 제거하지 못했습니다. 메모리 누수를 방지하기 위하여, 등록을 강제로 제거했습니다.
07-Jun-2026 22:37:55.029 정보 [Thread-2] org.apache.coyote.AbstractProtocol.stop 프로토콜 핸들러 ["http-nio-8080"]을(를) 중지시킵니다.
07-Jun-2026 22:37:55.032 정보 [Thread-2] org.apache.coyote.AbstractProtocol.destroy 프로토콜 핸들러 ["http-nio-8080"]을(를) 소멸시킵니다.
07-Jun-2026 22:37:56.999 정보 [main] org.apache.catalina.startup.VersionLoggerListener.log 서버 버전 이름:    Apache Tomcat/9.0.118
07-Jun-2026 22:37:57.002 정보 [main] org.apache.catalina.startup.VersionLoggerListener.log Server 빌드 시각:  May 1 2026 19:30:30 UTC
07-Jun-2026 22:37:57.002 정보 [main] org.apache.catalina.startup.VersionLoggerListener.log Server 버전 번호:  9.0.118.0
07-Jun-2026 22:37:57.002 정보 [main] org.apache.catalina.startup.VersionLoggerListener.log 운영체제 이름:     Windows 11
07-Jun-2026 22:37:57.002 정보 [main] org.apache.catalina.startup.VersionLoggerListener.log 운영체제 버전:     10.0
07-Jun-2026 22:37:57.002 정보 [main] org.apache.catalina.startup.VersionLoggerListener.log 아키텍처:          amd64
07-Jun-2026 22:37:57.002 정보 [main] org.apache.catalina.startup.VersionLoggerListener.log 자바 홈:           C:\Users\User\.jdks\corretto-1.8.0_492\jre
07-Jun-2026 22:37:57.002 정보 [main] org.apache.catalina.startup.VersionLoggerListener.log JVM 버전:          1.8.0_492-b09
07-Jun-2026 22:37:57.002 정보 [main] org.apache.catalina.startup.VersionLoggerListener.log JVM 벤더:          Amazon.com Inc.
07-Jun-2026 22:37:57.002 정보 [main] org.apache.catalina.startup.VersionLoggerListener.log CATALINA_BASE:     C:\dev\workspace\java_crud
07-Jun-2026 22:37:57.002 정보 [main] org.apache.catalina.startup.VersionLoggerListener.log CATALINA_HOME:     C:\apache-tomcat-9.0.118
07-Jun-2026 22:37:57.003 정보 [main] org.apache.catalina.startup.VersionLoggerListener.log 명령 행 아규먼트:  -Dcatalina.home=C:\apache-tomcat-9.0.118
07-Jun-2026 22:37:57.003 정보 [main] org.apache.catalina.startup.VersionLoggerListener.log 명령 행 아규먼트:  -Dcatalina.base=C:\dev\workspace\java_crud
07-Jun-2026 22:37:57.003 정보 [main] org.apache.catalina.startup.VersionLoggerListener.log 명령 행 아규먼트:  -Djava.io.tmpdir=C:\dev\workspace\java_crud\temp
07-Jun-2026 22:37:57.004 정보 [main] org.apache.catalina.startup.VersionLoggerListener.log 명령 행 아규먼트:  -Djava.util.logging.config.file=C:\dev\workspace\java_crud\conf\logging.properties
07-Jun-2026 22:37:57.004 정보 [main] org.apache.catalina.startup.VersionLoggerListener.log 명령 행 아규먼트:  -Djava.util.logging.manager=org.apache.juli.ClassLoaderLogManager
07-Jun-2026 22:37:57.004 정보 [main] org.apache.catalina.startup.VersionLoggerListener.log 명령 행 아규먼트:  -javaagent:C:\Program Files\JetBrains\IntelliJ IDEA 2025.3.2\lib\idea_rt.jar=57047
07-Jun-2026 22:37:57.004 정보 [main] org.apache.catalina.startup.VersionLoggerListener.log 명령 행 아규먼트:  -Dfile.encoding=UTF-8
07-Jun-2026 22:37:57.006 정보 [main] org.apache.catalina.core.AprLifecycleListener.lifecycleEvent APR 버전 [1.7.6]을(를) 사용한, APR 기반 Apache Tomcat Native 라이브러리 [1.3.7]을(를) 로드했습니다.
07-Jun-2026 22:37:57.007 정보 [main] org.apache.catalina.core.AprLifecycleListener.lifecycleEvent APR 용량정보들: IPv6 [true], sendfile [true], accept filters [false], random [true], UDS [true].
07-Jun-2026 22:37:57.007 정보 [main] org.apache.catalina.core.AprLifecycleListener.lifecycleEvent APR/OpenSSL 설정: useAprConnector [false], useOpenSSL [true]
07-Jun-2026 22:37:57.012 정보 [main] org.apache.catalina.core.AprLifecycleListener.initializeSSL OpenSSL이 성공적으로 초기화되었습니다: [OpenSSL 3.0.19 27 Jan 2026]
07-Jun-2026 22:37:57.142 정보 [main] org.apache.coyote.AbstractProtocol.init 프로토콜 핸들러 ["http-nio-8080"]을(를) 초기화합니다.
07-Jun-2026 22:37:57.149 정보 [main] org.apache.catalina.startup.Catalina.load [253] 밀리초 내에 서버가 초기화되었습니다.
07-Jun-2026 22:37:57.168 정보 [main] org.apache.catalina.core.StandardService.startInternal 서비스 [Catalina]을(를) 시작합니다.
07-Jun-2026 22:37:57.168 정보 [main] org.apache.catalina.core.StandardEngine.startInternal 서버 엔진을 시작합니다: [Apache Tomcat/9.0.118]
07-Jun-2026 22:37:57.174 정보 [main] org.apache.catalina.startup.HostConfig.deployDescriptor 배치 descriptor [C:\dev\workspace\java_crud\conf\Catalina\localhost\ROOT.xml]을(를) 배치합니다.
07-Jun-2026 22:37:57.200 경고 [main] org.apache.catalina.webresources.DirResourceSet.initInternal Disabled the global canonical file name cache to protect against CVE-2024-56337 when starting the WebResourceSet at [C:\dev\workspace\java_crud\target\classes] which is part of the web application []
07-Jun-2026 22:37:58.174 정보 [main] org.apache.jasper.servlet.TldScanner.scanJars 적어도 하나의 JAR가 TLD들을 찾기 위해 스캔되었으나 아무 것도 찾지 못했습니다. 스캔했으나 TLD가 없는 JAR들의 전체 목록을 보시려면, 로그 레벨을 디버그 레벨로 설정하십시오. 스캔 과정에서 불필요한 JAR들을 건너뛰면, 시스템 시작 시간과 JSP 컴파일 시간을 단축시킬 수 있습니다.
07-Jun-2026 22:37:58.372 정보 [main] org.springframework.web.servlet.FrameworkServlet.initServletBean Initializing Servlet 'dispatcher'
07-Jun-2026 22:37:59.122 경고 [main] org.springframework.context.support.AbstractApplicationContext.refresh Exception encountered during context initialization - cancelling refresh attempt: org.springframework.beans.factory.BeanCreationException: Error creating bean with name 'sqlSessionFactory' defined in ServletContext resource [/WEB-INF/dispatcher-servlet.xml]: Initialization of bean failed; nested exception is org.springframework.beans.TypeMismatchException: Failed to convert property value of type 'java.lang.String' to required type 'org.springframework.core.io.Resource[]' for property 'mapperLocations'; nested exception is java.lang.IllegalArgumentException: Could not resolve resource location pattern [classpath:mappers/*.xml]: class path resource [mappers/] cannot be resolved to URL because it does not exist
07-Jun-2026 22:37:59.125 심각 [main] org.springframework.web.servlet.FrameworkServlet.initServletBean Context initialization failed
	org.springframework.beans.factory.BeanCreationException: Error creating bean with name 'sqlSessionFactory' defined in ServletContext resource [/WEB-INF/dispatcher-servlet.xml]: Initialization of bean failed; nested exception is org.springframework.beans.TypeMismatchException: Failed to convert property value of type 'java.lang.String' to required type 'org.springframework.core.io.Resource[]' for property 'mapperLocations'; nested exception is java.lang.IllegalArgumentException: Could not resolve resource location pattern [classpath:mappers/*.xml]: class path resource [mappers/] cannot be resolved to URL because it does not exist
		at org.springframework.beans.factory.support.AbstractAutowireCapableBeanFactory.doCreateBean(AbstractAutowireCapableBeanFactory.java:628)
		at org.springframework.beans.factory.support.AbstractAutowireCapableBeanFactory.createBean(AbstractAutowireCapableBeanFactory.java:542)
		at org.springframework.beans.factory.support.AbstractBeanFactory.lambda$doGetBean$0(AbstractBeanFactory.java:336)
		at org.springframework.beans.factory.support.DefaultSingletonBeanRegistry.getSingleton(DefaultSingletonBeanRegistry.java:234)
		at org.springframework.beans.factory.support.AbstractBeanFactory.doGetBean(AbstractBeanFactory.java:334)
		at org.springframework.beans.factory.support.AbstractBeanFactory.getBean(AbstractBeanFactory.java:209)
		at org.springframework.beans.factory.support.DefaultListableBeanFactory.preInstantiateSingletons(DefaultListableBeanFactory.java:936)
		at org.springframework.context.support.AbstractApplicationContext.finishBeanFactoryInitialization(AbstractApplicationContext.java:932)
		at org.springframework.context.support.AbstractApplicationContext.refresh(AbstractApplicationContext.java:591)
		at org.springframework.web.servlet.FrameworkServlet.configureAndRefreshWebApplicationContext(FrameworkServlet.java:702)
		at org.springframework.web.servlet.FrameworkServlet.createWebApplicationContext(FrameworkServlet.java:668)
		at org.springframework.web.servlet.FrameworkServlet.createWebApplicationContext(FrameworkServlet.java:716)
		at org.springframework.web.servlet.FrameworkServlet.initWebApplicationContext(FrameworkServlet.java:591)
		at org.springframework.web.servlet.FrameworkServlet.initServletBean(FrameworkServlet.java:530)
		at org.springframework.web.servlet.HttpServletBean.init(HttpServletBean.java:170)
		at javax.servlet.GenericServlet.init(GenericServlet.java:143)
		at org.apache.catalina.core.StandardWrapper.initServlet(StandardWrapper.java:986)
		at org.apache.catalina.core.StandardWrapper.loadServlet(StandardWrapper.java:943)
		at org.apache.catalina.core.StandardWrapper.load(StandardWrapper.java:840)
		at org.apache.catalina.core.StandardContext.loadOnStartup(StandardContext.java:4226)
		at org.apache.catalina.core.StandardContext.startInternal(StandardContext.java:4527)
		at org.apache.catalina.util.LifecycleBase.start(LifecycleBase.java:164)
		at org.apache.catalina.core.ContainerBase.addChildInternal(ContainerBase.java:597)
		at org.apache.catalina.core.ContainerBase.addChild(ContainerBase.java:569)
		at org.apache.catalina.core.StandardHost.addChild(StandardHost.java:608)
		at org.apache.catalina.startup.HostConfig.deployDescriptor(HostConfig.java:677)
		at org.apache.catalina.startup.HostConfig$DeployDescriptor.run(HostConfig.java:1836)
		at java.util.concurrent.Executors$RunnableAdapter.call(Executors.java:511)
		at java.util.concurrent.FutureTask.run(FutureTask.java:266)
		at org.apache.tomcat.util.threads.InlineExecutorService.execute(InlineExecutorService.java:82)
		at java.util.concurrent.AbstractExecutorService.submit(AbstractExecutorService.java:112)
		at org.apache.catalina.startup.HostConfig.deployDescriptors(HostConfig.java:572)
		at org.apache.catalina.startup.HostConfig.deployApps(HostConfig.java:463)
		at org.apache.catalina.startup.HostConfig.start(HostConfig.java:1576)
		at org.apache.catalina.startup.HostConfig.lifecycleEvent(HostConfig.java:309)
		at org.apache.catalina.util.LifecycleBase.fireLifecycleEvent(LifecycleBase.java:109)
		at org.apache.catalina.util.LifecycleBase.setStateInternal(LifecycleBase.java:389)
		at org.apache.catalina.util.LifecycleBase.setState(LifecycleBase.java:336)
		at org.apache.catalina.core.ContainerBase.startInternal(ContainerBase.java:774)
		at org.apache.catalina.core.StandardHost.startInternal(StandardHost.java:726)
		at org.apache.catalina.util.LifecycleBase.start(LifecycleBase.java:164)
		at org.apache.catalina.core.ContainerBase$StartChild.call(ContainerBase.java:1201)
		at org.apache.catalina.core.ContainerBase$StartChild.call(ContainerBase.java:1191)
		at java.util.concurrent.FutureTask.run(FutureTask.java:266)
		at org.apache.tomcat.util.threads.InlineExecutorService.execute(InlineExecutorService.java:82)
		at java.util.concurrent.AbstractExecutorService.submit(AbstractExecutorService.java:134)
		at org.apache.catalina.core.ContainerBase.startInternal(ContainerBase.java:747)
		at org.apache.catalina.core.StandardEngine.startInternal(StandardEngine.java:209)
		at org.apache.catalina.util.LifecycleBase.start(LifecycleBase.java:164)
		at org.apache.catalina.core.StandardService.startInternal(StandardService.java:410)
		at org.apache.catalina.util.LifecycleBase.start(LifecycleBase.java:164)
		at org.apache.catalina.core.StandardServer.startInternal(StandardServer.java:872)
		at org.apache.catalina.util.LifecycleBase.start(LifecycleBase.java:164)
		at org.apache.catalina.startup.Catalina.start(Catalina.java:736)
		at sun.reflect.NativeMethodAccessorImpl.invoke0(Native Method)
		at sun.reflect.NativeMethodAccessorImpl.invoke(NativeMethodAccessorImpl.java:62)
		at sun.reflect.DelegatingMethodAccessorImpl.invoke(DelegatingMethodAccessorImpl.java:43)
		at java.lang.reflect.Method.invoke(Method.java:498)
		at org.apache.catalina.startup.Bootstrap.start(Bootstrap.java:342)
		at org.apache.catalina.startup.Bootstrap.main(Bootstrap.java:473)
	Caused by: org.springframework.beans.TypeMismatchException: Failed to convert property value of type 'java.lang.String' to required type 'org.springframework.core.io.Resource[]' for property 'mapperLocations'; nested exception is java.lang.IllegalArgumentException: Could not resolve resource location pattern [classpath:mappers/*.xml]: class path resource [mappers/] cannot be resolved to URL because it does not exist
		at org.springframework.beans.AbstractNestablePropertyAccessor.convertIfNecessary(AbstractNestablePropertyAccessor.java:600)
		at org.springframework.beans.AbstractNestablePropertyAccessor.convertForProperty(AbstractNestablePropertyAccessor.java:609)
		at org.springframework.beans.BeanWrapperImpl.convertForProperty(BeanWrapperImpl.java:219)
		at org.springframework.beans.factory.support.AbstractAutowireCapableBeanFactory.convertForProperty(AbstractAutowireCapableBeanFactory.java:1756)
		at org.springframework.beans.factory.support.AbstractAutowireCapableBeanFactory.applyPropertyValues(AbstractAutowireCapableBeanFactory.java:1712)
		at org.springframework.beans.factory.support.AbstractAutowireCapableBeanFactory.populateBean(AbstractAutowireCapableBeanFactory.java:1452)
		at org.springframework.beans.factory.support.AbstractAutowireCapableBeanFactory.doCreateBean(AbstractAutowireCapableBeanFactory.java:619)
		... 59 more
	Caused by: java.lang.IllegalArgumentException: Could not resolve resource location pattern [classpath:mappers/*.xml]: class path resource [mappers/] cannot be resolved to URL because it does not exist
		at org.springframework.core.io.support.ResourceArrayPropertyEditor.setAsText(ResourceArrayPropertyEditor.java:121)
		at org.springframework.beans.TypeConverterDelegate.doConvertTextValue(TypeConverterDelegate.java:429)
		at org.springframework.beans.TypeConverterDelegate.doConvertValue(TypeConverterDelegate.java:402)
		at org.springframework.beans.TypeConverterDelegate.convertIfNecessary(TypeConverterDelegate.java:155)
		at org.springframework.beans.AbstractNestablePropertyAccessor.convertIfNecessary(AbstractNestablePropertyAccessor.java:590)
		... 65 more
07-Jun-2026 22:37:59.134 정보 [main] org.apache.catalina.startup.HostConfig.deployDescriptor 배치 descriptor [C:\dev\workspace\java_crud\conf\Catalina\localhost\ROOT.xml]의 배치가 [1,959] 밀리초 내에 완료되었습니다.
07-Jun-2026 22:37:59.136 정보 [main] org.apache.coyote.AbstractProtocol.start 프로토콜 핸들러 ["http-nio-8080"]을(를) 시작합니다.
07-Jun-2026 22:37:59.145 정보 [main] org.apache.catalina.startup.Catalina.start 서버가 [1994] 밀리초 내에 시작되었습니다.
07-Jun-2026 22:38:04.346 정보 [http-nio-8080-exec-1] org.springframework.web.servlet.FrameworkServlet.initServletBean Initializing Servlet 'dispatcher'
07-Jun-2026 22:38:04.430 경고 [http-nio-8080-exec-1] org.springframework.context.support.AbstractApplicationContext.refresh Exception encountered during context initialization - cancelling refresh attempt: org.springframework.beans.factory.BeanCreationException: Error creating bean with name 'sqlSessionFactory' defined in ServletContext resource [/WEB-INF/dispatcher-servlet.xml]: Initialization of bean failed; nested exception is org.springframework.beans.TypeMismatchException: Failed to convert property value of type 'java.lang.String' to required type 'org.springframework.core.io.Resource[]' for property 'mapperLocations'; nested exception is java.lang.IllegalArgumentException: Could not resolve resource location pattern [classpath:mappers/*.xml]: class path resource [mappers/] cannot be resolved to URL because it does not exist
07-Jun-2026 22:38:04.430 심각 [http-nio-8080-exec-1] org.springframework.web.servlet.FrameworkServlet.initServletBean Context initialization failed
	org.springframework.beans.factory.BeanCreationException: Error creating bean with name 'sqlSessionFactory' defined in ServletContext resource [/WEB-INF/dispatcher-servlet.xml]: Initialization of bean failed; nested exception is org.springframework.beans.TypeMismatchException: Failed to convert property value of type 'java.lang.String' to required type 'org.springframework.core.io.Resource[]' for property 'mapperLocations'; nested exception is java.lang.IllegalArgumentException: Could not resolve resource location pattern [classpath:mappers/*.xml]: class path resource [mappers/] cannot be resolved to URL because it does not exist
		at org.springframework.beans.factory.support.AbstractAutowireCapableBeanFactory.doCreateBean(AbstractAutowireCapableBeanFactory.java:628)
		at org.springframework.beans.factory.support.AbstractAutowireCapableBeanFactory.createBean(AbstractAutowireCapableBeanFactory.java:542)
		at org.springframework.beans.factory.support.AbstractBeanFactory.lambda$doGetBean$0(AbstractBeanFactory.java:336)
		at org.springframework.beans.factory.support.DefaultSingletonBeanRegistry.getSingleton(DefaultSingletonBeanRegistry.java:234)
		at org.springframework.beans.factory.support.AbstractBeanFactory.doGetBean(AbstractBeanFactory.java:334)
		at org.springframework.beans.factory.support.AbstractBeanFactory.getBean(AbstractBeanFactory.java:209)
		at org.springframework.beans.factory.support.DefaultListableBeanFactory.preInstantiateSingletons(DefaultListableBeanFactory.java:936)
		at org.springframework.context.support.AbstractApplicationContext.finishBeanFactoryInitialization(AbstractApplicationContext.java:932)
		at org.springframework.context.support.AbstractApplicationContext.refresh(AbstractApplicationContext.java:591)
		at org.springframework.web.servlet.FrameworkServlet.configureAndRefreshWebApplicationContext(FrameworkServlet.java:702)
		at org.springframework.web.servlet.FrameworkServlet.createWebApplicationContext(FrameworkServlet.java:668)
		at org.springframework.web.servlet.FrameworkServlet.createWebApplicationContext(FrameworkServlet.java:716)
		at org.springframework.web.servlet.FrameworkServlet.initWebApplicationContext(FrameworkServlet.java:591)
		at org.springframework.web.servlet.FrameworkServlet.initServletBean(FrameworkServlet.java:530)
		at org.springframework.web.servlet.HttpServletBean.init(HttpServletBean.java:170)
		at javax.servlet.GenericServlet.init(GenericServlet.java:143)
		at org.apache.catalina.core.StandardWrapper.initServlet(StandardWrapper.java:986)
		at org.apache.catalina.core.StandardWrapper.loadServlet(StandardWrapper.java:943)
		at org.apache.catalina.core.StandardWrapper.allocate(StandardWrapper.java:661)
		at org.apache.catalina.core.StandardWrapperValve.invoke(StandardWrapperValve.java:114)
		at org.apache.catalina.core.StandardContextValve.invoke(StandardContextValve.java:88)
		at org.apache.catalina.authenticator.AuthenticatorBase.invoke(AuthenticatorBase.java:491)
		at org.apache.catalina.core.StandardHostValve.invoke(StandardHostValve.java:127)
		at org.apache.catalina.valves.ErrorReportValve.invoke(ErrorReportValve.java:83)
		at org.apache.catalina.valves.AbstractAccessLogValve.invoke(AbstractAccessLogValve.java:764)
		at org.apache.catalina.core.StandardEngineValve.invoke(StandardEngineValve.java:72)
		at org.apache.catalina.connector.CoyoteAdapter.service(CoyoteAdapter.java:344)
		at org.apache.coyote.http11.Http11Processor.service(Http11Processor.java:398)
		at org.apache.coyote.AbstractProcessorLight.process(AbstractProcessorLight.java:63)
		at org.apache.coyote.AbstractProtocol$ConnectionHandler.process(AbstractProtocol.java:1309)
		at org.apache.tomcat.util.net.NioEndpoint$SocketProcessor.doRun(NioEndpoint.java:1854)
		at org.apache.tomcat.util.net.SocketProcessorBase.run(SocketProcessorBase.java:52)
		at org.apache.tomcat.util.threads.ThreadPoolExecutor.runWorker(ThreadPoolExecutor.java:973)
		at org.apache.tomcat.util.threads.ThreadPoolExecutor$Worker.run(ThreadPoolExecutor.java:491)
		at org.apache.tomcat.util.threads.TaskThread$WrappingRunnable.run(TaskThread.java:63)
		at java.lang.Thread.run(Thread.java:750)
	Caused by: org.springframework.beans.TypeMismatchException: Failed to convert property value of type 'java.lang.String' to required type 'org.springframework.core.io.Resource[]' for property 'mapperLocations'; nested exception is java.lang.IllegalArgumentException: Could not resolve resource location pattern [classpath:mappers/*.xml]: class path resource [mappers/] cannot be resolved to URL because it does not exist
		at org.springframework.beans.AbstractNestablePropertyAccessor.convertIfNecessary(AbstractNestablePropertyAccessor.java:600)
		at org.springframework.beans.AbstractNestablePropertyAccessor.convertForProperty(AbstractNestablePropertyAccessor.java:609)
		at org.springframework.beans.BeanWrapperImpl.convertForProperty(BeanWrapperImpl.java:219)
		at org.springframework.beans.factory.support.AbstractAutowireCapableBeanFactory.convertForProperty(AbstractAutowireCapableBeanFactory.java:1756)
		at org.springframework.beans.factory.support.AbstractAutowireCapableBeanFactory.applyPropertyValues(AbstractAutowireCapableBeanFactory.java:1712)
		at org.springframework.beans.factory.support.AbstractAutowireCapableBeanFactory.populateBean(AbstractAutowireCapableBeanFactory.java:1452)
		at org.springframework.beans.factory.support.AbstractAutowireCapableBeanFactory.doCreateBean(AbstractAutowireCapableBeanFactory.java:619)
		... 35 more
	Caused by: java.lang.IllegalArgumentException: Could not resolve resource location pattern [classpath:mappers/*.xml]: class path resource [mappers/] cannot be resolved to URL because it does not exist
		at org.springframework.core.io.support.ResourceArrayPropertyEditor.setAsText(ResourceArrayPropertyEditor.java:121)
		at org.springframework.beans.TypeConverterDelegate.doConvertTextValue(TypeConverterDelegate.java:429)
		at org.springframework.beans.TypeConverterDelegate.doConvertValue(TypeConverterDelegate.java:402)
		at org.springframework.beans.TypeConverterDelegate.convertIfNecessary(TypeConverterDelegate.java:155)
		at org.springframework.beans.AbstractNestablePropertyAccessor.convertIfNecessary(AbstractNestablePropertyAccessor.java:590)
		... 41 more
07-Jun-2026 22:38:04.458 정보 [http-nio-8080-exec-2] org.springframework.web.servlet.FrameworkServlet.initServletBean Initializing Servlet 'dispatcher'
07-Jun-2026 22:38:04.534 경고 [http-nio-8080-exec-2] org.springframework.context.support.AbstractApplicationContext.refresh Exception encountered during context initialization - cancelling refresh attempt: org.springframework.beans.factory.BeanCreationException: Error creating bean with name 'sqlSessionFactory' defined in ServletContext resource [/WEB-INF/dispatcher-servlet.xml]: Initialization of bean failed; nested exception is org.springframework.beans.TypeMismatchException: Failed to convert property value of type 'java.lang.String' to required type 'org.springframework.core.io.Resource[]' for property 'mapperLocations'; nested exception is java.lang.IllegalArgumentException: Could not resolve resource location pattern [classpath:mappers/*.xml]: class path resource [mappers/] cannot be resolved to URL because it does not exist
07-Jun-2026 22:38:04.534 심각 [http-nio-8080-exec-2] org.springframework.web.servlet.FrameworkServlet.initServletBean Context initialization failed
	org.springframework.beans.factory.BeanCreationException: Error creating bean with name 'sqlSessionFactory' defined in ServletContext resource [/WEB-INF/dispatcher-servlet.xml]: Initialization of bean failed; nested exception is org.springframework.beans.TypeMismatchException: Failed to convert property value of type 'java.lang.String' to required type 'org.springframework.core.io.Resource[]' for property 'mapperLocations'; nested exception is java.lang.IllegalArgumentException: Could not resolve resource location pattern [classpath:mappers/*.xml]: class path resource [mappers/] cannot be resolved to URL because it does not exist
		at org.springframework.beans.factory.support.AbstractAutowireCapableBeanFactory.doCreateBean(AbstractAutowireCapableBeanFactory.java:628)
		at org.springframework.beans.factory.support.AbstractAutowireCapableBeanFactory.createBean(AbstractAutowireCapableBeanFactory.java:542)
		at org.springframework.beans.factory.support.AbstractBeanFactory.lambda$doGetBean$0(AbstractBeanFactory.java:336)
		at org.springframework.beans.factory.support.DefaultSingletonBeanRegistry.getSingleton(DefaultSingletonBeanRegistry.java:234)
		at org.springframework.beans.factory.support.AbstractBeanFactory.doGetBean(AbstractBeanFactory.java:334)
		at org.springframework.beans.factory.support.AbstractBeanFactory.getBean(AbstractBeanFactory.java:209)
		at org.springframework.beans.factory.support.DefaultListableBeanFactory.preInstantiateSingletons(DefaultListableBeanFactory.java:936)
		at org.springframework.context.support.AbstractApplicationContext.finishBeanFactoryInitialization(AbstractApplicationContext.java:932)
		at org.springframework.context.support.AbstractApplicationContext.refresh(AbstractApplicationContext.java:591)
		at org.springframework.web.servlet.FrameworkServlet.configureAndRefreshWebApplicationContext(FrameworkServlet.java:702)
		at org.springframework.web.servlet.FrameworkServlet.createWebApplicationContext(FrameworkServlet.java:668)
		at org.springframework.web.servlet.FrameworkServlet.createWebApplicationContext(FrameworkServlet.java:716)
		at org.springframework.web.servlet.FrameworkServlet.initWebApplicationContext(FrameworkServlet.java:591)
		at org.springframework.web.servlet.FrameworkServlet.initServletBean(FrameworkServlet.java:530)
		at org.springframework.web.servlet.HttpServletBean.init(HttpServletBean.java:170)
		at javax.servlet.GenericServlet.init(GenericServlet.java:143)
		at org.apache.catalina.core.StandardWrapper.initServlet(StandardWrapper.java:986)
		at org.apache.catalina.core.StandardWrapper.loadServlet(StandardWrapper.java:943)
		at org.apache.catalina.core.StandardWrapper.allocate(StandardWrapper.java:661)
		at org.apache.catalina.core.StandardWrapperValve.invoke(StandardWrapperValve.java:114)
		at org.apache.catalina.core.StandardContextValve.invoke(StandardContextValve.java:88)
		at org.apache.catalina.authenticator.AuthenticatorBase.invoke(AuthenticatorBase.java:491)
		at org.apache.catalina.core.StandardHostValve.invoke(StandardHostValve.java:127)
		at org.apache.catalina.valves.ErrorReportValve.invoke(ErrorReportValve.java:83)
		at org.apache.catalina.valves.AbstractAccessLogValve.invoke(AbstractAccessLogValve.java:764)
		at org.apache.catalina.core.StandardEngineValve.invoke(StandardEngineValve.java:72)
		at org.apache.catalina.connector.CoyoteAdapter.service(CoyoteAdapter.java:344)
		at org.apache.coyote.http11.Http11Processor.service(Http11Processor.java:398)
		at org.apache.coyote.AbstractProcessorLight.process(AbstractProcessorLight.java:63)
		at org.apache.coyote.AbstractProtocol$ConnectionHandler.process(AbstractProtocol.java:1309)
		at org.apache.tomcat.util.net.NioEndpoint$SocketProcessor.doRun(NioEndpoint.java:1854)
		at org.apache.tomcat.util.net.SocketProcessorBase.run(SocketProcessorBase.java:52)
		at org.apache.tomcat.util.threads.ThreadPoolExecutor.runWorker(ThreadPoolExecutor.java:973)
		at org.apache.tomcat.util.threads.ThreadPoolExecutor$Worker.run(ThreadPoolExecutor.java:491)
		at org.apache.tomcat.util.threads.TaskThread$WrappingRunnable.run(TaskThread.java:63)
		at java.lang.Thread.run(Thread.java:750)
	Caused by: org.springframework.beans.TypeMismatchException: Failed to convert property value of type 'java.lang.String' to required type 'org.springframework.core.io.Resource[]' for property 'mapperLocations'; nested exception is java.lang.IllegalArgumentException: Could not resolve resource location pattern [classpath:mappers/*.xml]: class path resource [mappers/] cannot be resolved to URL because it does not exist
		at org.springframework.beans.AbstractNestablePropertyAccessor.convertIfNecessary(AbstractNestablePropertyAccessor.java:600)
		at org.springframework.beans.AbstractNestablePropertyAccessor.convertForProperty(AbstractNestablePropertyAccessor.java:609)
		at org.springframework.beans.BeanWrapperImpl.convertForProperty(BeanWrapperImpl.java:219)
		at org.springframework.beans.factory.support.AbstractAutowireCapableBeanFactory.convertForProperty(AbstractAutowireCapableBeanFactory.java:1756)
		at org.springframework.beans.factory.support.AbstractAutowireCapableBeanFactory.applyPropertyValues(AbstractAutowireCapableBeanFactory.java:1712)
		at org.springframework.beans.factory.support.AbstractAutowireCapableBeanFactory.populateBean(AbstractAutowireCapableBeanFactory.java:1452)
		at org.springframework.beans.factory.support.AbstractAutowireCapableBeanFactory.doCreateBean(AbstractAutowireCapableBeanFactory.java:619)
		... 35 more
	Caused by: java.lang.IllegalArgumentException: Could not resolve resource location pattern [classpath:mappers/*.xml]: class path resource [mappers/] cannot be resolved to URL because it does not exist
		at org.springframework.core.io.support.ResourceArrayPropertyEditor.setAsText(ResourceArrayPropertyEditor.java:121)
		at org.springframework.beans.TypeConverterDelegate.doConvertTextValue(TypeConverterDelegate.java:429)
		at org.springframework.beans.TypeConverterDelegate.doConvertValue(TypeConverterDelegate.java:402)
		at org.springframework.beans.TypeConverterDelegate.convertIfNecessary(TypeConverterDelegate.java:155)
		at org.springframework.beans.AbstractNestablePropertyAccessor.convertIfNecessary(AbstractNestablePropertyAccessor.java:590)
		... 41 more
07-Jun-2026 22:39:34.292 정보 [Thread-2] org.apache.coyote.AbstractProtocol.pause 프로토콜 핸들러 ["http-nio-8080"]을(를) 일시 정지 중
07-Jun-2026 22:39:34.335 정보 [Thread-2] org.apache.catalina.core.StandardService.stopInternal 서비스 [Catalina]을(를) 중지시킵니다.
07-Jun-2026 22:39:34.342 경고 [Thread-2] org.apache.catalina.loader.WebappClassLoaderBase.clearReferencesJdbc 웹 애플리케이션 [ROOT]이(가) JDBC 드라이버 [org.mariadb.jdbc.Driver]을(를) 등록했지만, 웹 애플리케이션이 중지될 때, 해당 JDBC 드라이버의 등록을 제거하지 못했습니다. 메모리 누수를 방지하기 위하여, 등록을 강제로 제거했습니다.
07-Jun-2026 22:39:34.344 정보 [Thread-2] org.apache.coyote.AbstractProtocol.stop 프로토콜 핸들러 ["http-nio-8080"]을(를) 중지시킵니다.
07-Jun-2026 22:39:34.347 정보 [Thread-2] org.apache.coyote.AbstractProtocol.destroy 프로토콜 핸들러 ["http-nio-8080"]을(를) 소멸시킵니다.
07-Jun-2026 22:39:36.186 정보 [main] org.apache.catalina.startup.VersionLoggerListener.log 서버 버전 이름:    Apache Tomcat/9.0.118
07-Jun-2026 22:39:36.189 정보 [main] org.apache.catalina.startup.VersionLoggerListener.log Server 빌드 시각:  May 1 2026 19:30:30 UTC
07-Jun-2026 22:39:36.189 정보 [main] org.apache.catalina.startup.VersionLoggerListener.log Server 버전 번호:  9.0.118.0
07-Jun-2026 22:39:36.189 정보 [main] org.apache.catalina.startup.VersionLoggerListener.log 운영체제 이름:     Windows 11
07-Jun-2026 22:39:36.189 정보 [main] org.apache.catalina.startup.VersionLoggerListener.log 운영체제 버전:     10.0
07-Jun-2026 22:39:36.189 정보 [main] org.apache.catalina.startup.VersionLoggerListener.log 아키텍처:          amd64
07-Jun-2026 22:39:36.189 정보 [main] org.apache.catalina.startup.VersionLoggerListener.log 자바 홈:           C:\Users\User\.jdks\corretto-1.8.0_492\jre
07-Jun-2026 22:39:36.189 정보 [main] org.apache.catalina.startup.VersionLoggerListener.log JVM 버전:          1.8.0_492-b09
07-Jun-2026 22:39:36.189 정보 [main] org.apache.catalina.startup.VersionLoggerListener.log JVM 벤더:          Amazon.com Inc.
07-Jun-2026 22:39:36.189 정보 [main] org.apache.catalina.startup.VersionLoggerListener.log CATALINA_BASE:     C:\dev\workspace\java_crud
07-Jun-2026 22:39:36.189 정보 [main] org.apache.catalina.startup.VersionLoggerListener.log CATALINA_HOME:     C:\apache-tomcat-9.0.118
07-Jun-2026 22:39:36.190 정보 [main] org.apache.catalina.startup.VersionLoggerListener.log 명령 행 아규먼트:  -Dcatalina.home=C:\apache-tomcat-9.0.118
07-Jun-2026 22:39:36.190 정보 [main] org.apache.catalina.startup.VersionLoggerListener.log 명령 행 아규먼트:  -Dcatalina.base=C:\dev\workspace\java_crud
07-Jun-2026 22:39:36.190 정보 [main] org.apache.catalina.startup.VersionLoggerListener.log 명령 행 아규먼트:  -Djava.io.tmpdir=C:\dev\workspace\java_crud\temp
07-Jun-2026 22:39:36.190 정보 [main] org.apache.catalina.startup.VersionLoggerListener.log 명령 행 아규먼트:  -Djava.util.logging.config.file=C:\dev\workspace\java_crud\conf\logging.properties
07-Jun-2026 22:39:36.190 정보 [main] org.apache.catalina.startup.VersionLoggerListener.log 명령 행 아규먼트:  -Djava.util.logging.manager=org.apache.juli.ClassLoaderLogManager
07-Jun-2026 22:39:36.190 정보 [main] org.apache.catalina.startup.VersionLoggerListener.log 명령 행 아규먼트:  -javaagent:C:\Program Files\JetBrains\IntelliJ IDEA 2025.3.2\lib\idea_rt.jar=65368
07-Jun-2026 22:39:36.190 정보 [main] org.apache.catalina.startup.VersionLoggerListener.log 명령 행 아규먼트:  -Dfile.encoding=UTF-8
07-Jun-2026 22:39:36.193 정보 [main] org.apache.catalina.core.AprLifecycleListener.lifecycleEvent APR 버전 [1.7.6]을(를) 사용한, APR 기반 Apache Tomcat Native 라이브러리 [1.3.7]을(를) 로드했습니다.
07-Jun-2026 22:39:36.193 정보 [main] org.apache.catalina.core.AprLifecycleListener.lifecycleEvent APR 용량정보들: IPv6 [true], sendfile [true], accept filters [false], random [true], UDS [true].
07-Jun-2026 22:39:36.194 정보 [main] org.apache.catalina.core.AprLifecycleListener.lifecycleEvent APR/OpenSSL 설정: useAprConnector [false], useOpenSSL [true]
07-Jun-2026 22:39:36.197 정보 [main] org.apache.catalina.core.AprLifecycleListener.initializeSSL OpenSSL이 성공적으로 초기화되었습니다: [OpenSSL 3.0.19 27 Jan 2026]
07-Jun-2026 22:39:36.324 정보 [main] org.apache.coyote.AbstractProtocol.init 프로토콜 핸들러 ["http-nio-8080"]을(를) 초기화합니다.
07-Jun-2026 22:39:36.334 정보 [main] org.apache.catalina.startup.Catalina.load [243] 밀리초 내에 서버가 초기화되었습니다.
07-Jun-2026 22:39:36.353 정보 [main] org.apache.catalina.core.StandardService.startInternal 서비스 [Catalina]을(를) 시작합니다.
07-Jun-2026 22:39:36.353 정보 [main] org.apache.catalina.core.StandardEngine.startInternal 서버 엔진을 시작합니다: [Apache Tomcat/9.0.118]
07-Jun-2026 22:39:36.358 정보 [main] org.apache.catalina.startup.HostConfig.deployDescriptor 배치 descriptor [C:\dev\workspace\java_crud\conf\Catalina\localhost\ROOT.xml]을(를) 배치합니다.
07-Jun-2026 22:39:36.386 경고 [main] org.apache.catalina.webresources.DirResourceSet.initInternal Disabled the global canonical file name cache to protect against CVE-2024-56337 when starting the WebResourceSet at [C:\dev\workspace\java_crud\target\classes] which is part of the web application []
07-Jun-2026 22:39:37.249 정보 [main] org.apache.jasper.servlet.TldScanner.scanJars 적어도 하나의 JAR가 TLD들을 찾기 위해 스캔되었으나 아무 것도 찾지 못했습니다. 스캔했으나 TLD가 없는 JAR들의 전체 목록을 보시려면, 로그 레벨을 디버그 레벨로 설정하십시오. 스캔 과정에서 불필요한 JAR들을 건너뛰면, 시스템 시작 시간과 JSP 컴파일 시간을 단축시킬 수 있습니다.
07-Jun-2026 22:39:37.412 정보 [main] org.springframework.web.servlet.FrameworkServlet.initServletBean Initializing Servlet 'dispatcher'
07-Jun-2026 22:39:38.121 정보 [main] org.springframework.web.servlet.FrameworkServlet.initServletBean Completed initialization in 708 ms
07-Jun-2026 22:39:38.128 정보 [main] org.apache.catalina.startup.HostConfig.deployDescriptor 배치 descriptor [C:\dev\workspace\java_crud\conf\Catalina\localhost\ROOT.xml]의 배치가 [1,769] 밀리초 내에 완료되었습니다.
07-Jun-2026 22:39:38.130 정보 [main] org.apache.coyote.AbstractProtocol.start 프로토콜 핸들러 ["http-nio-8080"]을(를) 시작합니다.
07-Jun-2026 22:39:38.138 정보 [main] org.apache.catalina.startup.Catalina.start 서버가 [1804] 밀리초 내에 시작되었습니다.
07-Jun-2026 22:39:39.354 경고 [http-nio-8080-exec-2] org.springframework.web.servlet.DispatcherServlet.noHandlerFound No mapping for GET /favicon.ico
07-Jun-2026 22:39:54.309 정보 [Thread-2] org.apache.coyote.AbstractProtocol.pause 프로토콜 핸들러 ["http-nio-8080"]을(를) 일시 정지 중
07-Jun-2026 22:39:54.352 정보 [Thread-2] org.apache.catalina.core.StandardService.stopInternal 서비스 [Catalina]을(를) 중지시킵니다.
07-Jun-2026 22:39:54.360 경고 [Thread-2] org.apache.catalina.loader.WebappClassLoaderBase.clearReferencesJdbc 웹 애플리케이션 [ROOT]이(가) JDBC 드라이버 [org.mariadb.jdbc.Driver]을(를) 등록했지만, 웹 애플리케이션이 중지될 때, 해당 JDBC 드라이버의 등록을 제거하지 못했습니다. 메모리 누수를 방지하기 위하여, 등록을 강제로 제거했습니다.
07-Jun-2026 22:39:54.362 정보 [Thread-2] org.apache.coyote.AbstractProtocol.stop 프로토콜 핸들러 ["http-nio-8080"]을(를) 중지시킵니다.
07-Jun-2026 22:39:54.364 정보 [Thread-2] org.apache.coyote.AbstractProtocol.destroy 프로토콜 핸들러 ["http-nio-8080"]을(를) 소멸시킵니다.
07-Jun-2026 22:39:59.867 정보 [main] org.apache.catalina.startup.VersionLoggerListener.log 서버 버전 이름:    Apache Tomcat/9.0.118
07-Jun-2026 22:39:59.870 정보 [main] org.apache.catalina.startup.VersionLoggerListener.log Server 빌드 시각:  May 1 2026 19:30:30 UTC
07-Jun-2026 22:39:59.870 정보 [main] org.apache.catalina.startup.VersionLoggerListener.log Server 버전 번호:  9.0.118.0
07-Jun-2026 22:39:59.870 정보 [main] org.apache.catalina.startup.VersionLoggerListener.log 운영체제 이름:     Windows 11
07-Jun-2026 22:39:59.870 정보 [main] org.apache.catalina.startup.VersionLoggerListener.log 운영체제 버전:     10.0
07-Jun-2026 22:39:59.870 정보 [main] org.apache.catalina.startup.VersionLoggerListener.log 아키텍처:          amd64
07-Jun-2026 22:39:59.870 정보 [main] org.apache.catalina.startup.VersionLoggerListener.log 자바 홈:           C:\Users\User\.jdks\corretto-1.8.0_492\jre
07-Jun-2026 22:39:59.870 정보 [main] org.apache.catalina.startup.VersionLoggerListener.log JVM 버전:          1.8.0_492-b09
07-Jun-2026 22:39:59.870 정보 [main] org.apache.catalina.startup.VersionLoggerListener.log JVM 벤더:          Amazon.com Inc.
07-Jun-2026 22:39:59.871 정보 [main] org.apache.catalina.startup.VersionLoggerListener.log CATALINA_BASE:     C:\dev\workspace\java_crud
07-Jun-2026 22:39:59.871 정보 [main] org.apache.catalina.startup.VersionLoggerListener.log CATALINA_HOME:     C:\apache-tomcat-9.0.118
07-Jun-2026 22:39:59.871 정보 [main] org.apache.catalina.startup.VersionLoggerListener.log 명령 행 아규먼트:  -Dcatalina.home=C:\apache-tomcat-9.0.118
07-Jun-2026 22:39:59.871 정보 [main] org.apache.catalina.startup.VersionLoggerListener.log 명령 행 아규먼트:  -Dcatalina.base=C:\dev\workspace\java_crud
07-Jun-2026 22:39:59.872 정보 [main] org.apache.catalina.startup.VersionLoggerListener.log 명령 행 아규먼트:  -Djava.io.tmpdir=C:\dev\workspace\java_crud\temp
07-Jun-2026 22:39:59.872 정보 [main] org.apache.catalina.startup.VersionLoggerListener.log 명령 행 아규먼트:  -Djava.util.logging.config.file=C:\dev\workspace\java_crud\conf\logging.properties
07-Jun-2026 22:39:59.872 정보 [main] org.apache.catalina.startup.VersionLoggerListener.log 명령 행 아규먼트:  -Djava.util.logging.manager=org.apache.juli.ClassLoaderLogManager
07-Jun-2026 22:39:59.872 정보 [main] org.apache.catalina.startup.VersionLoggerListener.log 명령 행 아규먼트:  -javaagent:C:\Program Files\JetBrains\IntelliJ IDEA 2025.3.2\lib\idea_rt.jar=53875
07-Jun-2026 22:39:59.872 정보 [main] org.apache.catalina.startup.VersionLoggerListener.log 명령 행 아규먼트:  -Dfile.encoding=UTF-8
07-Jun-2026 22:39:59.874 정보 [main] org.apache.catalina.core.AprLifecycleListener.lifecycleEvent APR 버전 [1.7.6]을(를) 사용한, APR 기반 Apache Tomcat Native 라이브러리 [1.3.7]을(를) 로드했습니다.
07-Jun-2026 22:39:59.874 정보 [main] org.apache.catalina.core.AprLifecycleListener.lifecycleEvent APR 용량정보들: IPv6 [true], sendfile [true], accept filters [false], random [true], UDS [true].
07-Jun-2026 22:39:59.874 정보 [main] org.apache.catalina.core.AprLifecycleListener.lifecycleEvent APR/OpenSSL 설정: useAprConnector [false], useOpenSSL [true]
07-Jun-2026 22:39:59.879 정보 [main] org.apache.catalina.core.AprLifecycleListener.initializeSSL OpenSSL이 성공적으로 초기화되었습니다: [OpenSSL 3.0.19 27 Jan 2026]
07-Jun-2026 22:40:00.011 정보 [main] org.apache.coyote.AbstractProtocol.init 프로토콜 핸들러 ["http-nio-8080"]을(를) 초기화합니다.
07-Jun-2026 22:40:00.021 정보 [main] org.apache.catalina.startup.Catalina.load [256] 밀리초 내에 서버가 초기화되었습니다.
07-Jun-2026 22:40:00.040 정보 [main] org.apache.catalina.core.StandardService.startInternal 서비스 [Catalina]을(를) 시작합니다.
07-Jun-2026 22:40:00.040 정보 [main] org.apache.catalina.core.StandardEngine.startInternal 서버 엔진을 시작합니다: [Apache Tomcat/9.0.118]
07-Jun-2026 22:40:00.046 정보 [main] org.apache.catalina.startup.HostConfig.deployDescriptor 배치 descriptor [C:\dev\workspace\java_crud\conf\Catalina\localhost\ROOT.xml]을(를) 배치합니다.
07-Jun-2026 22:40:00.075 경고 [main] org.apache.catalina.webresources.DirResourceSet.initInternal Disabled the global canonical file name cache to protect against CVE-2024-56337 when starting the WebResourceSet at [C:\dev\workspace\java_crud\target\classes] which is part of the web application []
07-Jun-2026 22:40:01.084 정보 [main] org.apache.jasper.servlet.TldScanner.scanJars 적어도 하나의 JAR가 TLD들을 찾기 위해 스캔되었으나 아무 것도 찾지 못했습니다. 스캔했으나 TLD가 없는 JAR들의 전체 목록을 보시려면, 로그 레벨을 디버그 레벨로 설정하십시오. 스캔 과정에서 불필요한 JAR들을 건너뛰면, 시스템 시작 시간과 JSP 컴파일 시간을 단축시킬 수 있습니다.
07-Jun-2026 22:40:01.291 정보 [main] org.springframework.web.servlet.FrameworkServlet.initServletBean Initializing Servlet 'dispatcher'
07-Jun-2026 22:40:02.184 정보 [main] org.springframework.web.servlet.FrameworkServlet.initServletBean Completed initialization in 893 ms
07-Jun-2026 22:40:02.191 정보 [main] org.apache.catalina.startup.HostConfig.deployDescriptor 배치 descriptor [C:\dev\workspace\java_crud\conf\Catalina\localhost\ROOT.xml]의 배치가 [2,144] 밀리초 내에 완료되었습니다.
07-Jun-2026 22:40:02.193 정보 [main] org.apache.coyote.AbstractProtocol.start 프로토콜 핸들러 ["http-nio-8080"]을(를) 시작합니다.
07-Jun-2026 22:40:02.202 정보 [main] org.apache.catalina.startup.Catalina.start 서버가 [2181] 밀리초 내에 시작되었습니다.
07-Jun-2026 22:40:37.122 정보 [Thread-2] org.apache.coyote.AbstractProtocol.pause 프로토콜 핸들러 ["http-nio-8080"]을(를) 일시 정지 중
07-Jun-2026 22:40:37.167 정보 [Thread-2] org.apache.catalina.core.StandardService.stopInternal 서비스 [Catalina]을(를) 중지시킵니다.
07-Jun-2026 22:40:37.175 경고 [Thread-2] org.apache.catalina.loader.WebappClassLoaderBase.clearReferencesJdbc 웹 애플리케이션 [ROOT]이(가) JDBC 드라이버 [org.mariadb.jdbc.Driver]을(를) 등록했지만, 웹 애플리케이션이 중지될 때, 해당 JDBC 드라이버의 등록을 제거하지 못했습니다. 메모리 누수를 방지하기 위하여, 등록을 강제로 제거했습니다.
07-Jun-2026 22:40:37.177 정보 [Thread-2] org.apache.coyote.AbstractProtocol.stop 프로토콜 핸들러 ["http-nio-8080"]을(를) 중지시킵니다.
07-Jun-2026 22:40:37.179 정보 [Thread-2] org.apache.coyote.AbstractProtocol.destroy 프로토콜 핸들러 ["http-nio-8080"]을(를) 소멸시킵니다.
07-Jun-2026 22:40:39.029 정보 [main] org.apache.catalina.startup.VersionLoggerListener.log 서버 버전 이름:    Apache Tomcat/9.0.118
07-Jun-2026 22:40:39.031 정보 [main] org.apache.catalina.startup.VersionLoggerListener.log Server 빌드 시각:  May 1 2026 19:30:30 UTC
07-Jun-2026 22:40:39.032 정보 [main] org.apache.catalina.startup.VersionLoggerListener.log Server 버전 번호:  9.0.118.0
07-Jun-2026 22:40:39.032 정보 [main] org.apache.catalina.startup.VersionLoggerListener.log 운영체제 이름:     Windows 11
07-Jun-2026 22:40:39.032 정보 [main] org.apache.catalina.startup.VersionLoggerListener.log 운영체제 버전:     10.0
07-Jun-2026 22:40:39.032 정보 [main] org.apache.catalina.startup.VersionLoggerListener.log 아키텍처:          amd64
07-Jun-2026 22:40:39.032 정보 [main] org.apache.catalina.startup.VersionLoggerListener.log 자바 홈:           C:\Users\User\.jdks\corretto-1.8.0_492\jre
07-Jun-2026 22:40:39.032 정보 [main] org.apache.catalina.startup.VersionLoggerListener.log JVM 버전:          1.8.0_492-b09
07-Jun-2026 22:40:39.032 정보 [main] org.apache.catalina.startup.VersionLoggerListener.log JVM 벤더:          Amazon.com Inc.
07-Jun-2026 22:40:39.032 정보 [main] org.apache.catalina.startup.VersionLoggerListener.log CATALINA_BASE:     C:\dev\workspace\java_crud
07-Jun-2026 22:40:39.032 정보 [main] org.apache.catalina.startup.VersionLoggerListener.log CATALINA_HOME:     C:\apache-tomcat-9.0.118
07-Jun-2026 22:40:39.033 정보 [main] org.apache.catalina.startup.VersionLoggerListener.log 명령 행 아규먼트:  -Dcatalina.home=C:\apache-tomcat-9.0.118
07-Jun-2026 22:40:39.033 정보 [main] org.apache.catalina.startup.VersionLoggerListener.log 명령 행 아규먼트:  -Dcatalina.base=C:\dev\workspace\java_crud
07-Jun-2026 22:40:39.033 정보 [main] org.apache.catalina.startup.VersionLoggerListener.log 명령 행 아규먼트:  -Djava.io.tmpdir=C:\dev\workspace\java_crud\temp
07-Jun-2026 22:40:39.033 정보 [main] org.apache.catalina.startup.VersionLoggerListener.log 명령 행 아규먼트:  -Djava.util.logging.config.file=C:\dev\workspace\java_crud\conf\logging.properties
07-Jun-2026 22:40:39.033 정보 [main] org.apache.catalina.startup.VersionLoggerListener.log 명령 행 아규먼트:  -Djava.util.logging.manager=org.apache.juli.ClassLoaderLogManager
07-Jun-2026 22:40:39.033 정보 [main] org.apache.catalina.startup.VersionLoggerListener.log 명령 행 아규먼트:  -javaagent:C:\Program Files\JetBrains\IntelliJ IDEA 2025.3.2\lib\idea_rt.jar=53884
07-Jun-2026 22:40:39.033 정보 [main] org.apache.catalina.startup.VersionLoggerListener.log 명령 행 아규먼트:  -Dfile.encoding=UTF-8
07-Jun-2026 22:40:39.036 정보 [main] org.apache.catalina.core.AprLifecycleListener.lifecycleEvent APR 버전 [1.7.6]을(를) 사용한, APR 기반 Apache Tomcat Native 라이브러리 [1.3.7]을(를) 로드했습니다.
07-Jun-2026 22:40:39.036 정보 [main] org.apache.catalina.core.AprLifecycleListener.lifecycleEvent APR 용량정보들: IPv6 [true], sendfile [true], accept filters [false], random [true], UDS [true].
07-Jun-2026 22:40:39.036 정보 [main] org.apache.catalina.core.AprLifecycleListener.lifecycleEvent APR/OpenSSL 설정: useAprConnector [false], useOpenSSL [true]
07-Jun-2026 22:40:39.040 정보 [main] org.apache.catalina.core.AprLifecycleListener.initializeSSL OpenSSL이 성공적으로 초기화되었습니다: [OpenSSL 3.0.19 27 Jan 2026]
07-Jun-2026 22:40:39.175 정보 [main] org.apache.coyote.AbstractProtocol.init 프로토콜 핸들러 ["http-nio-8080"]을(를) 초기화합니다.
07-Jun-2026 22:40:39.184 정보 [main] org.apache.catalina.startup.Catalina.load [257] 밀리초 내에 서버가 초기화되었습니다.
07-Jun-2026 22:40:39.202 정보 [main] org.apache.catalina.core.StandardService.startInternal 서비스 [Catalina]을(를) 시작합니다.
07-Jun-2026 22:40:39.203 정보 [main] org.apache.catalina.core.StandardEngine.startInternal 서버 엔진을 시작합니다: [Apache Tomcat/9.0.118]
07-Jun-2026 22:40:39.209 정보 [main] org.apache.catalina.startup.HostConfig.deployDescriptor 배치 descriptor [C:\dev\workspace\java_crud\conf\Catalina\localhost\ROOT.xml]을(를) 배치합니다.
07-Jun-2026 22:40:39.236 경고 [main] org.apache.catalina.webresources.DirResourceSet.initInternal Disabled the global canonical file name cache to protect against CVE-2024-56337 when starting the WebResourceSet at [C:\dev\workspace\java_crud\target\classes] which is part of the web application []
07-Jun-2026 22:40:40.198 정보 [main] org.apache.jasper.servlet.TldScanner.scanJars 적어도 하나의 JAR가 TLD들을 찾기 위해 스캔되었으나 아무 것도 찾지 못했습니다. 스캔했으나 TLD가 없는 JAR들의 전체 목록을 보시려면, 로그 레벨을 디버그 레벨로 설정하십시오. 스캔 과정에서 불필요한 JAR들을 건너뛰면, 시스템 시작 시간과 JSP 컴파일 시간을 단축시킬 수 있습니다.
07-Jun-2026 22:40:40.401 정보 [main] org.springframework.web.servlet.FrameworkServlet.initServletBean Initializing Servlet 'dispatcher'
07-Jun-2026 22:40:41.260 정보 [main] org.springframework.web.servlet.FrameworkServlet.initServletBean Completed initialization in 859 ms
07-Jun-2026 22:40:41.266 정보 [main] org.apache.catalina.startup.HostConfig.deployDescriptor 배치 descriptor [C:\dev\workspace\java_crud\conf\Catalina\localhost\ROOT.xml]의 배치가 [2,056] 밀리초 내에 완료되었습니다.
07-Jun-2026 22:40:41.267 정보 [main] org.apache.coyote.AbstractProtocol.start 프로토콜 핸들러 ["http-nio-8080"]을(를) 시작합니다.
07-Jun-2026 22:40:41.276 정보 [main] org.apache.catalina.startup.Catalina.start 서버가 [2092] 밀리초 내에 시작되었습니다.
07-Jun-2026 22:40:43.010 경고 [http-nio-8080-exec-2] org.springframework.web.servlet.DispatcherServlet.noHandlerFound No mapping for GET /favicon.ico
07-Jun-2026 22:40:44.182 경고 [http-nio-8080-exec-4] org.springframework.web.servlet.DispatcherServlet.noHandlerFound No mapping for GET /favicon.ico
07-Jun-2026 22:41:36.771 정보 [Thread-2] org.apache.coyote.AbstractProtocol.pause 프로토콜 핸들러 ["http-nio-8080"]을(를) 일시 정지 중
07-Jun-2026 22:41:36.817 정보 [Thread-2] org.apache.catalina.core.StandardService.stopInternal 서비스 [Catalina]을(를) 중지시킵니다.
07-Jun-2026 22:41:36.824 경고 [Thread-2] org.apache.catalina.loader.WebappClassLoaderBase.clearReferencesJdbc 웹 애플리케이션 [ROOT]이(가) JDBC 드라이버 [org.mariadb.jdbc.Driver]을(를) 등록했지만, 웹 애플리케이션이 중지될 때, 해당 JDBC 드라이버의 등록을 제거하지 못했습니다. 메모리 누수를 방지하기 위하여, 등록을 강제로 제거했습니다.
07-Jun-2026 22:41:36.827 정보 [Thread-2] org.apache.coyote.AbstractProtocol.stop 프로토콜 핸들러 ["http-nio-8080"]을(를) 중지시킵니다.
07-Jun-2026 22:41:36.829 정보 [Thread-2] org.apache.coyote.AbstractProtocol.destroy 프로토콜 핸들러 ["http-nio-8080"]을(를) 소멸시킵니다.
07-Jun-2026 22:41:38.940 정보 [main] org.apache.catalina.startup.VersionLoggerListener.log 서버 버전 이름:    Apache Tomcat/9.0.118
07-Jun-2026 22:41:38.943 정보 [main] org.apache.catalina.startup.VersionLoggerListener.log Server 빌드 시각:  May 1 2026 19:30:30 UTC
07-Jun-2026 22:41:38.943 정보 [main] org.apache.catalina.startup.VersionLoggerListener.log Server 버전 번호:  9.0.118.0
07-Jun-2026 22:41:38.943 정보 [main] org.apache.catalina.startup.VersionLoggerListener.log 운영체제 이름:     Windows 11
07-Jun-2026 22:41:38.944 정보 [main] org.apache.catalina.startup.VersionLoggerListener.log 운영체제 버전:     10.0
07-Jun-2026 22:41:38.944 정보 [main] org.apache.catalina.startup.VersionLoggerListener.log 아키텍처:          amd64
07-Jun-2026 22:41:38.944 정보 [main] org.apache.catalina.startup.VersionLoggerListener.log 자바 홈:           C:\Users\User\.jdks\corretto-1.8.0_492\jre
07-Jun-2026 22:41:38.944 정보 [main] org.apache.catalina.startup.VersionLoggerListener.log JVM 버전:          1.8.0_492-b09
07-Jun-2026 22:41:38.944 정보 [main] org.apache.catalina.startup.VersionLoggerListener.log JVM 벤더:          Amazon.com Inc.
07-Jun-2026 22:41:38.944 정보 [main] org.apache.catalina.startup.VersionLoggerListener.log CATALINA_BASE:     C:\dev\workspace\java_crud
07-Jun-2026 22:41:38.944 정보 [main] org.apache.catalina.startup.VersionLoggerListener.log CATALINA_HOME:     C:\apache-tomcat-9.0.118
07-Jun-2026 22:41:38.945 정보 [main] org.apache.catalina.startup.VersionLoggerListener.log 명령 행 아규먼트:  -Dcatalina.home=C:\apache-tomcat-9.0.118
07-Jun-2026 22:41:38.945 정보 [main] org.apache.catalina.startup.VersionLoggerListener.log 명령 행 아규먼트:  -Dcatalina.base=C:\dev\workspace\java_crud
07-Jun-2026 22:41:38.945 정보 [main] org.apache.catalina.startup.VersionLoggerListener.log 명령 행 아규먼트:  -Djava.io.tmpdir=C:\dev\workspace\java_crud\temp
07-Jun-2026 22:41:38.945 정보 [main] org.apache.catalina.startup.VersionLoggerListener.log 명령 행 아규먼트:  -Djava.util.logging.config.file=C:\dev\workspace\java_crud\conf\logging.properties
07-Jun-2026 22:41:38.945 정보 [main] org.apache.catalina.startup.VersionLoggerListener.log 명령 행 아규먼트:  -Djava.util.logging.manager=org.apache.juli.ClassLoaderLogManager
07-Jun-2026 22:41:38.945 정보 [main] org.apache.catalina.startup.VersionLoggerListener.log 명령 행 아규먼트:  -javaagent:C:\Program Files\JetBrains\IntelliJ IDEA 2025.3.2\lib\idea_rt.jar=53337
07-Jun-2026 22:41:38.945 정보 [main] org.apache.catalina.startup.VersionLoggerListener.log 명령 행 아규먼트:  -Dfile.encoding=UTF-8
07-Jun-2026 22:41:38.948 정보 [main] org.apache.catalina.core.AprLifecycleListener.lifecycleEvent APR 버전 [1.7.6]을(를) 사용한, APR 기반 Apache Tomcat Native 라이브러리 [1.3.7]을(를) 로드했습니다.
07-Jun-2026 22:41:38.949 정보 [main] org.apache.catalina.core.AprLifecycleListener.lifecycleEvent APR 용량정보들: IPv6 [true], sendfile [true], accept filters [false], random [true], UDS [true].
07-Jun-2026 22:41:38.949 정보 [main] org.apache.catalina.core.AprLifecycleListener.lifecycleEvent APR/OpenSSL 설정: useAprConnector [false], useOpenSSL [true]
07-Jun-2026 22:41:38.953 정보 [main] org.apache.catalina.core.AprLifecycleListener.initializeSSL OpenSSL이 성공적으로 초기화되었습니다: [OpenSSL 3.0.19 27 Jan 2026]
07-Jun-2026 22:41:39.105 정보 [main] org.apache.coyote.AbstractProtocol.init 프로토콜 핸들러 ["http-nio-8080"]을(를) 초기화합니다.
07-Jun-2026 22:41:39.115 정보 [main] org.apache.catalina.startup.Catalina.load [284] 밀리초 내에 서버가 초기화되었습니다.
07-Jun-2026 22:41:39.136 정보 [main] org.apache.catalina.core.StandardService.startInternal 서비스 [Catalina]을(를) 시작합니다.
07-Jun-2026 22:41:39.136 정보 [main] org.apache.catalina.core.StandardEngine.startInternal 서버 엔진을 시작합니다: [Apache Tomcat/9.0.118]
07-Jun-2026 22:41:39.142 정보 [main] org.apache.catalina.startup.HostConfig.deployDescriptor 배치 descriptor [C:\dev\workspace\java_crud\conf\Catalina\localhost\ROOT.xml]을(를) 배치합니다.
07-Jun-2026 22:41:39.171 경고 [main] org.apache.catalina.webresources.DirResourceSet.initInternal Disabled the global canonical file name cache to protect against CVE-2024-56337 when starting the WebResourceSet at [C:\dev\workspace\java_crud\target\classes] which is part of the web application []
07-Jun-2026 22:41:40.156 정보 [main] org.apache.jasper.servlet.TldScanner.scanJars 적어도 하나의 JAR가 TLD들을 찾기 위해 스캔되었으나 아무 것도 찾지 못했습니다. 스캔했으나 TLD가 없는 JAR들의 전체 목록을 보시려면, 로그 레벨을 디버그 레벨로 설정하십시오. 스캔 과정에서 불필요한 JAR들을 건너뛰면, 시스템 시작 시간과 JSP 컴파일 시간을 단축시킬 수 있습니다.
07-Jun-2026 22:41:40.377 정보 [main] org.springframework.web.servlet.FrameworkServlet.initServletBean Initializing Servlet 'dispatcher'
07-Jun-2026 22:41:41.256 정보 [main] org.springframework.web.servlet.FrameworkServlet.initServletBean Completed initialization in 879 ms
07-Jun-2026 22:41:41.262 정보 [main] org.apache.catalina.startup.HostConfig.deployDescriptor 배치 descriptor [C:\dev\workspace\java_crud\conf\Catalina\localhost\ROOT.xml]의 배치가 [2,119] 밀리초 내에 완료되었습니다.
07-Jun-2026 22:41:41.264 정보 [main] org.apache.coyote.AbstractProtocol.start 프로토콜 핸들러 ["http-nio-8080"]을(를) 시작합니다.
07-Jun-2026 22:41:41.273 정보 [main] org.apache.catalina.startup.Catalina.start 서버가 [2157] 밀리초 내에 시작되었습니다.
07-Jun-2026 22:41:42.100 경고 [http-nio-8080-exec-1] org.springframework.web.servlet.DispatcherServlet.noHandlerFound No mapping for GET /WEB-INF/views/index.html
07-Jun-2026 22:41:42.116 경고 [http-nio-8080-exec-2] org.springframework.web.servlet.DispatcherServlet.noHandlerFound No mapping for GET /favicon.ico
07-Jun-2026 22:41:42.891 경고 [http-nio-8080-exec-5] org.springframework.web.servlet.DispatcherServlet.noHandlerFound No mapping for GET /WEB-INF/views/index.html
07-Jun-2026 22:41:42.904 경고 [http-nio-8080-exec-4] org.springframework.web.servlet.DispatcherServlet.noHandlerFound No mapping for GET /favicon.ico
07-Jun-2026 22:41:43.076 경고 [http-nio-8080-exec-3] org.springframework.web.servlet.DispatcherServlet.noHandlerFound No mapping for GET /WEB-INF/views/index.html
07-Jun-2026 22:41:43.090 경고 [http-nio-8080-exec-6] org.springframework.web.servlet.DispatcherServlet.noHandlerFound No mapping for GET /favicon.ico
07-Jun-2026 22:41:43.239 경고 [http-nio-8080-exec-7] org.springframework.web.servlet.DispatcherServlet.noHandlerFound No mapping for GET /WEB-INF/views/index.html
07-Jun-2026 22:41:43.252 경고 [http-nio-8080-exec-8] org.springframework.web.servlet.DispatcherServlet.noHandlerFound No mapping for GET /favicon.ico
07-Jun-2026 22:41:43.402 경고 [http-nio-8080-exec-9] org.springframework.web.servlet.DispatcherServlet.noHandlerFound No mapping for GET /WEB-INF/views/index.html
07-Jun-2026 22:41:43.415 경고 [http-nio-8080-exec-10] org.springframework.web.servlet.DispatcherServlet.noHandlerFound No mapping for GET /favicon.ico
07-Jun-2026 22:42:21.010 정보 [Thread-2] org.apache.coyote.AbstractProtocol.pause 프로토콜 핸들러 ["http-nio-8080"]을(를) 일시 정지 중
07-Jun-2026 22:42:21.054 정보 [Thread-2] org.apache.catalina.core.StandardService.stopInternal 서비스 [Catalina]을(를) 중지시킵니다.
07-Jun-2026 22:42:21.062 경고 [Thread-2] org.apache.catalina.loader.WebappClassLoaderBase.clearReferencesJdbc 웹 애플리케이션 [ROOT]이(가) JDBC 드라이버 [org.mariadb.jdbc.Driver]을(를) 등록했지만, 웹 애플리케이션이 중지될 때, 해당 JDBC 드라이버의 등록을 제거하지 못했습니다. 메모리 누수를 방지하기 위하여, 등록을 강제로 제거했습니다.
07-Jun-2026 22:42:21.065 정보 [Thread-2] org.apache.coyote.AbstractProtocol.stop 프로토콜 핸들러 ["http-nio-8080"]을(를) 중지시킵니다.
07-Jun-2026 22:42:21.067 정보 [Thread-2] org.apache.coyote.AbstractProtocol.destroy 프로토콜 핸들러 ["http-nio-8080"]을(를) 소멸시킵니다.
07-Jun-2026 22:42:26.418 정보 [main] org.apache.catalina.startup.VersionLoggerListener.log 서버 버전 이름:    Apache Tomcat/9.0.118
07-Jun-2026 22:42:26.420 정보 [main] org.apache.catalina.startup.VersionLoggerListener.log Server 빌드 시각:  May 1 2026 19:30:30 UTC
07-Jun-2026 22:42:26.420 정보 [main] org.apache.catalina.startup.VersionLoggerListener.log Server 버전 번호:  9.0.118.0
07-Jun-2026 22:42:26.420 정보 [main] org.apache.catalina.startup.VersionLoggerListener.log 운영체제 이름:     Windows 11
07-Jun-2026 22:42:26.420 정보 [main] org.apache.catalina.startup.VersionLoggerListener.log 운영체제 버전:     10.0
07-Jun-2026 22:42:26.420 정보 [main] org.apache.catalina.startup.VersionLoggerListener.log 아키텍처:          amd64
07-Jun-2026 22:42:26.420 정보 [main] org.apache.catalina.startup.VersionLoggerListener.log 자바 홈:           C:\Users\User\.jdks\corretto-1.8.0_492\jre
07-Jun-2026 22:42:26.420 정보 [main] org.apache.catalina.startup.VersionLoggerListener.log JVM 버전:          1.8.0_492-b09
07-Jun-2026 22:42:26.420 정보 [main] org.apache.catalina.startup.VersionLoggerListener.log JVM 벤더:          Amazon.com Inc.
07-Jun-2026 22:42:26.420 정보 [main] org.apache.catalina.startup.VersionLoggerListener.log CATALINA_BASE:     C:\dev\workspace\java_crud
07-Jun-2026 22:42:26.421 정보 [main] org.apache.catalina.startup.VersionLoggerListener.log CATALINA_HOME:     C:\apache-tomcat-9.0.118
07-Jun-2026 22:42:26.421 정보 [main] org.apache.catalina.startup.VersionLoggerListener.log 명령 행 아규먼트:  -Dcatalina.home=C:\apache-tomcat-9.0.118
07-Jun-2026 22:42:26.423 정보 [main] org.apache.catalina.startup.VersionLoggerListener.log 명령 행 아규먼트:  -Dcatalina.base=C:\dev\workspace\java_crud
07-Jun-2026 22:42:26.423 정보 [main] org.apache.catalina.startup.VersionLoggerListener.log 명령 행 아규먼트:  -Djava.io.tmpdir=C:\dev\workspace\java_crud\temp
07-Jun-2026 22:42:26.423 정보 [main] org.apache.catalina.startup.VersionLoggerListener.log 명령 행 아규먼트:  -Djava.util.logging.config.file=C:\dev\workspace\java_crud\conf\logging.properties
07-Jun-2026 22:42:26.423 정보 [main] org.apache.catalina.startup.VersionLoggerListener.log 명령 행 아규먼트:  -Djava.util.logging.manager=org.apache.juli.ClassLoaderLogManager
07-Jun-2026 22:42:26.423 정보 [main] org.apache.catalina.startup.VersionLoggerListener.log 명령 행 아규먼트:  -javaagent:C:\Program Files\JetBrains\IntelliJ IDEA 2025.3.2\lib\idea_rt.jar=62356
07-Jun-2026 22:42:26.423 정보 [main] org.apache.catalina.startup.VersionLoggerListener.log 명령 행 아규먼트:  -Dfile.encoding=UTF-8
07-Jun-2026 22:42:26.425 정보 [main] org.apache.catalina.core.AprLifecycleListener.lifecycleEvent APR 버전 [1.7.6]을(를) 사용한, APR 기반 Apache Tomcat Native 라이브러리 [1.3.7]을(를) 로드했습니다.
07-Jun-2026 22:42:26.426 정보 [main] org.apache.catalina.core.AprLifecycleListener.lifecycleEvent APR 용량정보들: IPv6 [true], sendfile [true], accept filters [false], random [true], UDS [true].
07-Jun-2026 22:42:26.426 정보 [main] org.apache.catalina.core.AprLifecycleListener.lifecycleEvent APR/OpenSSL 설정: useAprConnector [false], useOpenSSL [true]
07-Jun-2026 22:42:26.429 정보 [main] org.apache.catalina.core.AprLifecycleListener.initializeSSL OpenSSL이 성공적으로 초기화되었습니다: [OpenSSL 3.0.19 27 Jan 2026]
07-Jun-2026 22:42:26.555 정보 [main] org.apache.coyote.AbstractProtocol.init 프로토콜 핸들러 ["http-nio-8080"]을(를) 초기화합니다.
07-Jun-2026 22:42:26.563 정보 [main] org.apache.catalina.startup.Catalina.load [241] 밀리초 내에 서버가 초기화되었습니다.
07-Jun-2026 22:42:26.583 정보 [main] org.apache.catalina.core.StandardService.startInternal 서비스 [Catalina]을(를) 시작합니다.
07-Jun-2026 22:42:26.583 정보 [main] org.apache.catalina.core.StandardEngine.startInternal 서버 엔진을 시작합니다: [Apache Tomcat/9.0.118]
07-Jun-2026 22:42:26.587 정보 [main] org.apache.catalina.startup.HostConfig.deployDescriptor 배치 descriptor [C:\dev\workspace\java_crud\conf\Catalina\localhost\ROOT.xml]을(를) 배치합니다.
07-Jun-2026 22:42:26.616 경고 [main] org.apache.catalina.webresources.DirResourceSet.initInternal Disabled the global canonical file name cache to protect against CVE-2024-56337 when starting the WebResourceSet at [C:\dev\workspace\java_crud\target\classes] which is part of the web application []
07-Jun-2026 22:42:27.604 정보 [main] org.apache.jasper.servlet.TldScanner.scanJars 적어도 하나의 JAR가 TLD들을 찾기 위해 스캔되었으나 아무 것도 찾지 못했습니다. 스캔했으나 TLD가 없는 JAR들의 전체 목록을 보시려면, 로그 레벨을 디버그 레벨로 설정하십시오. 스캔 과정에서 불필요한 JAR들을 건너뛰면, 시스템 시작 시간과 JSP 컴파일 시간을 단축시킬 수 있습니다.
07-Jun-2026 22:42:27.817 정보 [main] org.springframework.web.servlet.FrameworkServlet.initServletBean Initializing Servlet 'dispatcher'
07-Jun-2026 22:42:28.626 정보 [main] org.springframework.web.servlet.FrameworkServlet.initServletBean Completed initialization in 809 ms
07-Jun-2026 22:42:28.633 정보 [main] org.apache.catalina.startup.HostConfig.deployDescriptor 배치 descriptor [C:\dev\workspace\java_crud\conf\Catalina\localhost\ROOT.xml]의 배치가 [2,045] 밀리초 내에 완료되었습니다.
07-Jun-2026 22:42:28.635 정보 [main] org.apache.coyote.AbstractProtocol.start 프로토콜 핸들러 ["http-nio-8080"]을(를) 시작합니다.
07-Jun-2026 22:42:28.643 정보 [main] org.apache.catalina.startup.Catalina.start 서버가 [2079] 밀리초 내에 시작되었습니다.
07-Jun-2026 22:42:31.828 경고 [http-nio-8080-exec-1] org.springframework.web.servlet.DispatcherServlet.noHandlerFound No mapping for GET /
07-Jun-2026 22:42:31.845 경고 [http-nio-8080-exec-2] org.springframework.web.servlet.DispatcherServlet.noHandlerFound No mapping for GET /favicon.ico
07-Jun-2026 22:42:33.854 경고 [http-nio-8080-exec-3] org.springframework.web.servlet.DispatcherServlet.noHandlerFound No mapping for GET /
07-Jun-2026 22:42:33.869 경고 [http-nio-8080-exec-4] org.springframework.web.servlet.DispatcherServlet.noHandlerFound No mapping for GET /favicon.ico
07-Jun-2026 23:11:47.562 정보 [Thread-2] org.apache.coyote.AbstractProtocol.pause 프로토콜 핸들러 ["http-nio-8080"]을(를) 일시 정지 중
07-Jun-2026 23:11:47.607 정보 [Thread-2] org.apache.catalina.core.StandardService.stopInternal 서비스 [Catalina]을(를) 중지시킵니다.
07-Jun-2026 23:11:47.616 경고 [Thread-2] org.apache.catalina.loader.WebappClassLoaderBase.clearReferencesJdbc 웹 애플리케이션 [ROOT]이(가) JDBC 드라이버 [org.mariadb.jdbc.Driver]을(를) 등록했지만, 웹 애플리케이션이 중지될 때, 해당 JDBC 드라이버의 등록을 제거하지 못했습니다. 메모리 누수를 방지하기 위하여, 등록을 강제로 제거했습니다.
07-Jun-2026 23:11:47.618 정보 [Thread-2] org.apache.coyote.AbstractProtocol.stop 프로토콜 핸들러 ["http-nio-8080"]을(를) 중지시킵니다.
07-Jun-2026 23:11:47.632 정보 [Thread-2] org.apache.coyote.AbstractProtocol.destroy 프로토콜 핸들러 ["http-nio-8080"]을(를) 소멸시킵니다.
07-Jun-2026 23:25:49.136 정보 [main] org.apache.catalina.startup.VersionLoggerListener.log 서버 버전 이름:    Apache Tomcat/9.0.118
07-Jun-2026 23:25:49.138 정보 [main] org.apache.catalina.startup.VersionLoggerListener.log Server 빌드 시각:  May 1 2026 19:30:30 UTC
07-Jun-2026 23:25:49.138 정보 [main] org.apache.catalina.startup.VersionLoggerListener.log Server 버전 번호:  9.0.118.0
07-Jun-2026 23:25:49.139 정보 [main] org.apache.catalina.startup.VersionLoggerListener.log 운영체제 이름:     Windows 11
07-Jun-2026 23:25:49.139 정보 [main] org.apache.catalina.startup.VersionLoggerListener.log 운영체제 버전:     10.0
07-Jun-2026 23:25:49.139 정보 [main] org.apache.catalina.startup.VersionLoggerListener.log 아키텍처:          amd64
07-Jun-2026 23:25:49.139 정보 [main] org.apache.catalina.startup.VersionLoggerListener.log 자바 홈:           C:\Users\User\.jdks\corretto-1.8.0_492\jre
07-Jun-2026 23:25:49.139 정보 [main] org.apache.catalina.startup.VersionLoggerListener.log JVM 버전:          1.8.0_492-b09
07-Jun-2026 23:25:49.139 정보 [main] org.apache.catalina.startup.VersionLoggerListener.log JVM 벤더:          Amazon.com Inc.
07-Jun-2026 23:25:49.139 정보 [main] org.apache.catalina.startup.VersionLoggerListener.log CATALINA_BASE:     C:\dev\workspace\java_crud
07-Jun-2026 23:25:49.139 정보 [main] org.apache.catalina.startup.VersionLoggerListener.log CATALINA_HOME:     C:\apache-tomcat-9.0.118
07-Jun-2026 23:25:49.140 정보 [main] org.apache.catalina.startup.VersionLoggerListener.log 명령 행 아규먼트:  -Dcatalina.home=C:\apache-tomcat-9.0.118
07-Jun-2026 23:25:49.140 정보 [main] org.apache.catalina.startup.VersionLoggerListener.log 명령 행 아규먼트:  -Dcatalina.base=C:\dev\workspace\java_crud
07-Jun-2026 23:25:49.140 정보 [main] org.apache.catalina.startup.VersionLoggerListener.log 명령 행 아규먼트:  -Djava.io.tmpdir=C:\dev\workspace\java_crud\temp
07-Jun-2026 23:25:49.140 정보 [main] org.apache.catalina.startup.VersionLoggerListener.log 명령 행 아규먼트:  -Djava.util.logging.config.file=C:\dev\workspace\java_crud\conf\logging.properties
07-Jun-2026 23:25:49.140 정보 [main] org.apache.catalina.startup.VersionLoggerListener.log 명령 행 아규먼트:  -Djava.util.logging.manager=org.apache.juli.ClassLoaderLogManager
07-Jun-2026 23:25:49.140 정보 [main] org.apache.catalina.startup.VersionLoggerListener.log 명령 행 아규먼트:  -javaagent:C:\Program Files\JetBrains\IntelliJ IDEA 2025.3.2\lib\idea_rt.jar=50135
07-Jun-2026 23:25:49.140 정보 [main] org.apache.catalina.startup.VersionLoggerListener.log 명령 행 아규먼트:  -Dfile.encoding=UTF-8
07-Jun-2026 23:25:49.143 정보 [main] org.apache.catalina.core.AprLifecycleListener.lifecycleEvent APR 버전 [1.7.6]을(를) 사용한, APR 기반 Apache Tomcat Native 라이브러리 [1.3.7]을(를) 로드했습니다.
07-Jun-2026 23:25:49.143 정보 [main] org.apache.catalina.core.AprLifecycleListener.lifecycleEvent APR 용량정보들: IPv6 [true], sendfile [true], accept filters [false], random [true], UDS [true].
07-Jun-2026 23:25:49.143 정보 [main] org.apache.catalina.core.AprLifecycleListener.lifecycleEvent APR/OpenSSL 설정: useAprConnector [false], useOpenSSL [true]
07-Jun-2026 23:25:49.147 정보 [main] org.apache.catalina.core.AprLifecycleListener.initializeSSL OpenSSL이 성공적으로 초기화되었습니다: [OpenSSL 3.0.19 27 Jan 2026]
07-Jun-2026 23:25:49.276 정보 [main] org.apache.coyote.AbstractProtocol.init 프로토콜 핸들러 ["http-nio-8080"]을(를) 초기화합니다.
07-Jun-2026 23:25:49.286 정보 [main] org.apache.catalina.startup.Catalina.load [246] 밀리초 내에 서버가 초기화되었습니다.
07-Jun-2026 23:25:49.305 정보 [main] org.apache.catalina.core.StandardService.startInternal 서비스 [Catalina]을(를) 시작합니다.
07-Jun-2026 23:25:49.305 정보 [main] org.apache.catalina.core.StandardEngine.startInternal 서버 엔진을 시작합니다: [Apache Tomcat/9.0.118]
07-Jun-2026 23:25:49.310 정보 [main] org.apache.catalina.startup.HostConfig.deployDescriptor 배치 descriptor [C:\dev\workspace\java_crud\conf\Catalina\localhost\ROOT.xml]을(를) 배치합니다.
07-Jun-2026 23:25:49.340 경고 [main] org.apache.catalina.webresources.DirResourceSet.initInternal Disabled the global canonical file name cache to protect against CVE-2024-56337 when starting the WebResourceSet at [C:\dev\workspace\java_crud\target\classes] which is part of the web application []
07-Jun-2026 23:25:50.321 정보 [main] org.apache.jasper.servlet.TldScanner.scanJars 적어도 하나의 JAR가 TLD들을 찾기 위해 스캔되었으나 아무 것도 찾지 못했습니다. 스캔했으나 TLD가 없는 JAR들의 전체 목록을 보시려면, 로그 레벨을 디버그 레벨로 설정하십시오. 스캔 과정에서 불필요한 JAR들을 건너뛰면, 시스템 시작 시간과 JSP 컴파일 시간을 단축시킬 수 있습니다.
07-Jun-2026 23:25:51.388 정보 [main] org.apache.catalina.startup.HostConfig.deployDescriptor 배치 descriptor [C:\dev\workspace\java_crud\conf\Catalina\localhost\ROOT.xml]의 배치가 [2,077] 밀리초 내에 완료되었습니다.
07-Jun-2026 23:25:51.390 정보 [main] org.apache.coyote.AbstractProtocol.start 프로토콜 핸들러 ["http-nio-8080"]을(를) 시작합니다.
07-Jun-2026 23:25:51.399 정보 [main] org.apache.catalina.startup.Catalina.start 서버가 [2113] 밀리초 내에 시작되었습니다.
