14-Jun-2026 18:11:30.204 정보 [main] org.apache.catalina.startup.VersionLoggerListener.log 서버 버전 이름:    Apache Tomcat/9.0.118
14-Jun-2026 18:11:30.208 정보 [main] org.apache.catalina.startup.VersionLoggerListener.log Server 빌드 시각:  May 1 2026 19:30:30 UTC
14-Jun-2026 18:11:30.208 정보 [main] org.apache.catalina.startup.VersionLoggerListener.log Server 버전 번호:  9.0.118.0
14-Jun-2026 18:11:30.208 정보 [main] org.apache.catalina.startup.VersionLoggerListener.log 운영체제 이름:     Windows 11
14-Jun-2026 18:11:30.208 정보 [main] org.apache.catalina.startup.VersionLoggerListener.log 운영체제 버전:     10.0
14-Jun-2026 18:11:30.208 정보 [main] org.apache.catalina.startup.VersionLoggerListener.log 아키텍처:          amd64
14-Jun-2026 18:11:30.208 정보 [main] org.apache.catalina.startup.VersionLoggerListener.log 자바 홈:           C:\Users\User\.jdks\corretto-1.8.0_492\jre
14-Jun-2026 18:11:30.208 정보 [main] org.apache.catalina.startup.VersionLoggerListener.log JVM 버전:          1.8.0_492-b09
14-Jun-2026 18:11:30.208 정보 [main] org.apache.catalina.startup.VersionLoggerListener.log JVM 벤더:          Amazon.com Inc.
14-Jun-2026 18:11:30.208 정보 [main] org.apache.catalina.startup.VersionLoggerListener.log CATALINA_BASE:     C:\dev\workspace\java_crud
14-Jun-2026 18:11:30.208 정보 [main] org.apache.catalina.startup.VersionLoggerListener.log CATALINA_HOME:     C:\apache-tomcat-9.0.118
14-Jun-2026 18:11:30.211 정보 [main] org.apache.catalina.startup.VersionLoggerListener.log 명령 행 아규먼트:  -Dcatalina.home=C:\apache-tomcat-9.0.118
14-Jun-2026 18:11:30.211 정보 [main] org.apache.catalina.startup.VersionLoggerListener.log 명령 행 아규먼트:  -Dcatalina.base=C:\dev\workspace\java_crud
14-Jun-2026 18:11:30.211 정보 [main] org.apache.catalina.startup.VersionLoggerListener.log 명령 행 아규먼트:  -Djava.io.tmpdir=C:\dev\workspace\java_crud\temp
14-Jun-2026 18:11:30.211 정보 [main] org.apache.catalina.startup.VersionLoggerListener.log 명령 행 아규먼트:  -Djava.util.logging.config.file=C:\dev\workspace\java_crud\conf\logging.properties
14-Jun-2026 18:11:30.211 정보 [main] org.apache.catalina.startup.VersionLoggerListener.log 명령 행 아규먼트:  -Djava.util.logging.manager=org.apache.juli.ClassLoaderLogManager
14-Jun-2026 18:11:30.211 정보 [main] org.apache.catalina.startup.VersionLoggerListener.log 명령 행 아규먼트:  -javaagent:C:\Program Files\JetBrains\IntelliJ IDEA 2025.3.2\lib\idea_rt.jar=60540
14-Jun-2026 18:11:30.211 정보 [main] org.apache.catalina.startup.VersionLoggerListener.log 명령 행 아규먼트:  -Dfile.encoding=UTF-8
14-Jun-2026 18:11:30.240 정보 [main] org.apache.catalina.core.AprLifecycleListener.lifecycleEvent APR 버전 [1.7.6]을(를) 사용한, APR 기반 Apache Tomcat Native 라이브러리 [1.3.7]을(를) 로드했습니다.
14-Jun-2026 18:11:30.241 정보 [main] org.apache.catalina.core.AprLifecycleListener.lifecycleEvent APR 용량정보들: IPv6 [true], sendfile [true], accept filters [false], random [true], UDS [true].
14-Jun-2026 18:11:30.241 정보 [main] org.apache.catalina.core.AprLifecycleListener.lifecycleEvent APR/OpenSSL 설정: useAprConnector [false], useOpenSSL [true]
14-Jun-2026 18:11:30.245 정보 [main] org.apache.catalina.core.AprLifecycleListener.initializeSSL OpenSSL이 성공적으로 초기화되었습니다: [OpenSSL 3.0.19 27 Jan 2026]
14-Jun-2026 18:11:30.422 정보 [main] org.apache.coyote.AbstractProtocol.init 프로토콜 핸들러 ["http-nio-8080"]을(를) 초기화합니다.
14-Jun-2026 18:11:30.434 정보 [main] org.apache.catalina.startup.Catalina.load [356] 밀리초 내에 서버가 초기화되었습니다.
14-Jun-2026 18:11:30.460 정보 [main] org.apache.catalina.core.StandardService.startInternal 서비스 [Catalina]을(를) 시작합니다.
14-Jun-2026 18:11:30.461 정보 [main] org.apache.catalina.core.StandardEngine.startInternal 서버 엔진을 시작합니다: [Apache Tomcat/9.0.118]
14-Jun-2026 18:11:30.466 정보 [main] org.apache.catalina.startup.HostConfig.deployDescriptor 배치 descriptor [C:\dev\workspace\java_crud\conf\Catalina\localhost\ROOT.xml]을(를) 배치합니다.
14-Jun-2026 18:11:30.496 경고 [main] org.apache.catalina.webresources.DirResourceSet.initInternal Disabled the global canonical file name cache to protect against CVE-2024-56337 when starting the WebResourceSet at [C:\dev\workspace\java_crud\target\classes] which is part of the web application []
14-Jun-2026 18:11:31.393 정보 [main] org.apache.jasper.servlet.TldScanner.scanJars 적어도 하나의 JAR가 TLD들을 찾기 위해 스캔되었으나 아무 것도 찾지 못했습니다. 스캔했으나 TLD가 없는 JAR들의 전체 목록을 보시려면, 로그 레벨을 디버그 레벨로 설정하십시오. 스캔 과정에서 불필요한 JAR들을 건너뛰면, 시스템 시작 시간과 JSP 컴파일 시간을 단축시킬 수 있습니다.
14-Jun-2026 18:11:32.474 정보 [main] org.apache.catalina.startup.HostConfig.deployDescriptor 배치 descriptor [C:\dev\workspace\java_crud\conf\Catalina\localhost\ROOT.xml]의 배치가 [2,006] 밀리초 내에 완료되었습니다.
14-Jun-2026 18:11:32.476 정보 [main] org.apache.coyote.AbstractProtocol.start 프로토콜 핸들러 ["http-nio-8080"]을(를) 시작합니다.
14-Jun-2026 18:11:32.487 정보 [main] org.apache.catalina.startup.Catalina.start 서버가 [2052] 밀리초 내에 시작되었습니다.
14-Jun-2026 18:13:58.543 정보 [Thread-2] org.apache.coyote.AbstractProtocol.pause 프로토콜 핸들러 ["http-nio-8080"]을(를) 일시 정지 중
14-Jun-2026 18:13:58.587 정보 [Thread-2] org.apache.catalina.core.StandardService.stopInternal 서비스 [Catalina]을(를) 중지시킵니다.
14-Jun-2026 18:13:58.597 경고 [Thread-2] org.apache.catalina.loader.WebappClassLoaderBase.clearReferencesJdbc 웹 애플리케이션 [ROOT]이(가) JDBC 드라이버 [org.mariadb.jdbc.Driver]을(를) 등록했지만, 웹 애플리케이션이 중지될 때, 해당 JDBC 드라이버의 등록을 제거하지 못했습니다. 메모리 누수를 방지하기 위하여, 등록을 강제로 제거했습니다.
14-Jun-2026 18:13:58.600 정보 [Thread-2] org.apache.coyote.AbstractProtocol.stop 프로토콜 핸들러 ["http-nio-8080"]을(를) 중지시킵니다.
14-Jun-2026 18:13:58.616 정보 [Thread-2] org.apache.coyote.AbstractProtocol.destroy 프로토콜 핸들러 ["http-nio-8080"]을(를) 소멸시킵니다.
14-Jun-2026 18:14:09.416 정보 [main] org.apache.catalina.startup.VersionLoggerListener.log 서버 버전 이름:    Apache Tomcat/9.0.118
14-Jun-2026 18:14:09.418 정보 [main] org.apache.catalina.startup.VersionLoggerListener.log Server 빌드 시각:  May 1 2026 19:30:30 UTC
14-Jun-2026 18:14:09.418 정보 [main] org.apache.catalina.startup.VersionLoggerListener.log Server 버전 번호:  9.0.118.0
14-Jun-2026 18:14:09.418 정보 [main] org.apache.catalina.startup.VersionLoggerListener.log 운영체제 이름:     Windows 11
14-Jun-2026 18:14:09.418 정보 [main] org.apache.catalina.startup.VersionLoggerListener.log 운영체제 버전:     10.0
14-Jun-2026 18:14:09.418 정보 [main] org.apache.catalina.startup.VersionLoggerListener.log 아키텍처:          amd64
14-Jun-2026 18:14:09.419 정보 [main] org.apache.catalina.startup.VersionLoggerListener.log 자바 홈:           C:\Users\User\.jdks\corretto-1.8.0_492\jre
14-Jun-2026 18:14:09.419 정보 [main] org.apache.catalina.startup.VersionLoggerListener.log JVM 버전:          1.8.0_492-b09
14-Jun-2026 18:14:09.419 정보 [main] org.apache.catalina.startup.VersionLoggerListener.log JVM 벤더:          Amazon.com Inc.
14-Jun-2026 18:14:09.419 정보 [main] org.apache.catalina.startup.VersionLoggerListener.log CATALINA_BASE:     C:\dev\workspace\java_crud
14-Jun-2026 18:14:09.419 정보 [main] org.apache.catalina.startup.VersionLoggerListener.log CATALINA_HOME:     C:\apache-tomcat-9.0.118
14-Jun-2026 18:14:09.420 정보 [main] org.apache.catalina.startup.VersionLoggerListener.log 명령 행 아규먼트:  -Dcatalina.home=C:\apache-tomcat-9.0.118
14-Jun-2026 18:14:09.420 정보 [main] org.apache.catalina.startup.VersionLoggerListener.log 명령 행 아규먼트:  -Dcatalina.base=C:\dev\workspace\java_crud
14-Jun-2026 18:14:09.420 정보 [main] org.apache.catalina.startup.VersionLoggerListener.log 명령 행 아규먼트:  -Djava.io.tmpdir=C:\dev\workspace\java_crud\temp
14-Jun-2026 18:14:09.420 정보 [main] org.apache.catalina.startup.VersionLoggerListener.log 명령 행 아규먼트:  -Djava.util.logging.config.file=C:\dev\workspace\java_crud\conf\logging.properties
14-Jun-2026 18:14:09.420 정보 [main] org.apache.catalina.startup.VersionLoggerListener.log 명령 행 아규먼트:  -Djava.util.logging.manager=org.apache.juli.ClassLoaderLogManager
14-Jun-2026 18:14:09.420 정보 [main] org.apache.catalina.startup.VersionLoggerListener.log 명령 행 아규먼트:  -javaagent:C:\Program Files\JetBrains\IntelliJ IDEA 2025.3.2\lib\idea_rt.jar=54023
14-Jun-2026 18:14:09.420 정보 [main] org.apache.catalina.startup.VersionLoggerListener.log 명령 행 아규먼트:  -Dfile.encoding=UTF-8
14-Jun-2026 18:14:09.423 정보 [main] org.apache.catalina.core.AprLifecycleListener.lifecycleEvent APR 버전 [1.7.6]을(를) 사용한, APR 기반 Apache Tomcat Native 라이브러리 [1.3.7]을(를) 로드했습니다.
14-Jun-2026 18:14:09.423 정보 [main] org.apache.catalina.core.AprLifecycleListener.lifecycleEvent APR 용량정보들: IPv6 [true], sendfile [true], accept filters [false], random [true], UDS [true].
14-Jun-2026 18:14:09.423 정보 [main] org.apache.catalina.core.AprLifecycleListener.lifecycleEvent APR/OpenSSL 설정: useAprConnector [false], useOpenSSL [true]
14-Jun-2026 18:14:09.427 정보 [main] org.apache.catalina.core.AprLifecycleListener.initializeSSL OpenSSL이 성공적으로 초기화되었습니다: [OpenSSL 3.0.19 27 Jan 2026]
14-Jun-2026 18:14:09.565 정보 [main] org.apache.coyote.AbstractProtocol.init 프로토콜 핸들러 ["http-nio-8080"]을(를) 초기화합니다.
14-Jun-2026 18:14:09.575 정보 [main] org.apache.catalina.startup.Catalina.load [274] 밀리초 내에 서버가 초기화되었습니다.
14-Jun-2026 18:14:09.594 정보 [main] org.apache.catalina.core.StandardService.startInternal 서비스 [Catalina]을(를) 시작합니다.
14-Jun-2026 18:14:09.594 정보 [main] org.apache.catalina.core.StandardEngine.startInternal 서버 엔진을 시작합니다: [Apache Tomcat/9.0.118]
14-Jun-2026 18:14:09.599 정보 [main] org.apache.catalina.startup.HostConfig.deployDescriptor 배치 descriptor [C:\dev\workspace\java_crud\conf\Catalina\localhost\ROOT.xml]을(를) 배치합니다.
14-Jun-2026 18:14:09.628 경고 [main] org.apache.catalina.webresources.DirResourceSet.initInternal Disabled the global canonical file name cache to protect against CVE-2024-56337 when starting the WebResourceSet at [C:\dev\workspace\java_crud\target\classes] which is part of the web application []
14-Jun-2026 18:14:10.626 정보 [main] org.apache.jasper.servlet.TldScanner.scanJars 적어도 하나의 JAR가 TLD들을 찾기 위해 스캔되었으나 아무 것도 찾지 못했습니다. 스캔했으나 TLD가 없는 JAR들의 전체 목록을 보시려면, 로그 레벨을 디버그 레벨로 설정하십시오. 스캔 과정에서 불필요한 JAR들을 건너뛰면, 시스템 시작 시간과 JSP 컴파일 시간을 단축시킬 수 있습니다.
14-Jun-2026 18:14:11.871 정보 [main] org.apache.catalina.startup.HostConfig.deployDescriptor 배치 descriptor [C:\dev\workspace\java_crud\conf\Catalina\localhost\ROOT.xml]의 배치가 [2,271] 밀리초 내에 완료되었습니다.
14-Jun-2026 18:14:11.873 정보 [main] org.apache.coyote.AbstractProtocol.start 프로토콜 핸들러 ["http-nio-8080"]을(를) 시작합니다.
14-Jun-2026 18:14:11.881 정보 [main] org.apache.catalina.startup.Catalina.start 서버가 [2307] 밀리초 내에 시작되었습니다.
14-Jun-2026 18:15:57.732 정보 [Thread-2] org.apache.coyote.AbstractProtocol.pause 프로토콜 핸들러 ["http-nio-8080"]을(를) 일시 정지 중
14-Jun-2026 18:15:57.779 정보 [Thread-2] org.apache.catalina.core.StandardService.stopInternal 서비스 [Catalina]을(를) 중지시킵니다.
14-Jun-2026 18:15:57.789 경고 [Thread-2] org.apache.catalina.loader.WebappClassLoaderBase.clearReferencesJdbc 웹 애플리케이션 [ROOT]이(가) JDBC 드라이버 [org.mariadb.jdbc.Driver]을(를) 등록했지만, 웹 애플리케이션이 중지될 때, 해당 JDBC 드라이버의 등록을 제거하지 못했습니다. 메모리 누수를 방지하기 위하여, 등록을 강제로 제거했습니다.
14-Jun-2026 18:15:57.791 정보 [Thread-2] org.apache.coyote.AbstractProtocol.stop 프로토콜 핸들러 ["http-nio-8080"]을(를) 중지시킵니다.
14-Jun-2026 18:15:57.804 정보 [Thread-2] org.apache.coyote.AbstractProtocol.destroy 프로토콜 핸들러 ["http-nio-8080"]을(를) 소멸시킵니다.
14-Jun-2026 18:16:01.072 정보 [main] org.apache.catalina.startup.VersionLoggerListener.log 서버 버전 이름:    Apache Tomcat/9.0.118
14-Jun-2026 18:16:01.075 정보 [main] org.apache.catalina.startup.VersionLoggerListener.log Server 빌드 시각:  May 1 2026 19:30:30 UTC
14-Jun-2026 18:16:01.075 정보 [main] org.apache.catalina.startup.VersionLoggerListener.log Server 버전 번호:  9.0.118.0
14-Jun-2026 18:16:01.075 정보 [main] org.apache.catalina.startup.VersionLoggerListener.log 운영체제 이름:     Windows 11
14-Jun-2026 18:16:01.075 정보 [main] org.apache.catalina.startup.VersionLoggerListener.log 운영체제 버전:     10.0
14-Jun-2026 18:16:01.075 정보 [main] org.apache.catalina.startup.VersionLoggerListener.log 아키텍처:          amd64
14-Jun-2026 18:16:01.075 정보 [main] org.apache.catalina.startup.VersionLoggerListener.log 자바 홈:           C:\Users\User\.jdks\corretto-1.8.0_492\jre
14-Jun-2026 18:16:01.075 정보 [main] org.apache.catalina.startup.VersionLoggerListener.log JVM 버전:          1.8.0_492-b09
14-Jun-2026 18:16:01.076 정보 [main] org.apache.catalina.startup.VersionLoggerListener.log JVM 벤더:          Amazon.com Inc.
14-Jun-2026 18:16:01.076 정보 [main] org.apache.catalina.startup.VersionLoggerListener.log CATALINA_BASE:     C:\dev\workspace\java_crud
14-Jun-2026 18:16:01.076 정보 [main] org.apache.catalina.startup.VersionLoggerListener.log CATALINA_HOME:     C:\apache-tomcat-9.0.118
14-Jun-2026 18:16:01.076 정보 [main] org.apache.catalina.startup.VersionLoggerListener.log 명령 행 아규먼트:  -Dcatalina.home=C:\apache-tomcat-9.0.118
14-Jun-2026 18:16:01.076 정보 [main] org.apache.catalina.startup.VersionLoggerListener.log 명령 행 아규먼트:  -Dcatalina.base=C:\dev\workspace\java_crud
14-Jun-2026 18:16:01.076 정보 [main] org.apache.catalina.startup.VersionLoggerListener.log 명령 행 아규먼트:  -Djava.io.tmpdir=C:\dev\workspace\java_crud\temp
14-Jun-2026 18:16:01.077 정보 [main] org.apache.catalina.startup.VersionLoggerListener.log 명령 행 아규먼트:  -Djava.util.logging.config.file=C:\dev\workspace\java_crud\conf\logging.properties
14-Jun-2026 18:16:01.077 정보 [main] org.apache.catalina.startup.VersionLoggerListener.log 명령 행 아규먼트:  -Djava.util.logging.manager=org.apache.juli.ClassLoaderLogManager
14-Jun-2026 18:16:01.077 정보 [main] org.apache.catalina.startup.VersionLoggerListener.log 명령 행 아규먼트:  -javaagent:C:\Program Files\JetBrains\IntelliJ IDEA 2025.3.2\lib\idea_rt.jar=50831
14-Jun-2026 18:16:01.077 정보 [main] org.apache.catalina.startup.VersionLoggerListener.log 명령 행 아규먼트:  -Dfile.encoding=UTF-8
14-Jun-2026 18:16:01.078 정보 [main] org.apache.catalina.core.AprLifecycleListener.lifecycleEvent APR 버전 [1.7.6]을(를) 사용한, APR 기반 Apache Tomcat Native 라이브러리 [1.3.7]을(를) 로드했습니다.
14-Jun-2026 18:16:01.080 정보 [main] org.apache.catalina.core.AprLifecycleListener.lifecycleEvent APR 용량정보들: IPv6 [true], sendfile [true], accept filters [false], random [true], UDS [true].
14-Jun-2026 18:16:01.080 정보 [main] org.apache.catalina.core.AprLifecycleListener.lifecycleEvent APR/OpenSSL 설정: useAprConnector [false], useOpenSSL [true]
14-Jun-2026 18:16:01.083 정보 [main] org.apache.catalina.core.AprLifecycleListener.initializeSSL OpenSSL이 성공적으로 초기화되었습니다: [OpenSSL 3.0.19 27 Jan 2026]
14-Jun-2026 18:16:01.216 정보 [main] org.apache.coyote.AbstractProtocol.init 프로토콜 핸들러 ["http-nio-8080"]을(를) 초기화합니다.
14-Jun-2026 18:16:01.225 정보 [main] org.apache.catalina.startup.Catalina.load [252] 밀리초 내에 서버가 초기화되었습니다.
14-Jun-2026 18:16:01.244 정보 [main] org.apache.catalina.core.StandardService.startInternal 서비스 [Catalina]을(를) 시작합니다.
14-Jun-2026 18:16:01.244 정보 [main] org.apache.catalina.core.StandardEngine.startInternal 서버 엔진을 시작합니다: [Apache Tomcat/9.0.118]
14-Jun-2026 18:16:01.248 정보 [main] org.apache.catalina.startup.HostConfig.deployDescriptor 배치 descriptor [C:\dev\workspace\java_crud\conf\Catalina\localhost\ROOT.xml]을(를) 배치합니다.
14-Jun-2026 18:16:01.276 경고 [main] org.apache.catalina.webresources.DirResourceSet.initInternal Disabled the global canonical file name cache to protect against CVE-2024-56337 when starting the WebResourceSet at [C:\dev\workspace\java_crud\target\classes] which is part of the web application []
14-Jun-2026 18:16:02.273 정보 [main] org.apache.jasper.servlet.TldScanner.scanJars 적어도 하나의 JAR가 TLD들을 찾기 위해 스캔되었으나 아무 것도 찾지 못했습니다. 스캔했으나 TLD가 없는 JAR들의 전체 목록을 보시려면, 로그 레벨을 디버그 레벨로 설정하십시오. 스캔 과정에서 불필요한 JAR들을 건너뛰면, 시스템 시작 시간과 JSP 컴파일 시간을 단축시킬 수 있습니다.
14-Jun-2026 18:16:03.465 정보 [main] org.apache.catalina.startup.HostConfig.deployDescriptor 배치 descriptor [C:\dev\workspace\java_crud\conf\Catalina\localhost\ROOT.xml]의 배치가 [2,216] 밀리초 내에 완료되었습니다.
14-Jun-2026 18:16:03.469 정보 [main] org.apache.coyote.AbstractProtocol.start 프로토콜 핸들러 ["http-nio-8080"]을(를) 시작합니다.
14-Jun-2026 18:16:03.479 정보 [main] org.apache.catalina.startup.Catalina.start 서버가 [2254] 밀리초 내에 시작되었습니다.
14-Jun-2026 18:18:35.310 정보 [Thread-2] org.apache.coyote.AbstractProtocol.pause 프로토콜 핸들러 ["http-nio-8080"]을(를) 일시 정지 중
14-Jun-2026 18:18:35.355 정보 [Thread-2] org.apache.catalina.core.StandardService.stopInternal 서비스 [Catalina]을(를) 중지시킵니다.
14-Jun-2026 18:18:35.365 경고 [Thread-2] org.apache.catalina.loader.WebappClassLoaderBase.clearReferencesJdbc 웹 애플리케이션 [ROOT]이(가) JDBC 드라이버 [org.mariadb.jdbc.Driver]을(를) 등록했지만, 웹 애플리케이션이 중지될 때, 해당 JDBC 드라이버의 등록을 제거하지 못했습니다. 메모리 누수를 방지하기 위하여, 등록을 강제로 제거했습니다.
14-Jun-2026 18:18:35.367 정보 [Thread-2] org.apache.coyote.AbstractProtocol.stop 프로토콜 핸들러 ["http-nio-8080"]을(를) 중지시킵니다.
14-Jun-2026 18:18:35.381 정보 [Thread-2] org.apache.coyote.AbstractProtocol.destroy 프로토콜 핸들러 ["http-nio-8080"]을(를) 소멸시킵니다.
14-Jun-2026 18:18:37.928 정보 [main] org.apache.catalina.startup.VersionLoggerListener.log 서버 버전 이름:    Apache Tomcat/9.0.118
14-Jun-2026 18:18:37.930 정보 [main] org.apache.catalina.startup.VersionLoggerListener.log Server 빌드 시각:  May 1 2026 19:30:30 UTC
14-Jun-2026 18:18:37.931 정보 [main] org.apache.catalina.startup.VersionLoggerListener.log Server 버전 번호:  9.0.118.0
14-Jun-2026 18:18:37.931 정보 [main] org.apache.catalina.startup.VersionLoggerListener.log 운영체제 이름:     Windows 11
14-Jun-2026 18:18:37.931 정보 [main] org.apache.catalina.startup.VersionLoggerListener.log 운영체제 버전:     10.0
14-Jun-2026 18:18:37.931 정보 [main] org.apache.catalina.startup.VersionLoggerListener.log 아키텍처:          amd64
14-Jun-2026 18:18:37.931 정보 [main] org.apache.catalina.startup.VersionLoggerListener.log 자바 홈:           C:\Users\User\.jdks\corretto-1.8.0_492\jre
14-Jun-2026 18:18:37.931 정보 [main] org.apache.catalina.startup.VersionLoggerListener.log JVM 버전:          1.8.0_492-b09
14-Jun-2026 18:18:37.931 정보 [main] org.apache.catalina.startup.VersionLoggerListener.log JVM 벤더:          Amazon.com Inc.
14-Jun-2026 18:18:37.931 정보 [main] org.apache.catalina.startup.VersionLoggerListener.log CATALINA_BASE:     C:\dev\workspace\java_crud
14-Jun-2026 18:18:37.931 정보 [main] org.apache.catalina.startup.VersionLoggerListener.log CATALINA_HOME:     C:\apache-tomcat-9.0.118
14-Jun-2026 18:18:37.931 정보 [main] org.apache.catalina.startup.VersionLoggerListener.log 명령 행 아규먼트:  -Dcatalina.home=C:\apache-tomcat-9.0.118
14-Jun-2026 18:18:37.932 정보 [main] org.apache.catalina.startup.VersionLoggerListener.log 명령 행 아규먼트:  -Dcatalina.base=C:\dev\workspace\java_crud
14-Jun-2026 18:18:37.932 정보 [main] org.apache.catalina.startup.VersionLoggerListener.log 명령 행 아규먼트:  -Djava.io.tmpdir=C:\dev\workspace\java_crud\temp
14-Jun-2026 18:18:37.932 정보 [main] org.apache.catalina.startup.VersionLoggerListener.log 명령 행 아규먼트:  -Djava.util.logging.config.file=C:\dev\workspace\java_crud\conf\logging.properties
14-Jun-2026 18:18:37.932 정보 [main] org.apache.catalina.startup.VersionLoggerListener.log 명령 행 아규먼트:  -Djava.util.logging.manager=org.apache.juli.ClassLoaderLogManager
14-Jun-2026 18:18:37.932 정보 [main] org.apache.catalina.startup.VersionLoggerListener.log 명령 행 아규먼트:  -javaagent:C:\Program Files\JetBrains\IntelliJ IDEA 2025.3.2\lib\idea_rt.jar=61308
14-Jun-2026 18:18:37.932 정보 [main] org.apache.catalina.startup.VersionLoggerListener.log 명령 행 아규먼트:  -Dfile.encoding=UTF-8
14-Jun-2026 18:18:37.935 정보 [main] org.apache.catalina.core.AprLifecycleListener.lifecycleEvent APR 버전 [1.7.6]을(를) 사용한, APR 기반 Apache Tomcat Native 라이브러리 [1.3.7]을(를) 로드했습니다.
14-Jun-2026 18:18:37.936 정보 [main] org.apache.catalina.core.AprLifecycleListener.lifecycleEvent APR 용량정보들: IPv6 [true], sendfile [true], accept filters [false], random [true], UDS [true].
14-Jun-2026 18:18:37.936 정보 [main] org.apache.catalina.core.AprLifecycleListener.lifecycleEvent APR/OpenSSL 설정: useAprConnector [false], useOpenSSL [true]
14-Jun-2026 18:18:37.940 정보 [main] org.apache.catalina.core.AprLifecycleListener.initializeSSL OpenSSL이 성공적으로 초기화되었습니다: [OpenSSL 3.0.19 27 Jan 2026]
14-Jun-2026 18:18:38.076 정보 [main] org.apache.coyote.AbstractProtocol.init 프로토콜 핸들러 ["http-nio-8080"]을(를) 초기화합니다.
14-Jun-2026 18:18:38.085 정보 [main] org.apache.catalina.startup.Catalina.load [255] 밀리초 내에 서버가 초기화되었습니다.
14-Jun-2026 18:18:38.103 정보 [main] org.apache.catalina.core.StandardService.startInternal 서비스 [Catalina]을(를) 시작합니다.
14-Jun-2026 18:18:38.103 정보 [main] org.apache.catalina.core.StandardEngine.startInternal 서버 엔진을 시작합니다: [Apache Tomcat/9.0.118]
14-Jun-2026 18:18:38.109 정보 [main] org.apache.catalina.startup.HostConfig.deployDescriptor 배치 descriptor [C:\dev\workspace\java_crud\conf\Catalina\localhost\ROOT.xml]을(를) 배치합니다.
14-Jun-2026 18:18:38.140 경고 [main] org.apache.catalina.webresources.DirResourceSet.initInternal Disabled the global canonical file name cache to protect against CVE-2024-56337 when starting the WebResourceSet at [C:\dev\workspace\java_crud\target\classes] which is part of the web application []
14-Jun-2026 18:18:39.155 정보 [main] org.apache.jasper.servlet.TldScanner.scanJars 적어도 하나의 JAR가 TLD들을 찾기 위해 스캔되었으나 아무 것도 찾지 못했습니다. 스캔했으나 TLD가 없는 JAR들의 전체 목록을 보시려면, 로그 레벨을 디버그 레벨로 설정하십시오. 스캔 과정에서 불필요한 JAR들을 건너뛰면, 시스템 시작 시간과 JSP 컴파일 시간을 단축시킬 수 있습니다.
14-Jun-2026 18:18:40.415 정보 [main] org.apache.catalina.startup.HostConfig.deployDescriptor 배치 descriptor [C:\dev\workspace\java_crud\conf\Catalina\localhost\ROOT.xml]의 배치가 [2,305] 밀리초 내에 완료되었습니다.
14-Jun-2026 18:18:40.417 정보 [main] org.apache.coyote.AbstractProtocol.start 프로토콜 핸들러 ["http-nio-8080"]을(를) 시작합니다.
14-Jun-2026 18:18:40.426 정보 [main] org.apache.catalina.startup.Catalina.start 서버가 [2341] 밀리초 내에 시작되었습니다.
14-Jun-2026 18:22:30.051 정보 [Thread-2] org.apache.coyote.AbstractProtocol.pause 프로토콜 핸들러 ["http-nio-8080"]을(를) 일시 정지 중
14-Jun-2026 18:22:30.097 정보 [Thread-2] org.apache.catalina.core.StandardService.stopInternal 서비스 [Catalina]을(를) 중지시킵니다.
14-Jun-2026 18:22:30.106 경고 [Thread-2] org.apache.catalina.loader.WebappClassLoaderBase.clearReferencesJdbc 웹 애플리케이션 [ROOT]이(가) JDBC 드라이버 [org.mariadb.jdbc.Driver]을(를) 등록했지만, 웹 애플리케이션이 중지될 때, 해당 JDBC 드라이버의 등록을 제거하지 못했습니다. 메모리 누수를 방지하기 위하여, 등록을 강제로 제거했습니다.
14-Jun-2026 18:22:30.109 정보 [Thread-2] org.apache.coyote.AbstractProtocol.stop 프로토콜 핸들러 ["http-nio-8080"]을(를) 중지시킵니다.
14-Jun-2026 18:22:30.122 정보 [Thread-2] org.apache.coyote.AbstractProtocol.destroy 프로토콜 핸들러 ["http-nio-8080"]을(를) 소멸시킵니다.
14-Jun-2026 18:29:09.306 정보 [main] org.apache.catalina.startup.VersionLoggerListener.log 서버 버전 이름:    Apache Tomcat/9.0.118
14-Jun-2026 18:29:09.309 정보 [main] org.apache.catalina.startup.VersionLoggerListener.log Server 빌드 시각:  May 1 2026 19:30:30 UTC
14-Jun-2026 18:29:09.309 정보 [main] org.apache.catalina.startup.VersionLoggerListener.log Server 버전 번호:  9.0.118.0
14-Jun-2026 18:29:09.309 정보 [main] org.apache.catalina.startup.VersionLoggerListener.log 운영체제 이름:     Windows 11
14-Jun-2026 18:29:09.309 정보 [main] org.apache.catalina.startup.VersionLoggerListener.log 운영체제 버전:     10.0
14-Jun-2026 18:29:09.309 정보 [main] org.apache.catalina.startup.VersionLoggerListener.log 아키텍처:          amd64
14-Jun-2026 18:29:09.309 정보 [main] org.apache.catalina.startup.VersionLoggerListener.log 자바 홈:           C:\Users\User\.jdks\corretto-1.8.0_492\jre
14-Jun-2026 18:29:09.309 정보 [main] org.apache.catalina.startup.VersionLoggerListener.log JVM 버전:          1.8.0_492-b09
14-Jun-2026 18:29:09.309 정보 [main] org.apache.catalina.startup.VersionLoggerListener.log JVM 벤더:          Amazon.com Inc.
14-Jun-2026 18:29:09.309 정보 [main] org.apache.catalina.startup.VersionLoggerListener.log CATALINA_BASE:     C:\dev\workspace\java_crud
14-Jun-2026 18:29:09.309 정보 [main] org.apache.catalina.startup.VersionLoggerListener.log CATALINA_HOME:     C:\apache-tomcat-9.0.118
14-Jun-2026 18:29:09.310 정보 [main] org.apache.catalina.startup.VersionLoggerListener.log 명령 행 아규먼트:  -Dcatalina.home=C:\apache-tomcat-9.0.118
14-Jun-2026 18:29:09.310 정보 [main] org.apache.catalina.startup.VersionLoggerListener.log 명령 행 아규먼트:  -Dcatalina.base=C:\dev\workspace\java_crud
14-Jun-2026 18:29:09.310 정보 [main] org.apache.catalina.startup.VersionLoggerListener.log 명령 행 아규먼트:  -Djava.io.tmpdir=C:\dev\workspace\java_crud\temp
14-Jun-2026 18:29:09.310 정보 [main] org.apache.catalina.startup.VersionLoggerListener.log 명령 행 아규먼트:  -Djava.util.logging.config.file=C:\dev\workspace\java_crud\conf\logging.properties
14-Jun-2026 18:29:09.311 정보 [main] org.apache.catalina.startup.VersionLoggerListener.log 명령 행 아규먼트:  -Djava.util.logging.manager=org.apache.juli.ClassLoaderLogManager
14-Jun-2026 18:29:09.311 정보 [main] org.apache.catalina.startup.VersionLoggerListener.log 명령 행 아규먼트:  -javaagent:C:\Program Files\JetBrains\IntelliJ IDEA 2025.3.2\lib\idea_rt.jar=64911
14-Jun-2026 18:29:09.311 정보 [main] org.apache.catalina.startup.VersionLoggerListener.log 명령 행 아규먼트:  -Dfile.encoding=UTF-8
14-Jun-2026 18:29:09.314 정보 [main] org.apache.catalina.core.AprLifecycleListener.lifecycleEvent APR 버전 [1.7.6]을(를) 사용한, APR 기반 Apache Tomcat Native 라이브러리 [1.3.7]을(를) 로드했습니다.
14-Jun-2026 18:29:09.314 정보 [main] org.apache.catalina.core.AprLifecycleListener.lifecycleEvent APR 용량정보들: IPv6 [true], sendfile [true], accept filters [false], random [true], UDS [true].
14-Jun-2026 18:29:09.314 정보 [main] org.apache.catalina.core.AprLifecycleListener.lifecycleEvent APR/OpenSSL 설정: useAprConnector [false], useOpenSSL [true]
14-Jun-2026 18:29:09.319 정보 [main] org.apache.catalina.core.AprLifecycleListener.initializeSSL OpenSSL이 성공적으로 초기화되었습니다: [OpenSSL 3.0.19 27 Jan 2026]
14-Jun-2026 18:29:09.480 정보 [main] org.apache.coyote.AbstractProtocol.init 프로토콜 핸들러 ["http-nio-8080"]을(를) 초기화합니다.
14-Jun-2026 18:29:09.493 정보 [main] org.apache.catalina.startup.Catalina.load [311] 밀리초 내에 서버가 초기화되었습니다.
14-Jun-2026 18:29:09.515 정보 [main] org.apache.catalina.core.StandardService.startInternal 서비스 [Catalina]을(를) 시작합니다.
14-Jun-2026 18:29:09.515 정보 [main] org.apache.catalina.core.StandardEngine.startInternal 서버 엔진을 시작합니다: [Apache Tomcat/9.0.118]
14-Jun-2026 18:29:09.521 정보 [main] org.apache.catalina.startup.HostConfig.deployDescriptor 배치 descriptor [C:\dev\workspace\java_crud\conf\Catalina\localhost\ROOT.xml]을(를) 배치합니다.
14-Jun-2026 18:29:09.556 경고 [main] org.apache.catalina.webresources.DirResourceSet.initInternal Disabled the global canonical file name cache to protect against CVE-2024-56337 when starting the WebResourceSet at [C:\dev\workspace\java_crud\target\classes] which is part of the web application []
14-Jun-2026 18:29:10.723 정보 [main] org.apache.jasper.servlet.TldScanner.scanJars 적어도 하나의 JAR가 TLD들을 찾기 위해 스캔되었으나 아무 것도 찾지 못했습니다. 스캔했으나 TLD가 없는 JAR들의 전체 목록을 보시려면, 로그 레벨을 디버그 레벨로 설정하십시오. 스캔 과정에서 불필요한 JAR들을 건너뛰면, 시스템 시작 시간과 JSP 컴파일 시간을 단축시킬 수 있습니다.
14-Jun-2026 18:29:12.110 정보 [main] org.apache.catalina.startup.HostConfig.deployDescriptor 배치 descriptor [C:\dev\workspace\java_crud\conf\Catalina\localhost\ROOT.xml]의 배치가 [2,588] 밀리초 내에 완료되었습니다.
14-Jun-2026 18:29:12.113 정보 [main] org.apache.coyote.AbstractProtocol.start 프로토콜 핸들러 ["http-nio-8080"]을(를) 시작합니다.
14-Jun-2026 18:29:12.122 정보 [main] org.apache.catalina.startup.Catalina.start 서버가 [2629] 밀리초 내에 시작되었습니다.
14-Jun-2026 18:29:49.512 정보 [Thread-2] org.apache.coyote.AbstractProtocol.pause 프로토콜 핸들러 ["http-nio-8080"]을(를) 일시 정지 중
14-Jun-2026 18:29:49.558 정보 [Thread-2] org.apache.catalina.core.StandardService.stopInternal 서비스 [Catalina]을(를) 중지시킵니다.
14-Jun-2026 18:29:49.568 경고 [Thread-2] org.apache.catalina.loader.WebappClassLoaderBase.clearReferencesJdbc 웹 애플리케이션 [ROOT]이(가) JDBC 드라이버 [org.mariadb.jdbc.Driver]을(를) 등록했지만, 웹 애플리케이션이 중지될 때, 해당 JDBC 드라이버의 등록을 제거하지 못했습니다. 메모리 누수를 방지하기 위하여, 등록을 강제로 제거했습니다.
14-Jun-2026 18:29:49.570 정보 [Thread-2] org.apache.coyote.AbstractProtocol.stop 프로토콜 핸들러 ["http-nio-8080"]을(를) 중지시킵니다.
14-Jun-2026 18:29:49.581 정보 [Thread-2] org.apache.coyote.AbstractProtocol.destroy 프로토콜 핸들러 ["http-nio-8080"]을(를) 소멸시킵니다.
14-Jun-2026 18:29:57.259 정보 [main] org.apache.catalina.startup.VersionLoggerListener.log 서버 버전 이름:    Apache Tomcat/9.0.118
14-Jun-2026 18:29:57.262 정보 [main] org.apache.catalina.startup.VersionLoggerListener.log Server 빌드 시각:  May 1 2026 19:30:30 UTC
14-Jun-2026 18:29:57.262 정보 [main] org.apache.catalina.startup.VersionLoggerListener.log Server 버전 번호:  9.0.118.0
14-Jun-2026 18:29:57.262 정보 [main] org.apache.catalina.startup.VersionLoggerListener.log 운영체제 이름:     Windows 11
14-Jun-2026 18:29:57.262 정보 [main] org.apache.catalina.startup.VersionLoggerListener.log 운영체제 버전:     10.0
14-Jun-2026 18:29:57.262 정보 [main] org.apache.catalina.startup.VersionLoggerListener.log 아키텍처:          amd64
14-Jun-2026 18:29:57.262 정보 [main] org.apache.catalina.startup.VersionLoggerListener.log 자바 홈:           C:\Users\User\.jdks\corretto-1.8.0_492\jre
14-Jun-2026 18:29:57.262 정보 [main] org.apache.catalina.startup.VersionLoggerListener.log JVM 버전:          1.8.0_492-b09
14-Jun-2026 18:29:57.262 정보 [main] org.apache.catalina.startup.VersionLoggerListener.log JVM 벤더:          Amazon.com Inc.
14-Jun-2026 18:29:57.262 정보 [main] org.apache.catalina.startup.VersionLoggerListener.log CATALINA_BASE:     C:\dev\workspace\java_crud
14-Jun-2026 18:29:57.262 정보 [main] org.apache.catalina.startup.VersionLoggerListener.log CATALINA_HOME:     C:\apache-tomcat-9.0.118
14-Jun-2026 18:29:57.263 정보 [main] org.apache.catalina.startup.VersionLoggerListener.log 명령 행 아규먼트:  -Dcatalina.home=C:\apache-tomcat-9.0.118
14-Jun-2026 18:29:57.263 정보 [main] org.apache.catalina.startup.VersionLoggerListener.log 명령 행 아규먼트:  -Dcatalina.base=C:\dev\workspace\java_crud
14-Jun-2026 18:29:57.263 정보 [main] org.apache.catalina.startup.VersionLoggerListener.log 명령 행 아규먼트:  -Djava.io.tmpdir=C:\dev\workspace\java_crud\temp
14-Jun-2026 18:29:57.263 정보 [main] org.apache.catalina.startup.VersionLoggerListener.log 명령 행 아규먼트:  -Djava.util.logging.config.file=C:\dev\workspace\java_crud\conf\logging.properties
14-Jun-2026 18:29:57.263 정보 [main] org.apache.catalina.startup.VersionLoggerListener.log 명령 행 아규먼트:  -Djava.util.logging.manager=org.apache.juli.ClassLoaderLogManager
14-Jun-2026 18:29:57.263 정보 [main] org.apache.catalina.startup.VersionLoggerListener.log 명령 행 아규먼트:  -javaagent:C:\Program Files\JetBrains\IntelliJ IDEA 2025.3.2\lib\idea_rt.jar=53814
14-Jun-2026 18:29:57.263 정보 [main] org.apache.catalina.startup.VersionLoggerListener.log 명령 행 아규먼트:  -Dfile.encoding=UTF-8
14-Jun-2026 18:29:57.267 정보 [main] org.apache.catalina.core.AprLifecycleListener.lifecycleEvent APR 버전 [1.7.6]을(를) 사용한, APR 기반 Apache Tomcat Native 라이브러리 [1.3.7]을(를) 로드했습니다.
14-Jun-2026 18:29:57.267 정보 [main] org.apache.catalina.core.AprLifecycleListener.lifecycleEvent APR 용량정보들: IPv6 [true], sendfile [true], accept filters [false], random [true], UDS [true].
14-Jun-2026 18:29:57.267 정보 [main] org.apache.catalina.core.AprLifecycleListener.lifecycleEvent APR/OpenSSL 설정: useAprConnector [false], useOpenSSL [true]
14-Jun-2026 18:29:57.271 정보 [main] org.apache.catalina.core.AprLifecycleListener.initializeSSL OpenSSL이 성공적으로 초기화되었습니다: [OpenSSL 3.0.19 27 Jan 2026]
14-Jun-2026 18:29:57.405 정보 [main] org.apache.coyote.AbstractProtocol.init 프로토콜 핸들러 ["http-nio-8080"]을(를) 초기화합니다.
14-Jun-2026 18:29:57.414 정보 [main] org.apache.catalina.startup.Catalina.load [267] 밀리초 내에 서버가 초기화되었습니다.
14-Jun-2026 18:29:57.433 정보 [main] org.apache.catalina.core.StandardService.startInternal 서비스 [Catalina]을(를) 시작합니다.
14-Jun-2026 18:29:57.433 정보 [main] org.apache.catalina.core.StandardEngine.startInternal 서버 엔진을 시작합니다: [Apache Tomcat/9.0.118]
14-Jun-2026 18:29:57.438 정보 [main] org.apache.catalina.startup.HostConfig.deployDescriptor 배치 descriptor [C:\dev\workspace\java_crud\conf\Catalina\localhost\ROOT.xml]을(를) 배치합니다.
14-Jun-2026 18:29:57.465 경고 [main] org.apache.catalina.webresources.DirResourceSet.initInternal Disabled the global canonical file name cache to protect against CVE-2024-56337 when starting the WebResourceSet at [C:\dev\workspace\java_crud\target\classes] which is part of the web application []
14-Jun-2026 18:29:58.494 정보 [main] org.apache.jasper.servlet.TldScanner.scanJars 적어도 하나의 JAR가 TLD들을 찾기 위해 스캔되었으나 아무 것도 찾지 못했습니다. 스캔했으나 TLD가 없는 JAR들의 전체 목록을 보시려면, 로그 레벨을 디버그 레벨로 설정하십시오. 스캔 과정에서 불필요한 JAR들을 건너뛰면, 시스템 시작 시간과 JSP 컴파일 시간을 단축시킬 수 있습니다.
14-Jun-2026 18:29:59.738 정보 [main] org.apache.catalina.startup.HostConfig.deployDescriptor 배치 descriptor [C:\dev\workspace\java_crud\conf\Catalina\localhost\ROOT.xml]의 배치가 [2,299] 밀리초 내에 완료되었습니다.
14-Jun-2026 18:29:59.740 정보 [main] org.apache.coyote.AbstractProtocol.start 프로토콜 핸들러 ["http-nio-8080"]을(를) 시작합니다.
14-Jun-2026 18:29:59.748 정보 [main] org.apache.catalina.startup.Catalina.start 서버가 [2333] 밀리초 내에 시작되었습니다.
14-Jun-2026 18:36:14.177 정보 [Thread-2] org.apache.coyote.AbstractProtocol.pause 프로토콜 핸들러 ["http-nio-8080"]을(를) 일시 정지 중
14-Jun-2026 18:36:14.220 정보 [Thread-2] org.apache.catalina.core.StandardService.stopInternal 서비스 [Catalina]을(를) 중지시킵니다.
14-Jun-2026 18:36:14.230 경고 [Thread-2] org.apache.catalina.loader.WebappClassLoaderBase.clearReferencesJdbc 웹 애플리케이션 [ROOT]이(가) JDBC 드라이버 [org.mariadb.jdbc.Driver]을(를) 등록했지만, 웹 애플리케이션이 중지될 때, 해당 JDBC 드라이버의 등록을 제거하지 못했습니다. 메모리 누수를 방지하기 위하여, 등록을 강제로 제거했습니다.
14-Jun-2026 18:36:14.232 정보 [Thread-2] org.apache.coyote.AbstractProtocol.stop 프로토콜 핸들러 ["http-nio-8080"]을(를) 중지시킵니다.
14-Jun-2026 18:36:14.250 정보 [Thread-2] org.apache.coyote.AbstractProtocol.destroy 프로토콜 핸들러 ["http-nio-8080"]을(를) 소멸시킵니다.
14-Jun-2026 18:48:03.732 정보 [main] org.apache.catalina.startup.VersionLoggerListener.log 서버 버전 이름:    Apache Tomcat/9.0.118
14-Jun-2026 18:48:03.735 정보 [main] org.apache.catalina.startup.VersionLoggerListener.log Server 빌드 시각:  May 1 2026 19:30:30 UTC
14-Jun-2026 18:48:03.735 정보 [main] org.apache.catalina.startup.VersionLoggerListener.log Server 버전 번호:  9.0.118.0
14-Jun-2026 18:48:03.735 정보 [main] org.apache.catalina.startup.VersionLoggerListener.log 운영체제 이름:     Windows 11
14-Jun-2026 18:48:03.735 정보 [main] org.apache.catalina.startup.VersionLoggerListener.log 운영체제 버전:     10.0
14-Jun-2026 18:48:03.735 정보 [main] org.apache.catalina.startup.VersionLoggerListener.log 아키텍처:          amd64
14-Jun-2026 18:48:03.735 정보 [main] org.apache.catalina.startup.VersionLoggerListener.log 자바 홈:           C:\Users\User\.jdks\corretto-1.8.0_492\jre
14-Jun-2026 18:48:03.735 정보 [main] org.apache.catalina.startup.VersionLoggerListener.log JVM 버전:          1.8.0_492-b09
14-Jun-2026 18:48:03.735 정보 [main] org.apache.catalina.startup.VersionLoggerListener.log JVM 벤더:          Amazon.com Inc.
14-Jun-2026 18:48:03.735 정보 [main] org.apache.catalina.startup.VersionLoggerListener.log CATALINA_BASE:     C:\dev\workspace\java_crud
14-Jun-2026 18:48:03.735 정보 [main] org.apache.catalina.startup.VersionLoggerListener.log CATALINA_HOME:     C:\apache-tomcat-9.0.118
14-Jun-2026 18:48:03.736 정보 [main] org.apache.catalina.startup.VersionLoggerListener.log 명령 행 아규먼트:  -Dcatalina.home=C:\apache-tomcat-9.0.118
14-Jun-2026 18:48:03.736 정보 [main] org.apache.catalina.startup.VersionLoggerListener.log 명령 행 아규먼트:  -Dcatalina.base=C:\dev\workspace\java_crud
14-Jun-2026 18:48:03.737 정보 [main] org.apache.catalina.startup.VersionLoggerListener.log 명령 행 아규먼트:  -Djava.io.tmpdir=C:\dev\workspace\java_crud\temp
14-Jun-2026 18:48:03.737 정보 [main] org.apache.catalina.startup.VersionLoggerListener.log 명령 행 아규먼트:  -Djava.util.logging.config.file=C:\dev\workspace\java_crud\conf\logging.properties
14-Jun-2026 18:48:03.737 정보 [main] org.apache.catalina.startup.VersionLoggerListener.log 명령 행 아규먼트:  -Djava.util.logging.manager=org.apache.juli.ClassLoaderLogManager
14-Jun-2026 18:48:03.737 정보 [main] org.apache.catalina.startup.VersionLoggerListener.log 명령 행 아규먼트:  -javaagent:C:\Program Files\JetBrains\IntelliJ IDEA 2025.3.2\lib\idea_rt.jar=49541
14-Jun-2026 18:48:03.737 정보 [main] org.apache.catalina.startup.VersionLoggerListener.log 명령 행 아규먼트:  -Dfile.encoding=UTF-8
14-Jun-2026 18:48:03.739 정보 [main] org.apache.catalina.core.AprLifecycleListener.lifecycleEvent APR 버전 [1.7.6]을(를) 사용한, APR 기반 Apache Tomcat Native 라이브러리 [1.3.7]을(를) 로드했습니다.
14-Jun-2026 18:48:03.739 정보 [main] org.apache.catalina.core.AprLifecycleListener.lifecycleEvent APR 용량정보들: IPv6 [true], sendfile [true], accept filters [false], random [true], UDS [true].
14-Jun-2026 18:48:03.740 정보 [main] org.apache.catalina.core.AprLifecycleListener.lifecycleEvent APR/OpenSSL 설정: useAprConnector [false], useOpenSSL [true]
14-Jun-2026 18:48:03.744 정보 [main] org.apache.catalina.core.AprLifecycleListener.initializeSSL OpenSSL이 성공적으로 초기화되었습니다: [OpenSSL 3.0.19 27 Jan 2026]
14-Jun-2026 18:48:03.883 정보 [main] org.apache.coyote.AbstractProtocol.init 프로토콜 핸들러 ["http-nio-8080"]을(를) 초기화합니다.
14-Jun-2026 18:48:03.894 정보 [main] org.apache.catalina.startup.Catalina.load [260] 밀리초 내에 서버가 초기화되었습니다.
14-Jun-2026 18:48:03.912 정보 [main] org.apache.catalina.core.StandardService.startInternal 서비스 [Catalina]을(를) 시작합니다.
14-Jun-2026 18:48:03.912 정보 [main] org.apache.catalina.core.StandardEngine.startInternal 서버 엔진을 시작합니다: [Apache Tomcat/9.0.118]
14-Jun-2026 18:48:03.917 정보 [main] org.apache.catalina.startup.HostConfig.deployDescriptor 배치 descriptor [C:\dev\workspace\java_crud\conf\Catalina\localhost\ROOT.xml]을(를) 배치합니다.
14-Jun-2026 18:48:03.944 경고 [main] org.apache.catalina.webresources.DirResourceSet.initInternal Disabled the global canonical file name cache to protect against CVE-2024-56337 when starting the WebResourceSet at [C:\dev\workspace\java_crud\target\classes] which is part of the web application []
14-Jun-2026 18:48:04.979 정보 [main] org.apache.jasper.servlet.TldScanner.scanJars 적어도 하나의 JAR가 TLD들을 찾기 위해 스캔되었으나 아무 것도 찾지 못했습니다. 스캔했으나 TLD가 없는 JAR들의 전체 목록을 보시려면, 로그 레벨을 디버그 레벨로 설정하십시오. 스캔 과정에서 불필요한 JAR들을 건너뛰면, 시스템 시작 시간과 JSP 컴파일 시간을 단축시킬 수 있습니다.
14-Jun-2026 18:48:06.211 정보 [main] org.apache.catalina.startup.HostConfig.deployDescriptor 배치 descriptor [C:\dev\workspace\java_crud\conf\Catalina\localhost\ROOT.xml]의 배치가 [2,293] 밀리초 내에 완료되었습니다.
14-Jun-2026 18:48:06.214 정보 [main] org.apache.coyote.AbstractProtocol.start 프로토콜 핸들러 ["http-nio-8080"]을(를) 시작합니다.
14-Jun-2026 18:48:06.222 정보 [main] org.apache.catalina.startup.Catalina.start 서버가 [2327] 밀리초 내에 시작되었습니다.
14-Jun-2026 18:50:06.126 정보 [Thread-2] org.apache.coyote.AbstractProtocol.pause 프로토콜 핸들러 ["http-nio-8080"]을(를) 일시 정지 중
14-Jun-2026 18:50:06.176 정보 [Thread-2] org.apache.catalina.core.StandardService.stopInternal 서비스 [Catalina]을(를) 중지시킵니다.
14-Jun-2026 18:50:06.188 경고 [Thread-2] org.apache.catalina.loader.WebappClassLoaderBase.clearReferencesJdbc 웹 애플리케이션 [ROOT]이(가) JDBC 드라이버 [org.mariadb.jdbc.Driver]을(를) 등록했지만, 웹 애플리케이션이 중지될 때, 해당 JDBC 드라이버의 등록을 제거하지 못했습니다. 메모리 누수를 방지하기 위하여, 등록을 강제로 제거했습니다.
14-Jun-2026 18:50:06.190 정보 [Thread-2] org.apache.coyote.AbstractProtocol.stop 프로토콜 핸들러 ["http-nio-8080"]을(를) 중지시킵니다.
14-Jun-2026 18:50:06.209 정보 [Thread-2] org.apache.coyote.AbstractProtocol.destroy 프로토콜 핸들러 ["http-nio-8080"]을(를) 소멸시킵니다.
14-Jun-2026 18:51:57.205 정보 [main] org.apache.catalina.startup.VersionLoggerListener.log 서버 버전 이름:    Apache Tomcat/9.0.118
14-Jun-2026 18:51:57.208 정보 [main] org.apache.catalina.startup.VersionLoggerListener.log Server 빌드 시각:  May 1 2026 19:30:30 UTC
14-Jun-2026 18:51:57.208 정보 [main] org.apache.catalina.startup.VersionLoggerListener.log Server 버전 번호:  9.0.118.0
14-Jun-2026 18:51:57.208 정보 [main] org.apache.catalina.startup.VersionLoggerListener.log 운영체제 이름:     Windows 11
14-Jun-2026 18:51:57.208 정보 [main] org.apache.catalina.startup.VersionLoggerListener.log 운영체제 버전:     10.0
14-Jun-2026 18:51:57.208 정보 [main] org.apache.catalina.startup.VersionLoggerListener.log 아키텍처:          amd64
14-Jun-2026 18:51:57.208 정보 [main] org.apache.catalina.startup.VersionLoggerListener.log 자바 홈:           C:\Users\User\.jdks\corretto-1.8.0_492\jre
14-Jun-2026 18:51:57.208 정보 [main] org.apache.catalina.startup.VersionLoggerListener.log JVM 버전:          1.8.0_492-b09
14-Jun-2026 18:51:57.208 정보 [main] org.apache.catalina.startup.VersionLoggerListener.log JVM 벤더:          Amazon.com Inc.
14-Jun-2026 18:51:57.208 정보 [main] org.apache.catalina.startup.VersionLoggerListener.log CATALINA_BASE:     C:\dev\workspace\java_crud
14-Jun-2026 18:51:57.208 정보 [main] org.apache.catalina.startup.VersionLoggerListener.log CATALINA_HOME:     C:\apache-tomcat-9.0.118
14-Jun-2026 18:51:57.209 정보 [main] org.apache.catalina.startup.VersionLoggerListener.log 명령 행 아규먼트:  -Dcatalina.home=C:\apache-tomcat-9.0.118
14-Jun-2026 18:51:57.209 정보 [main] org.apache.catalina.startup.VersionLoggerListener.log 명령 행 아규먼트:  -Dcatalina.base=C:\dev\workspace\java_crud
14-Jun-2026 18:51:57.209 정보 [main] org.apache.catalina.startup.VersionLoggerListener.log 명령 행 아규먼트:  -Djava.io.tmpdir=C:\dev\workspace\java_crud\temp
14-Jun-2026 18:51:57.209 정보 [main] org.apache.catalina.startup.VersionLoggerListener.log 명령 행 아규먼트:  -Djava.util.logging.config.file=C:\dev\workspace\java_crud\conf\logging.properties
14-Jun-2026 18:51:57.209 정보 [main] org.apache.catalina.startup.VersionLoggerListener.log 명령 행 아규먼트:  -Djava.util.logging.manager=org.apache.juli.ClassLoaderLogManager
14-Jun-2026 18:51:57.209 정보 [main] org.apache.catalina.startup.VersionLoggerListener.log 명령 행 아규먼트:  -javaagent:C:\Program Files\JetBrains\IntelliJ IDEA 2025.3.2\lib\idea_rt.jar=63806
14-Jun-2026 18:51:57.209 정보 [main] org.apache.catalina.startup.VersionLoggerListener.log 명령 행 아규먼트:  -Dfile.encoding=UTF-8
14-Jun-2026 18:51:57.211 정보 [main] org.apache.catalina.core.AprLifecycleListener.lifecycleEvent APR 버전 [1.7.6]을(를) 사용한, APR 기반 Apache Tomcat Native 라이브러리 [1.3.7]을(를) 로드했습니다.
14-Jun-2026 18:51:57.211 정보 [main] org.apache.catalina.core.AprLifecycleListener.lifecycleEvent APR 용량정보들: IPv6 [true], sendfile [true], accept filters [false], random [true], UDS [true].
14-Jun-2026 18:51:57.211 정보 [main] org.apache.catalina.core.AprLifecycleListener.lifecycleEvent APR/OpenSSL 설정: useAprConnector [false], useOpenSSL [true]
14-Jun-2026 18:51:57.217 정보 [main] org.apache.catalina.core.AprLifecycleListener.initializeSSL OpenSSL이 성공적으로 초기화되었습니다: [OpenSSL 3.0.19 27 Jan 2026]
14-Jun-2026 18:51:57.350 정보 [main] org.apache.coyote.AbstractProtocol.init 프로토콜 핸들러 ["http-nio-8080"]을(를) 초기화합니다.
14-Jun-2026 18:51:57.359 정보 [main] org.apache.catalina.startup.Catalina.load [255] 밀리초 내에 서버가 초기화되었습니다.
14-Jun-2026 18:51:57.377 정보 [main] org.apache.catalina.core.StandardService.startInternal 서비스 [Catalina]을(를) 시작합니다.
14-Jun-2026 18:51:57.377 정보 [main] org.apache.catalina.core.StandardEngine.startInternal 서버 엔진을 시작합니다: [Apache Tomcat/9.0.118]
14-Jun-2026 18:51:57.383 정보 [main] org.apache.catalina.startup.HostConfig.deployDescriptor 배치 descriptor [C:\dev\workspace\java_crud\conf\Catalina\localhost\borad#list.xml]을(를) 배치합니다.
14-Jun-2026 18:51:57.410 경고 [main] org.apache.catalina.webresources.DirResourceSet.initInternal Disabled the global canonical file name cache to protect against CVE-2024-56337 when starting the WebResourceSet at [C:\dev\workspace\java_crud\target\classes] which is part of the web application [/borad/list]
14-Jun-2026 18:51:58.427 정보 [main] org.apache.jasper.servlet.TldScanner.scanJars 적어도 하나의 JAR가 TLD들을 찾기 위해 스캔되었으나 아무 것도 찾지 못했습니다. 스캔했으나 TLD가 없는 JAR들의 전체 목록을 보시려면, 로그 레벨을 디버그 레벨로 설정하십시오. 스캔 과정에서 불필요한 JAR들을 건너뛰면, 시스템 시작 시간과 JSP 컴파일 시간을 단축시킬 수 있습니다.
14-Jun-2026 18:51:59.656 정보 [main] org.apache.catalina.startup.HostConfig.deployDescriptor 배치 descriptor [C:\dev\workspace\java_crud\conf\Catalina\localhost\borad#list.xml]의 배치가 [2,272] 밀리초 내에 완료되었습니다.
14-Jun-2026 18:51:59.659 정보 [main] org.apache.coyote.AbstractProtocol.start 프로토콜 핸들러 ["http-nio-8080"]을(를) 시작합니다.
14-Jun-2026 18:51:59.667 정보 [main] org.apache.catalina.startup.Catalina.start 서버가 [2308] 밀리초 내에 시작되었습니다.
14-Jun-2026 18:52:17.690 정보 [Thread-2] org.apache.coyote.AbstractProtocol.pause 프로토콜 핸들러 ["http-nio-8080"]을(를) 일시 정지 중
14-Jun-2026 18:52:17.734 정보 [Thread-2] org.apache.catalina.core.StandardService.stopInternal 서비스 [Catalina]을(를) 중지시킵니다.
14-Jun-2026 18:52:17.742 경고 [Thread-2] org.apache.catalina.loader.WebappClassLoaderBase.clearReferencesJdbc 웹 애플리케이션 [borad#list]이(가) JDBC 드라이버 [org.mariadb.jdbc.Driver]을(를) 등록했지만, 웹 애플리케이션이 중지될 때, 해당 JDBC 드라이버의 등록을 제거하지 못했습니다. 메모리 누수를 방지하기 위하여, 등록을 강제로 제거했습니다.
14-Jun-2026 18:52:17.744 정보 [Thread-2] org.apache.coyote.AbstractProtocol.stop 프로토콜 핸들러 ["http-nio-8080"]을(를) 중지시킵니다.
14-Jun-2026 18:52:17.747 정보 [Thread-2] org.apache.coyote.AbstractProtocol.destroy 프로토콜 핸들러 ["http-nio-8080"]을(를) 소멸시킵니다.
14-Jun-2026 18:52:26.650 정보 [main] org.apache.catalina.startup.VersionLoggerListener.log 서버 버전 이름:    Apache Tomcat/9.0.118
14-Jun-2026 18:52:26.652 정보 [main] org.apache.catalina.startup.VersionLoggerListener.log Server 빌드 시각:  May 1 2026 19:30:30 UTC
14-Jun-2026 18:52:26.652 정보 [main] org.apache.catalina.startup.VersionLoggerListener.log Server 버전 번호:  9.0.118.0
14-Jun-2026 18:52:26.652 정보 [main] org.apache.catalina.startup.VersionLoggerListener.log 운영체제 이름:     Windows 11
14-Jun-2026 18:52:26.652 정보 [main] org.apache.catalina.startup.VersionLoggerListener.log 운영체제 버전:     10.0
14-Jun-2026 18:52:26.653 정보 [main] org.apache.catalina.startup.VersionLoggerListener.log 아키텍처:          amd64
14-Jun-2026 18:52:26.653 정보 [main] org.apache.catalina.startup.VersionLoggerListener.log 자바 홈:           C:\Users\User\.jdks\corretto-1.8.0_492\jre
14-Jun-2026 18:52:26.653 정보 [main] org.apache.catalina.startup.VersionLoggerListener.log JVM 버전:          1.8.0_492-b09
14-Jun-2026 18:52:26.653 정보 [main] org.apache.catalina.startup.VersionLoggerListener.log JVM 벤더:          Amazon.com Inc.
14-Jun-2026 18:52:26.653 정보 [main] org.apache.catalina.startup.VersionLoggerListener.log CATALINA_BASE:     C:\dev\workspace\java_crud
14-Jun-2026 18:52:26.653 정보 [main] org.apache.catalina.startup.VersionLoggerListener.log CATALINA_HOME:     C:\apache-tomcat-9.0.118
14-Jun-2026 18:52:26.653 정보 [main] org.apache.catalina.startup.VersionLoggerListener.log 명령 행 아규먼트:  -Dcatalina.home=C:\apache-tomcat-9.0.118
14-Jun-2026 18:52:26.653 정보 [main] org.apache.catalina.startup.VersionLoggerListener.log 명령 행 아규먼트:  -Dcatalina.base=C:\dev\workspace\java_crud
14-Jun-2026 18:52:26.653 정보 [main] org.apache.catalina.startup.VersionLoggerListener.log 명령 행 아규먼트:  -Djava.io.tmpdir=C:\dev\workspace\java_crud\temp
14-Jun-2026 18:52:26.653 정보 [main] org.apache.catalina.startup.VersionLoggerListener.log 명령 행 아규먼트:  -Djava.util.logging.config.file=C:\dev\workspace\java_crud\conf\logging.properties
14-Jun-2026 18:52:26.653 정보 [main] org.apache.catalina.startup.VersionLoggerListener.log 명령 행 아규먼트:  -Djava.util.logging.manager=org.apache.juli.ClassLoaderLogManager
14-Jun-2026 18:52:26.653 정보 [main] org.apache.catalina.startup.VersionLoggerListener.log 명령 행 아규먼트:  -javaagent:C:\Program Files\JetBrains\IntelliJ IDEA 2025.3.2\lib\idea_rt.jar=55877
14-Jun-2026 18:52:26.653 정보 [main] org.apache.catalina.startup.VersionLoggerListener.log 명령 행 아규먼트:  -Dfile.encoding=UTF-8
14-Jun-2026 18:52:26.657 정보 [main] org.apache.catalina.core.AprLifecycleListener.lifecycleEvent APR 버전 [1.7.6]을(를) 사용한, APR 기반 Apache Tomcat Native 라이브러리 [1.3.7]을(를) 로드했습니다.
14-Jun-2026 18:52:26.657 정보 [main] org.apache.catalina.core.AprLifecycleListener.lifecycleEvent APR 용량정보들: IPv6 [true], sendfile [true], accept filters [false], random [true], UDS [true].
14-Jun-2026 18:52:26.657 정보 [main] org.apache.catalina.core.AprLifecycleListener.lifecycleEvent APR/OpenSSL 설정: useAprConnector [false], useOpenSSL [true]
14-Jun-2026 18:52:26.661 정보 [main] org.apache.catalina.core.AprLifecycleListener.initializeSSL OpenSSL이 성공적으로 초기화되었습니다: [OpenSSL 3.0.19 27 Jan 2026]
14-Jun-2026 18:52:26.790 정보 [main] org.apache.coyote.AbstractProtocol.init 프로토콜 핸들러 ["http-nio-8080"]을(를) 초기화합니다.
14-Jun-2026 18:52:26.798 정보 [main] org.apache.catalina.startup.Catalina.load [245] 밀리초 내에 서버가 초기화되었습니다.
14-Jun-2026 18:52:26.816 정보 [main] org.apache.catalina.core.StandardService.startInternal 서비스 [Catalina]을(를) 시작합니다.
14-Jun-2026 18:52:26.817 정보 [main] org.apache.catalina.core.StandardEngine.startInternal 서버 엔진을 시작합니다: [Apache Tomcat/9.0.118]
14-Jun-2026 18:52:26.822 정보 [main] org.apache.catalina.startup.HostConfig.deployDescriptor 배치 descriptor [C:\dev\workspace\java_crud\conf\Catalina\localhost\board#list.xml]을(를) 배치합니다.
14-Jun-2026 18:52:26.849 경고 [main] org.apache.catalina.webresources.DirResourceSet.initInternal Disabled the global canonical file name cache to protect against CVE-2024-56337 when starting the WebResourceSet at [C:\dev\workspace\java_crud\target\classes] which is part of the web application [/board/list]
14-Jun-2026 18:52:27.825 정보 [main] org.apache.jasper.servlet.TldScanner.scanJars 적어도 하나의 JAR가 TLD들을 찾기 위해 스캔되었으나 아무 것도 찾지 못했습니다. 스캔했으나 TLD가 없는 JAR들의 전체 목록을 보시려면, 로그 레벨을 디버그 레벨로 설정하십시오. 스캔 과정에서 불필요한 JAR들을 건너뛰면, 시스템 시작 시간과 JSP 컴파일 시간을 단축시킬 수 있습니다.
14-Jun-2026 18:52:29.014 정보 [main] org.apache.catalina.startup.HostConfig.deployDescriptor 배치 descriptor [C:\dev\workspace\java_crud\conf\Catalina\localhost\board#list.xml]의 배치가 [2,191] 밀리초 내에 완료되었습니다.
14-Jun-2026 18:52:29.016 정보 [main] org.apache.coyote.AbstractProtocol.start 프로토콜 핸들러 ["http-nio-8080"]을(를) 시작합니다.
14-Jun-2026 18:52:29.025 정보 [main] org.apache.catalina.startup.Catalina.start 서버가 [2225] 밀리초 내에 시작되었습니다.
14-Jun-2026 18:57:02.134 정보 [Thread-2] org.apache.coyote.AbstractProtocol.pause 프로토콜 핸들러 ["http-nio-8080"]을(를) 일시 정지 중
14-Jun-2026 18:57:02.180 정보 [Thread-2] org.apache.catalina.core.StandardService.stopInternal 서비스 [Catalina]을(를) 중지시킵니다.
14-Jun-2026 18:57:02.190 경고 [Thread-2] org.apache.catalina.loader.WebappClassLoaderBase.clearReferencesJdbc 웹 애플리케이션 [board#list]이(가) JDBC 드라이버 [org.mariadb.jdbc.Driver]을(를) 등록했지만, 웹 애플리케이션이 중지될 때, 해당 JDBC 드라이버의 등록을 제거하지 못했습니다. 메모리 누수를 방지하기 위하여, 등록을 강제로 제거했습니다.
14-Jun-2026 18:57:02.192 정보 [Thread-2] org.apache.coyote.AbstractProtocol.stop 프로토콜 핸들러 ["http-nio-8080"]을(를) 중지시킵니다.
14-Jun-2026 18:57:02.203 정보 [Thread-2] org.apache.coyote.AbstractProtocol.destroy 프로토콜 핸들러 ["http-nio-8080"]을(를) 소멸시킵니다.
14-Jun-2026 18:57:04.857 정보 [main] org.apache.catalina.startup.VersionLoggerListener.log 서버 버전 이름:    Apache Tomcat/9.0.118
14-Jun-2026 18:57:04.859 정보 [main] org.apache.catalina.startup.VersionLoggerListener.log Server 빌드 시각:  May 1 2026 19:30:30 UTC
14-Jun-2026 18:57:04.859 정보 [main] org.apache.catalina.startup.VersionLoggerListener.log Server 버전 번호:  9.0.118.0
14-Jun-2026 18:57:04.859 정보 [main] org.apache.catalina.startup.VersionLoggerListener.log 운영체제 이름:     Windows 11
14-Jun-2026 18:57:04.859 정보 [main] org.apache.catalina.startup.VersionLoggerListener.log 운영체제 버전:     10.0
14-Jun-2026 18:57:04.859 정보 [main] org.apache.catalina.startup.VersionLoggerListener.log 아키텍처:          amd64
14-Jun-2026 18:57:04.861 정보 [main] org.apache.catalina.startup.VersionLoggerListener.log 자바 홈:           C:\Users\User\.jdks\corretto-1.8.0_492\jre
14-Jun-2026 18:57:04.861 정보 [main] org.apache.catalina.startup.VersionLoggerListener.log JVM 버전:          1.8.0_492-b09
14-Jun-2026 18:57:04.861 정보 [main] org.apache.catalina.startup.VersionLoggerListener.log JVM 벤더:          Amazon.com Inc.
14-Jun-2026 18:57:04.861 정보 [main] org.apache.catalina.startup.VersionLoggerListener.log CATALINA_BASE:     C:\dev\workspace\java_crud
14-Jun-2026 18:57:04.861 정보 [main] org.apache.catalina.startup.VersionLoggerListener.log CATALINA_HOME:     C:\apache-tomcat-9.0.118
14-Jun-2026 18:57:04.862 정보 [main] org.apache.catalina.startup.VersionLoggerListener.log 명령 행 아규먼트:  -Dcatalina.home=C:\apache-tomcat-9.0.118
14-Jun-2026 18:57:04.862 정보 [main] org.apache.catalina.startup.VersionLoggerListener.log 명령 행 아규먼트:  -Dcatalina.base=C:\dev\workspace\java_crud
14-Jun-2026 18:57:04.862 정보 [main] org.apache.catalina.startup.VersionLoggerListener.log 명령 행 아규먼트:  -Djava.io.tmpdir=C:\dev\workspace\java_crud\temp
14-Jun-2026 18:57:04.862 정보 [main] org.apache.catalina.startup.VersionLoggerListener.log 명령 행 아규먼트:  -Djava.util.logging.config.file=C:\dev\workspace\java_crud\conf\logging.properties
14-Jun-2026 18:57:04.862 정보 [main] org.apache.catalina.startup.VersionLoggerListener.log 명령 행 아규먼트:  -Djava.util.logging.manager=org.apache.juli.ClassLoaderLogManager
14-Jun-2026 18:57:04.862 정보 [main] org.apache.catalina.startup.VersionLoggerListener.log 명령 행 아규먼트:  -javaagent:C:\Program Files\JetBrains\IntelliJ IDEA 2025.3.2\lib\idea_rt.jar=55757
14-Jun-2026 18:57:04.862 정보 [main] org.apache.catalina.startup.VersionLoggerListener.log 명령 행 아규먼트:  -Dfile.encoding=UTF-8
14-Jun-2026 18:57:04.864 정보 [main] org.apache.catalina.core.AprLifecycleListener.lifecycleEvent APR 버전 [1.7.6]을(를) 사용한, APR 기반 Apache Tomcat Native 라이브러리 [1.3.7]을(를) 로드했습니다.
14-Jun-2026 18:57:04.864 정보 [main] org.apache.catalina.core.AprLifecycleListener.lifecycleEvent APR 용량정보들: IPv6 [true], sendfile [true], accept filters [false], random [true], UDS [true].
14-Jun-2026 18:57:04.864 정보 [main] org.apache.catalina.core.AprLifecycleListener.lifecycleEvent APR/OpenSSL 설정: useAprConnector [false], useOpenSSL [true]
14-Jun-2026 18:57:04.869 정보 [main] org.apache.catalina.core.AprLifecycleListener.initializeSSL OpenSSL이 성공적으로 초기화되었습니다: [OpenSSL 3.0.19 27 Jan 2026]
14-Jun-2026 18:57:05.001 정보 [main] org.apache.coyote.AbstractProtocol.init 프로토콜 핸들러 ["http-nio-8080"]을(를) 초기화합니다.
14-Jun-2026 18:57:05.010 정보 [main] org.apache.catalina.startup.Catalina.load [252] 밀리초 내에 서버가 초기화되었습니다.
14-Jun-2026 18:57:05.029 정보 [main] org.apache.catalina.core.StandardService.startInternal 서비스 [Catalina]을(를) 시작합니다.
14-Jun-2026 18:57:05.029 정보 [main] org.apache.catalina.core.StandardEngine.startInternal 서버 엔진을 시작합니다: [Apache Tomcat/9.0.118]
14-Jun-2026 18:57:05.034 정보 [main] org.apache.catalina.startup.HostConfig.deployDescriptor 배치 descriptor [C:\dev\workspace\java_crud\conf\Catalina\localhost\ROOT.xml]을(를) 배치합니다.
14-Jun-2026 18:57:05.062 경고 [main] org.apache.catalina.webresources.DirResourceSet.initInternal Disabled the global canonical file name cache to protect against CVE-2024-56337 when starting the WebResourceSet at [C:\dev\workspace\java_crud\target\classes] which is part of the web application []
14-Jun-2026 18:57:06.046 정보 [main] org.apache.jasper.servlet.TldScanner.scanJars 적어도 하나의 JAR가 TLD들을 찾기 위해 스캔되었으나 아무 것도 찾지 못했습니다. 스캔했으나 TLD가 없는 JAR들의 전체 목록을 보시려면, 로그 레벨을 디버그 레벨로 설정하십시오. 스캔 과정에서 불필요한 JAR들을 건너뛰면, 시스템 시작 시간과 JSP 컴파일 시간을 단축시킬 수 있습니다.
14-Jun-2026 18:57:07.232 정보 [main] org.apache.catalina.startup.HostConfig.deployDescriptor 배치 descriptor [C:\dev\workspace\java_crud\conf\Catalina\localhost\ROOT.xml]의 배치가 [2,197] 밀리초 내에 완료되었습니다.
14-Jun-2026 18:57:07.234 정보 [main] org.apache.coyote.AbstractProtocol.start 프로토콜 핸들러 ["http-nio-8080"]을(를) 시작합니다.
14-Jun-2026 18:57:07.242 정보 [main] org.apache.catalina.startup.Catalina.start 서버가 [2232] 밀리초 내에 시작되었습니다.
14-Jun-2026 18:57:41.042 정보 [Thread-2] org.apache.coyote.AbstractProtocol.pause 프로토콜 핸들러 ["http-nio-8080"]을(를) 일시 정지 중
14-Jun-2026 18:57:41.089 정보 [Thread-2] org.apache.catalina.core.StandardService.stopInternal 서비스 [Catalina]을(를) 중지시킵니다.
14-Jun-2026 18:57:41.099 경고 [Thread-2] org.apache.catalina.loader.WebappClassLoaderBase.clearReferencesJdbc 웹 애플리케이션 [ROOT]이(가) JDBC 드라이버 [org.mariadb.jdbc.Driver]을(를) 등록했지만, 웹 애플리케이션이 중지될 때, 해당 JDBC 드라이버의 등록을 제거하지 못했습니다. 메모리 누수를 방지하기 위하여, 등록을 강제로 제거했습니다.
14-Jun-2026 18:57:41.101 정보 [Thread-2] org.apache.coyote.AbstractProtocol.stop 프로토콜 핸들러 ["http-nio-8080"]을(를) 중지시킵니다.
14-Jun-2026 18:57:41.123 정보 [Thread-2] org.apache.coyote.AbstractProtocol.destroy 프로토콜 핸들러 ["http-nio-8080"]을(를) 소멸시킵니다.
14-Jun-2026 18:57:48.741 정보 [main] org.apache.catalina.startup.VersionLoggerListener.log 서버 버전 이름:    Apache Tomcat/9.0.118
14-Jun-2026 18:57:48.744 정보 [main] org.apache.catalina.startup.VersionLoggerListener.log Server 빌드 시각:  May 1 2026 19:30:30 UTC
14-Jun-2026 18:57:48.744 정보 [main] org.apache.catalina.startup.VersionLoggerListener.log Server 버전 번호:  9.0.118.0
14-Jun-2026 18:57:48.744 정보 [main] org.apache.catalina.startup.VersionLoggerListener.log 운영체제 이름:     Windows 11
14-Jun-2026 18:57:48.744 정보 [main] org.apache.catalina.startup.VersionLoggerListener.log 운영체제 버전:     10.0
14-Jun-2026 18:57:48.744 정보 [main] org.apache.catalina.startup.VersionLoggerListener.log 아키텍처:          amd64
14-Jun-2026 18:57:48.744 정보 [main] org.apache.catalina.startup.VersionLoggerListener.log 자바 홈:           C:\Users\User\.jdks\corretto-1.8.0_492\jre
14-Jun-2026 18:57:48.744 정보 [main] org.apache.catalina.startup.VersionLoggerListener.log JVM 버전:          1.8.0_492-b09
14-Jun-2026 18:57:48.744 정보 [main] org.apache.catalina.startup.VersionLoggerListener.log JVM 벤더:          Amazon.com Inc.
14-Jun-2026 18:57:48.744 정보 [main] org.apache.catalina.startup.VersionLoggerListener.log CATALINA_BASE:     C:\dev\workspace\java_crud
14-Jun-2026 18:57:48.744 정보 [main] org.apache.catalina.startup.VersionLoggerListener.log CATALINA_HOME:     C:\apache-tomcat-9.0.118
14-Jun-2026 18:57:48.745 정보 [main] org.apache.catalina.startup.VersionLoggerListener.log 명령 행 아규먼트:  -Dcatalina.home=C:\apache-tomcat-9.0.118
14-Jun-2026 18:57:48.745 정보 [main] org.apache.catalina.startup.VersionLoggerListener.log 명령 행 아규먼트:  -Dcatalina.base=C:\dev\workspace\java_crud
14-Jun-2026 18:57:48.745 정보 [main] org.apache.catalina.startup.VersionLoggerListener.log 명령 행 아규먼트:  -Djava.io.tmpdir=C:\dev\workspace\java_crud\temp
14-Jun-2026 18:57:48.745 정보 [main] org.apache.catalina.startup.VersionLoggerListener.log 명령 행 아규먼트:  -Djava.util.logging.config.file=C:\dev\workspace\java_crud\conf\logging.properties
14-Jun-2026 18:57:48.745 정보 [main] org.apache.catalina.startup.VersionLoggerListener.log 명령 행 아규먼트:  -Djava.util.logging.manager=org.apache.juli.ClassLoaderLogManager
14-Jun-2026 18:57:48.745 정보 [main] org.apache.catalina.startup.VersionLoggerListener.log 명령 행 아규먼트:  -javaagent:C:\Program Files\JetBrains\IntelliJ IDEA 2025.3.2\lib\idea_rt.jar=54899
14-Jun-2026 18:57:48.745 정보 [main] org.apache.catalina.startup.VersionLoggerListener.log 명령 행 아규먼트:  -Dfile.encoding=UTF-8
14-Jun-2026 18:57:48.748 정보 [main] org.apache.catalina.core.AprLifecycleListener.lifecycleEvent APR 버전 [1.7.6]을(를) 사용한, APR 기반 Apache Tomcat Native 라이브러리 [1.3.7]을(를) 로드했습니다.
14-Jun-2026 18:57:48.748 정보 [main] org.apache.catalina.core.AprLifecycleListener.lifecycleEvent APR 용량정보들: IPv6 [true], sendfile [true], accept filters [false], random [true], UDS [true].
14-Jun-2026 18:57:48.748 정보 [main] org.apache.catalina.core.AprLifecycleListener.lifecycleEvent APR/OpenSSL 설정: useAprConnector [false], useOpenSSL [true]
14-Jun-2026 18:57:48.752 정보 [main] org.apache.catalina.core.AprLifecycleListener.initializeSSL OpenSSL이 성공적으로 초기화되었습니다: [OpenSSL 3.0.19 27 Jan 2026]
14-Jun-2026 18:57:48.887 정보 [main] org.apache.coyote.AbstractProtocol.init 프로토콜 핸들러 ["http-nio-8080"]을(를) 초기화합니다.
14-Jun-2026 18:57:48.897 정보 [main] org.apache.catalina.startup.Catalina.load [256] 밀리초 내에 서버가 초기화되었습니다.
14-Jun-2026 18:57:48.916 정보 [main] org.apache.catalina.core.StandardService.startInternal 서비스 [Catalina]을(를) 시작합니다.
14-Jun-2026 18:57:48.917 정보 [main] org.apache.catalina.core.StandardEngine.startInternal 서버 엔진을 시작합니다: [Apache Tomcat/9.0.118]
14-Jun-2026 18:57:48.921 정보 [main] org.apache.catalina.startup.HostConfig.deployDescriptor 배치 descriptor [C:\dev\workspace\java_crud\conf\Catalina\localhost\ROOT.xml]을(를) 배치합니다.
14-Jun-2026 18:57:48.952 경고 [main] org.apache.catalina.webresources.DirResourceSet.initInternal Disabled the global canonical file name cache to protect against CVE-2024-56337 when starting the WebResourceSet at [C:\dev\workspace\java_crud\target\classes] which is part of the web application []
14-Jun-2026 18:57:49.927 정보 [main] org.apache.jasper.servlet.TldScanner.scanJars 적어도 하나의 JAR가 TLD들을 찾기 위해 스캔되었으나 아무 것도 찾지 못했습니다. 스캔했으나 TLD가 없는 JAR들의 전체 목록을 보시려면, 로그 레벨을 디버그 레벨로 설정하십시오. 스캔 과정에서 불필요한 JAR들을 건너뛰면, 시스템 시작 시간과 JSP 컴파일 시간을 단축시킬 수 있습니다.
14-Jun-2026 18:57:51.141 정보 [main] org.apache.catalina.startup.HostConfig.deployDescriptor 배치 descriptor [C:\dev\workspace\java_crud\conf\Catalina\localhost\ROOT.xml]의 배치가 [2,219] 밀리초 내에 완료되었습니다.
14-Jun-2026 18:57:51.143 정보 [main] org.apache.coyote.AbstractProtocol.start 프로토콜 핸들러 ["http-nio-8080"]을(를) 시작합니다.
14-Jun-2026 18:57:51.151 정보 [main] org.apache.catalina.startup.Catalina.start 서버가 [2255] 밀리초 내에 시작되었습니다.
14-Jun-2026 18:59:44.077 정보 [Thread-2] org.apache.coyote.AbstractProtocol.pause 프로토콜 핸들러 ["http-nio-8080"]을(를) 일시 정지 중
14-Jun-2026 18:59:44.123 정보 [Thread-2] org.apache.catalina.core.StandardService.stopInternal 서비스 [Catalina]을(를) 중지시킵니다.
14-Jun-2026 18:59:44.132 경고 [Thread-2] org.apache.catalina.loader.WebappClassLoaderBase.clearReferencesJdbc 웹 애플리케이션 [ROOT]이(가) JDBC 드라이버 [org.mariadb.jdbc.Driver]을(를) 등록했지만, 웹 애플리케이션이 중지될 때, 해당 JDBC 드라이버의 등록을 제거하지 못했습니다. 메모리 누수를 방지하기 위하여, 등록을 강제로 제거했습니다.
14-Jun-2026 18:59:44.135 정보 [Thread-2] org.apache.coyote.AbstractProtocol.stop 프로토콜 핸들러 ["http-nio-8080"]을(를) 중지시킵니다.
14-Jun-2026 18:59:44.156 정보 [Thread-2] org.apache.coyote.AbstractProtocol.destroy 프로토콜 핸들러 ["http-nio-8080"]을(를) 소멸시킵니다.
14-Jun-2026 18:59:52.485 정보 [main] org.apache.catalina.startup.VersionLoggerListener.log 서버 버전 이름:    Apache Tomcat/9.0.118
14-Jun-2026 18:59:52.487 정보 [main] org.apache.catalina.startup.VersionLoggerListener.log Server 빌드 시각:  May 1 2026 19:30:30 UTC
14-Jun-2026 18:59:52.487 정보 [main] org.apache.catalina.startup.VersionLoggerListener.log Server 버전 번호:  9.0.118.0
14-Jun-2026 18:59:52.487 정보 [main] org.apache.catalina.startup.VersionLoggerListener.log 운영체제 이름:     Windows 11
14-Jun-2026 18:59:52.487 정보 [main] org.apache.catalina.startup.VersionLoggerListener.log 운영체제 버전:     10.0
14-Jun-2026 18:59:52.487 정보 [main] org.apache.catalina.startup.VersionLoggerListener.log 아키텍처:          amd64
14-Jun-2026 18:59:52.487 정보 [main] org.apache.catalina.startup.VersionLoggerListener.log 자바 홈:           C:\Users\User\.jdks\corretto-1.8.0_492\jre
14-Jun-2026 18:59:52.487 정보 [main] org.apache.catalina.startup.VersionLoggerListener.log JVM 버전:          1.8.0_492-b09
14-Jun-2026 18:59:52.487 정보 [main] org.apache.catalina.startup.VersionLoggerListener.log JVM 벤더:          Amazon.com Inc.
14-Jun-2026 18:59:52.487 정보 [main] org.apache.catalina.startup.VersionLoggerListener.log CATALINA_BASE:     C:\dev\workspace\java_crud
14-Jun-2026 18:59:52.487 정보 [main] org.apache.catalina.startup.VersionLoggerListener.log CATALINA_HOME:     C:\apache-tomcat-9.0.118
14-Jun-2026 18:59:52.489 정보 [main] org.apache.catalina.startup.VersionLoggerListener.log 명령 행 아규먼트:  -Dcatalina.home=C:\apache-tomcat-9.0.118
14-Jun-2026 18:59:52.489 정보 [main] org.apache.catalina.startup.VersionLoggerListener.log 명령 행 아규먼트:  -Dcatalina.base=C:\dev\workspace\java_crud
14-Jun-2026 18:59:52.489 정보 [main] org.apache.catalina.startup.VersionLoggerListener.log 명령 행 아규먼트:  -Djava.io.tmpdir=C:\dev\workspace\java_crud\temp
14-Jun-2026 18:59:52.489 정보 [main] org.apache.catalina.startup.VersionLoggerListener.log 명령 행 아규먼트:  -Djava.util.logging.config.file=C:\dev\workspace\java_crud\conf\logging.properties
14-Jun-2026 18:59:52.489 정보 [main] org.apache.catalina.startup.VersionLoggerListener.log 명령 행 아규먼트:  -Djava.util.logging.manager=org.apache.juli.ClassLoaderLogManager
14-Jun-2026 18:59:52.489 정보 [main] org.apache.catalina.startup.VersionLoggerListener.log 명령 행 아규먼트:  -javaagent:C:\Program Files\JetBrains\IntelliJ IDEA 2025.3.2\lib\idea_rt.jar=49361
14-Jun-2026 18:59:52.489 정보 [main] org.apache.catalina.startup.VersionLoggerListener.log 명령 행 아규먼트:  -Dfile.encoding=UTF-8
14-Jun-2026 18:59:52.491 정보 [main] org.apache.catalina.core.AprLifecycleListener.lifecycleEvent APR 버전 [1.7.6]을(를) 사용한, APR 기반 Apache Tomcat Native 라이브러리 [1.3.7]을(를) 로드했습니다.
14-Jun-2026 18:59:52.491 정보 [main] org.apache.catalina.core.AprLifecycleListener.lifecycleEvent APR 용량정보들: IPv6 [true], sendfile [true], accept filters [false], random [true], UDS [true].
14-Jun-2026 18:59:52.491 정보 [main] org.apache.catalina.core.AprLifecycleListener.lifecycleEvent APR/OpenSSL 설정: useAprConnector [false], useOpenSSL [true]
14-Jun-2026 18:59:52.495 정보 [main] org.apache.catalina.core.AprLifecycleListener.initializeSSL OpenSSL이 성공적으로 초기화되었습니다: [OpenSSL 3.0.19 27 Jan 2026]
14-Jun-2026 18:59:52.638 정보 [main] org.apache.coyote.AbstractProtocol.init 프로토콜 핸들러 ["http-nio-8080"]을(를) 초기화합니다.
14-Jun-2026 18:59:52.648 정보 [main] org.apache.catalina.startup.Catalina.load [263] 밀리초 내에 서버가 초기화되었습니다.
14-Jun-2026 18:59:52.669 정보 [main] org.apache.catalina.core.StandardService.startInternal 서비스 [Catalina]을(를) 시작합니다.
14-Jun-2026 18:59:52.669 정보 [main] org.apache.catalina.core.StandardEngine.startInternal 서버 엔진을 시작합니다: [Apache Tomcat/9.0.118]
14-Jun-2026 18:59:52.675 정보 [main] org.apache.catalina.startup.HostConfig.deployDescriptor 배치 descriptor [C:\dev\workspace\java_crud\conf\Catalina\localhost\ROOT.xml]을(를) 배치합니다.
14-Jun-2026 18:59:52.706 경고 [main] org.apache.catalina.webresources.DirResourceSet.initInternal Disabled the global canonical file name cache to protect against CVE-2024-56337 when starting the WebResourceSet at [C:\dev\workspace\java_crud\target\classes] which is part of the web application []
14-Jun-2026 18:59:53.708 정보 [main] org.apache.jasper.servlet.TldScanner.scanJars 적어도 하나의 JAR가 TLD들을 찾기 위해 스캔되었으나 아무 것도 찾지 못했습니다. 스캔했으나 TLD가 없는 JAR들의 전체 목록을 보시려면, 로그 레벨을 디버그 레벨로 설정하십시오. 스캔 과정에서 불필요한 JAR들을 건너뛰면, 시스템 시작 시간과 JSP 컴파일 시간을 단축시킬 수 있습니다.
14-Jun-2026 18:59:54.931 정보 [main] org.apache.catalina.startup.HostConfig.deployDescriptor 배치 descriptor [C:\dev\workspace\java_crud\conf\Catalina\localhost\ROOT.xml]의 배치가 [2,255] 밀리초 내에 완료되었습니다.
14-Jun-2026 18:59:54.933 정보 [main] org.apache.coyote.AbstractProtocol.start 프로토콜 핸들러 ["http-nio-8080"]을(를) 시작합니다.
14-Jun-2026 18:59:54.941 정보 [main] org.apache.catalina.startup.Catalina.start 서버가 [2293] 밀리초 내에 시작되었습니다.
14-Jun-2026 19:03:03.882 정보 [Thread-2] org.apache.coyote.AbstractProtocol.pause 프로토콜 핸들러 ["http-nio-8080"]을(를) 일시 정지 중
14-Jun-2026 19:03:03.926 정보 [Thread-2] org.apache.catalina.core.StandardService.stopInternal 서비스 [Catalina]을(를) 중지시킵니다.
14-Jun-2026 19:03:03.937 경고 [Thread-2] org.apache.catalina.loader.WebappClassLoaderBase.clearReferencesJdbc 웹 애플리케이션 [ROOT]이(가) JDBC 드라이버 [org.mariadb.jdbc.Driver]을(를) 등록했지만, 웹 애플리케이션이 중지될 때, 해당 JDBC 드라이버의 등록을 제거하지 못했습니다. 메모리 누수를 방지하기 위하여, 등록을 강제로 제거했습니다.
14-Jun-2026 19:03:03.939 정보 [Thread-2] org.apache.coyote.AbstractProtocol.stop 프로토콜 핸들러 ["http-nio-8080"]을(를) 중지시킵니다.
14-Jun-2026 19:03:03.955 정보 [Thread-2] org.apache.coyote.AbstractProtocol.destroy 프로토콜 핸들러 ["http-nio-8080"]을(를) 소멸시킵니다.
14-Jun-2026 19:50:16.827 정보 [main] org.apache.catalina.startup.VersionLoggerListener.log 서버 버전 이름:    Apache Tomcat/9.0.118
14-Jun-2026 19:50:16.830 정보 [main] org.apache.catalina.startup.VersionLoggerListener.log Server 빌드 시각:  May 1 2026 19:30:30 UTC
14-Jun-2026 19:50:16.830 정보 [main] org.apache.catalina.startup.VersionLoggerListener.log Server 버전 번호:  9.0.118.0
14-Jun-2026 19:50:16.830 정보 [main] org.apache.catalina.startup.VersionLoggerListener.log 운영체제 이름:     Windows 11
14-Jun-2026 19:50:16.830 정보 [main] org.apache.catalina.startup.VersionLoggerListener.log 운영체제 버전:     10.0
14-Jun-2026 19:50:16.830 정보 [main] org.apache.catalina.startup.VersionLoggerListener.log 아키텍처:          amd64
14-Jun-2026 19:50:16.830 정보 [main] org.apache.catalina.startup.VersionLoggerListener.log 자바 홈:           C:\Users\User\.jdks\corretto-1.8.0_492\jre
14-Jun-2026 19:50:16.830 정보 [main] org.apache.catalina.startup.VersionLoggerListener.log JVM 버전:          1.8.0_492-b09
14-Jun-2026 19:50:16.830 정보 [main] org.apache.catalina.startup.VersionLoggerListener.log JVM 벤더:          Amazon.com Inc.
14-Jun-2026 19:50:16.830 정보 [main] org.apache.catalina.startup.VersionLoggerListener.log CATALINA_BASE:     C:\dev\workspace\java_crud
14-Jun-2026 19:50:16.830 정보 [main] org.apache.catalina.startup.VersionLoggerListener.log CATALINA_HOME:     C:\apache-tomcat-9.0.118
14-Jun-2026 19:50:16.831 정보 [main] org.apache.catalina.startup.VersionLoggerListener.log 명령 행 아규먼트:  -Dcatalina.home=C:\apache-tomcat-9.0.118
14-Jun-2026 19:50:16.831 정보 [main] org.apache.catalina.startup.VersionLoggerListener.log 명령 행 아규먼트:  -Dcatalina.base=C:\dev\workspace\java_crud
14-Jun-2026 19:50:16.831 정보 [main] org.apache.catalina.startup.VersionLoggerListener.log 명령 행 아규먼트:  -Djava.io.tmpdir=C:\dev\workspace\java_crud\temp
14-Jun-2026 19:50:16.831 정보 [main] org.apache.catalina.startup.VersionLoggerListener.log 명령 행 아규먼트:  -Djava.util.logging.config.file=C:\dev\workspace\java_crud\conf\logging.properties
14-Jun-2026 19:50:16.831 정보 [main] org.apache.catalina.startup.VersionLoggerListener.log 명령 행 아규먼트:  -Djava.util.logging.manager=org.apache.juli.ClassLoaderLogManager
14-Jun-2026 19:50:16.831 정보 [main] org.apache.catalina.startup.VersionLoggerListener.log 명령 행 아규먼트:  -javaagent:C:\Program Files\JetBrains\IntelliJ IDEA 2025.3.2\lib\idea_rt.jar=55356
14-Jun-2026 19:50:16.831 정보 [main] org.apache.catalina.startup.VersionLoggerListener.log 명령 행 아규먼트:  -Dfile.encoding=UTF-8
14-Jun-2026 19:50:16.834 정보 [main] org.apache.catalina.core.AprLifecycleListener.lifecycleEvent APR 버전 [1.7.6]을(를) 사용한, APR 기반 Apache Tomcat Native 라이브러리 [1.3.7]을(를) 로드했습니다.
14-Jun-2026 19:50:16.834 정보 [main] org.apache.catalina.core.AprLifecycleListener.lifecycleEvent APR 용량정보들: IPv6 [true], sendfile [true], accept filters [false], random [true], UDS [true].
14-Jun-2026 19:50:16.834 정보 [main] org.apache.catalina.core.AprLifecycleListener.lifecycleEvent APR/OpenSSL 설정: useAprConnector [false], useOpenSSL [true]
14-Jun-2026 19:50:16.838 정보 [main] org.apache.catalina.core.AprLifecycleListener.initializeSSL OpenSSL이 성공적으로 초기화되었습니다: [OpenSSL 3.0.19 27 Jan 2026]
14-Jun-2026 19:50:16.969 정보 [main] org.apache.coyote.AbstractProtocol.init 프로토콜 핸들러 ["http-nio-8080"]을(를) 초기화합니다.
14-Jun-2026 19:50:16.977 정보 [main] org.apache.catalina.startup.Catalina.load [247] 밀리초 내에 서버가 초기화되었습니다.
14-Jun-2026 19:50:16.994 정보 [main] org.apache.catalina.core.StandardService.startInternal 서비스 [Catalina]을(를) 시작합니다.
14-Jun-2026 19:50:16.995 정보 [main] org.apache.catalina.core.StandardEngine.startInternal 서버 엔진을 시작합니다: [Apache Tomcat/9.0.118]
14-Jun-2026 19:50:17.000 정보 [main] org.apache.catalina.startup.HostConfig.deployDescriptor 배치 descriptor [C:\dev\workspace\java_crud\conf\Catalina\localhost\ROOT.xml]을(를) 배치합니다.
14-Jun-2026 19:50:17.027 경고 [main] org.apache.catalina.webresources.DirResourceSet.initInternal Disabled the global canonical file name cache to protect against CVE-2024-56337 when starting the WebResourceSet at [C:\dev\workspace\java_crud\target\classes] which is part of the web application []
14-Jun-2026 19:50:17.926 정보 [main] org.apache.jasper.servlet.TldScanner.scanJars 적어도 하나의 JAR가 TLD들을 찾기 위해 스캔되었으나 아무 것도 찾지 못했습니다. 스캔했으나 TLD가 없는 JAR들의 전체 목록을 보시려면, 로그 레벨을 디버그 레벨로 설정하십시오. 스캔 과정에서 불필요한 JAR들을 건너뛰면, 시스템 시작 시간과 JSP 컴파일 시간을 단축시킬 수 있습니다.
14-Jun-2026 19:50:18.973 정보 [main] org.apache.catalina.startup.HostConfig.deployDescriptor 배치 descriptor [C:\dev\workspace\java_crud\conf\Catalina\localhost\ROOT.xml]의 배치가 [1,972] 밀리초 내에 완료되었습니다.
14-Jun-2026 19:50:18.975 정보 [main] org.apache.coyote.AbstractProtocol.start 프로토콜 핸들러 ["http-nio-8080"]을(를) 시작합니다.
14-Jun-2026 19:50:18.983 정보 [main] org.apache.catalina.startup.Catalina.start 서버가 [2005] 밀리초 내에 시작되었습니다.
14-Jun-2026 20:29:14.919 정보 [Thread-2] org.apache.coyote.AbstractProtocol.pause 프로토콜 핸들러 ["http-nio-8080"]을(를) 일시 정지 중
14-Jun-2026 20:29:14.963 정보 [Thread-2] org.apache.catalina.core.StandardService.stopInternal 서비스 [Catalina]을(를) 중지시킵니다.
14-Jun-2026 20:29:14.972 경고 [Thread-2] org.apache.catalina.loader.WebappClassLoaderBase.clearReferencesJdbc 웹 애플리케이션 [ROOT]이(가) JDBC 드라이버 [org.mariadb.jdbc.Driver]을(를) 등록했지만, 웹 애플리케이션이 중지될 때, 해당 JDBC 드라이버의 등록을 제거하지 못했습니다. 메모리 누수를 방지하기 위하여, 등록을 강제로 제거했습니다.
14-Jun-2026 20:29:14.974 정보 [Thread-2] org.apache.coyote.AbstractProtocol.stop 프로토콜 핸들러 ["http-nio-8080"]을(를) 중지시킵니다.
14-Jun-2026 20:29:14.987 정보 [Thread-2] org.apache.coyote.AbstractProtocol.destroy 프로토콜 핸들러 ["http-nio-8080"]을(를) 소멸시킵니다.
14-Jun-2026 20:46:06.580 정보 [main] org.apache.catalina.startup.VersionLoggerListener.log 서버 버전 이름:    Apache Tomcat/9.0.118
14-Jun-2026 20:46:06.582 정보 [main] org.apache.catalina.startup.VersionLoggerListener.log Server 빌드 시각:  May 1 2026 19:30:30 UTC
14-Jun-2026 20:46:06.582 정보 [main] org.apache.catalina.startup.VersionLoggerListener.log Server 버전 번호:  9.0.118.0
14-Jun-2026 20:46:06.582 정보 [main] org.apache.catalina.startup.VersionLoggerListener.log 운영체제 이름:     Windows 11
14-Jun-2026 20:46:06.582 정보 [main] org.apache.catalina.startup.VersionLoggerListener.log 운영체제 버전:     10.0
14-Jun-2026 20:46:06.582 정보 [main] org.apache.catalina.startup.VersionLoggerListener.log 아키텍처:          amd64
14-Jun-2026 20:46:06.582 정보 [main] org.apache.catalina.startup.VersionLoggerListener.log 자바 홈:           C:\Users\User\.jdks\corretto-1.8.0_492\jre
14-Jun-2026 20:46:06.582 정보 [main] org.apache.catalina.startup.VersionLoggerListener.log JVM 버전:          1.8.0_492-b09
14-Jun-2026 20:46:06.582 정보 [main] org.apache.catalina.startup.VersionLoggerListener.log JVM 벤더:          Amazon.com Inc.
14-Jun-2026 20:46:06.582 정보 [main] org.apache.catalina.startup.VersionLoggerListener.log CATALINA_BASE:     C:\dev\workspace\java_crud
14-Jun-2026 20:46:06.582 정보 [main] org.apache.catalina.startup.VersionLoggerListener.log CATALINA_HOME:     C:\apache-tomcat-9.0.118
14-Jun-2026 20:46:06.583 정보 [main] org.apache.catalina.startup.VersionLoggerListener.log 명령 행 아규먼트:  -Dcatalina.home=C:\apache-tomcat-9.0.118
14-Jun-2026 20:46:06.583 정보 [main] org.apache.catalina.startup.VersionLoggerListener.log 명령 행 아규먼트:  -Dcatalina.base=C:\dev\workspace\java_crud
14-Jun-2026 20:46:06.584 정보 [main] org.apache.catalina.startup.VersionLoggerListener.log 명령 행 아규먼트:  -Djava.io.tmpdir=C:\dev\workspace\java_crud\temp
14-Jun-2026 20:46:06.584 정보 [main] org.apache.catalina.startup.VersionLoggerListener.log 명령 행 아규먼트:  -Djava.util.logging.config.file=C:\dev\workspace\java_crud\conf\logging.properties
14-Jun-2026 20:46:06.584 정보 [main] org.apache.catalina.startup.VersionLoggerListener.log 명령 행 아규먼트:  -Djava.util.logging.manager=org.apache.juli.ClassLoaderLogManager
14-Jun-2026 20:46:06.584 정보 [main] org.apache.catalina.startup.VersionLoggerListener.log 명령 행 아규먼트:  -javaagent:C:\Program Files\JetBrains\IntelliJ IDEA 2025.3.2\lib\idea_rt.jar=49749
14-Jun-2026 20:46:06.584 정보 [main] org.apache.catalina.startup.VersionLoggerListener.log 명령 행 아규먼트:  -Dfile.encoding=UTF-8
14-Jun-2026 20:46:06.587 정보 [main] org.apache.catalina.core.AprLifecycleListener.lifecycleEvent APR 버전 [1.7.6]을(를) 사용한, APR 기반 Apache Tomcat Native 라이브러리 [1.3.7]을(를) 로드했습니다.
14-Jun-2026 20:46:06.587 정보 [main] org.apache.catalina.core.AprLifecycleListener.lifecycleEvent APR 용량정보들: IPv6 [true], sendfile [true], accept filters [false], random [true], UDS [true].
14-Jun-2026 20:46:06.587 정보 [main] org.apache.catalina.core.AprLifecycleListener.lifecycleEvent APR/OpenSSL 설정: useAprConnector [false], useOpenSSL [true]
14-Jun-2026 20:46:06.592 정보 [main] org.apache.catalina.core.AprLifecycleListener.initializeSSL OpenSSL이 성공적으로 초기화되었습니다: [OpenSSL 3.0.19 27 Jan 2026]
14-Jun-2026 20:46:06.722 정보 [main] org.apache.coyote.AbstractProtocol.init 프로토콜 핸들러 ["http-nio-8080"]을(를) 초기화합니다.
14-Jun-2026 20:46:06.732 정보 [main] org.apache.catalina.startup.Catalina.load [248] 밀리초 내에 서버가 초기화되었습니다.
14-Jun-2026 20:46:06.750 정보 [main] org.apache.catalina.core.StandardService.startInternal 서비스 [Catalina]을(를) 시작합니다.
14-Jun-2026 20:46:06.750 정보 [main] org.apache.catalina.core.StandardEngine.startInternal 서버 엔진을 시작합니다: [Apache Tomcat/9.0.118]
14-Jun-2026 20:46:06.755 정보 [main] org.apache.catalina.startup.HostConfig.deployDescriptor 배치 descriptor [C:\dev\workspace\java_crud\conf\Catalina\localhost\ROOT.xml]을(를) 배치합니다.
14-Jun-2026 20:46:06.786 경고 [main] org.apache.catalina.webresources.DirResourceSet.initInternal Disabled the global canonical file name cache to protect against CVE-2024-56337 when starting the WebResourceSet at [C:\dev\workspace\java_crud\target\classes] which is part of the web application []
14-Jun-2026 20:46:07.792 정보 [main] org.apache.jasper.servlet.TldScanner.scanJars 적어도 하나의 JAR가 TLD들을 찾기 위해 스캔되었으나 아무 것도 찾지 못했습니다. 스캔했으나 TLD가 없는 JAR들의 전체 목록을 보시려면, 로그 레벨을 디버그 레벨로 설정하십시오. 스캔 과정에서 불필요한 JAR들을 건너뛰면, 시스템 시작 시간과 JSP 컴파일 시간을 단축시킬 수 있습니다.
14-Jun-2026 20:46:09.053 정보 [main] org.apache.catalina.startup.HostConfig.deployDescriptor 배치 descriptor [C:\dev\workspace\java_crud\conf\Catalina\localhost\ROOT.xml]의 배치가 [2,296] 밀리초 내에 완료되었습니다.
14-Jun-2026 20:46:09.056 정보 [main] org.apache.coyote.AbstractProtocol.start 프로토콜 핸들러 ["http-nio-8080"]을(를) 시작합니다.
14-Jun-2026 20:46:09.065 정보 [main] org.apache.catalina.startup.Catalina.start 서버가 [2333] 밀리초 내에 시작되었습니다.
14-Jun-2026 22:52:38.606 정보 [Thread-2] org.apache.coyote.AbstractProtocol.pause 프로토콜 핸들러 ["http-nio-8080"]을(를) 일시 정지 중
14-Jun-2026 22:52:38.653 정보 [Thread-2] org.apache.catalina.core.StandardService.stopInternal 서비스 [Catalina]을(를) 중지시킵니다.
14-Jun-2026 22:52:38.672 경고 [Thread-2] org.apache.catalina.loader.WebappClassLoaderBase.clearReferencesJdbc 웹 애플리케이션 [ROOT]이(가) JDBC 드라이버 [org.mariadb.jdbc.Driver]을(를) 등록했지만, 웹 애플리케이션이 중지될 때, 해당 JDBC 드라이버의 등록을 제거하지 못했습니다. 메모리 누수를 방지하기 위하여, 등록을 강제로 제거했습니다.
14-Jun-2026 22:52:38.676 정보 [Thread-2] org.apache.coyote.AbstractProtocol.stop 프로토콜 핸들러 ["http-nio-8080"]을(를) 중지시킵니다.
14-Jun-2026 22:52:38.686 정보 [Thread-2] org.apache.coyote.AbstractProtocol.destroy 프로토콜 핸들러 ["http-nio-8080"]을(를) 소멸시킵니다.
14-Jun-2026 23:01:40.320 정보 [main] org.apache.catalina.startup.VersionLoggerListener.log 서버 버전 이름:    Apache Tomcat/9.0.118
14-Jun-2026 23:01:40.324 정보 [main] org.apache.catalina.startup.VersionLoggerListener.log Server 빌드 시각:  May 1 2026 19:30:30 UTC
14-Jun-2026 23:01:40.324 정보 [main] org.apache.catalina.startup.VersionLoggerListener.log Server 버전 번호:  9.0.118.0
14-Jun-2026 23:01:40.324 정보 [main] org.apache.catalina.startup.VersionLoggerListener.log 운영체제 이름:     Windows 11
14-Jun-2026 23:01:40.324 정보 [main] org.apache.catalina.startup.VersionLoggerListener.log 운영체제 버전:     10.0
14-Jun-2026 23:01:40.324 정보 [main] org.apache.catalina.startup.VersionLoggerListener.log 아키텍처:          amd64
14-Jun-2026 23:01:40.324 정보 [main] org.apache.catalina.startup.VersionLoggerListener.log 자바 홈:           C:\Users\User\.jdks\corretto-1.8.0_492\jre
14-Jun-2026 23:01:40.324 정보 [main] org.apache.catalina.startup.VersionLoggerListener.log JVM 버전:          1.8.0_492-b09
14-Jun-2026 23:01:40.324 정보 [main] org.apache.catalina.startup.VersionLoggerListener.log JVM 벤더:          Amazon.com Inc.
14-Jun-2026 23:01:40.324 정보 [main] org.apache.catalina.startup.VersionLoggerListener.log CATALINA_BASE:     C:\dev\workspace\java_crud
14-Jun-2026 23:01:40.324 정보 [main] org.apache.catalina.startup.VersionLoggerListener.log CATALINA_HOME:     C:\apache-tomcat-9.0.118
14-Jun-2026 23:01:40.325 정보 [main] org.apache.catalina.startup.VersionLoggerListener.log 명령 행 아규먼트:  -Dcatalina.home=C:\apache-tomcat-9.0.118
14-Jun-2026 23:01:40.325 정보 [main] org.apache.catalina.startup.VersionLoggerListener.log 명령 행 아규먼트:  -Dcatalina.base=C:\dev\workspace\java_crud
14-Jun-2026 23:01:40.326 정보 [main] org.apache.catalina.startup.VersionLoggerListener.log 명령 행 아규먼트:  -Djava.io.tmpdir=C:\dev\workspace\java_crud\temp
14-Jun-2026 23:01:40.326 정보 [main] org.apache.catalina.startup.VersionLoggerListener.log 명령 행 아규먼트:  -Djava.util.logging.config.file=C:\dev\workspace\java_crud\conf\logging.properties
14-Jun-2026 23:01:40.326 정보 [main] org.apache.catalina.startup.VersionLoggerListener.log 명령 행 아규먼트:  -Djava.util.logging.manager=org.apache.juli.ClassLoaderLogManager
14-Jun-2026 23:01:40.326 정보 [main] org.apache.catalina.startup.VersionLoggerListener.log 명령 행 아규먼트:  -javaagent:C:\Program Files\JetBrains\IntelliJ IDEA 2025.3.2\lib\idea_rt.jar=56621
14-Jun-2026 23:01:40.326 정보 [main] org.apache.catalina.startup.VersionLoggerListener.log 명령 행 아규먼트:  -Dfile.encoding=UTF-8
14-Jun-2026 23:01:40.330 정보 [main] org.apache.catalina.core.AprLifecycleListener.lifecycleEvent APR 버전 [1.7.6]을(를) 사용한, APR 기반 Apache Tomcat Native 라이브러리 [1.3.7]을(를) 로드했습니다.
14-Jun-2026 23:01:40.330 정보 [main] org.apache.catalina.core.AprLifecycleListener.lifecycleEvent APR 용량정보들: IPv6 [true], sendfile [true], accept filters [false], random [true], UDS [true].
14-Jun-2026 23:01:40.330 정보 [main] org.apache.catalina.core.AprLifecycleListener.lifecycleEvent APR/OpenSSL 설정: useAprConnector [false], useOpenSSL [true]
14-Jun-2026 23:01:40.334 정보 [main] org.apache.catalina.core.AprLifecycleListener.initializeSSL OpenSSL이 성공적으로 초기화되었습니다: [OpenSSL 3.0.19 27 Jan 2026]
14-Jun-2026 23:01:40.494 정보 [main] org.apache.coyote.AbstractProtocol.init 프로토콜 핸들러 ["http-nio-8080"]을(를) 초기화합니다.
14-Jun-2026 23:01:40.502 정보 [main] org.apache.catalina.startup.Catalina.load [306] 밀리초 내에 서버가 초기화되었습니다.
14-Jun-2026 23:01:40.527 정보 [main] org.apache.catalina.core.StandardService.startInternal 서비스 [Catalina]을(를) 시작합니다.
14-Jun-2026 23:01:40.527 정보 [main] org.apache.catalina.core.StandardEngine.startInternal 서버 엔진을 시작합니다: [Apache Tomcat/9.0.118]
14-Jun-2026 23:01:40.533 정보 [main] org.apache.catalina.startup.HostConfig.deployDescriptor 배치 descriptor [C:\dev\workspace\java_crud\conf\Catalina\localhost\ROOT.xml]을(를) 배치합니다.
14-Jun-2026 23:01:40.561 경고 [main] org.apache.catalina.webresources.DirResourceSet.initInternal Disabled the global canonical file name cache to protect against CVE-2024-56337 when starting the WebResourceSet at [C:\dev\workspace\java_crud\target\classes] which is part of the web application []
14-Jun-2026 23:01:41.625 정보 [main] org.apache.jasper.servlet.TldScanner.scanJars 적어도 하나의 JAR가 TLD들을 찾기 위해 스캔되었으나 아무 것도 찾지 못했습니다. 스캔했으나 TLD가 없는 JAR들의 전체 목록을 보시려면, 로그 레벨을 디버그 레벨로 설정하십시오. 스캔 과정에서 불필요한 JAR들을 건너뛰면, 시스템 시작 시간과 JSP 컴파일 시간을 단축시킬 수 있습니다.
14-Jun-2026 23:01:42.888 정보 [main] org.apache.catalina.startup.HostConfig.deployDescriptor 배치 descriptor [C:\dev\workspace\java_crud\conf\Catalina\localhost\ROOT.xml]의 배치가 [2,353] 밀리초 내에 완료되었습니다.
14-Jun-2026 23:01:42.890 정보 [main] org.apache.coyote.AbstractProtocol.start 프로토콜 핸들러 ["http-nio-8080"]을(를) 시작합니다.
14-Jun-2026 23:01:42.899 정보 [main] org.apache.catalina.startup.Catalina.start 서버가 [2396] 밀리초 내에 시작되었습니다.
14-Jun-2026 23:04:28.794 정보 [Thread-2] org.apache.coyote.AbstractProtocol.pause 프로토콜 핸들러 ["http-nio-8080"]을(를) 일시 정지 중
14-Jun-2026 23:04:28.838 정보 [Thread-2] org.apache.catalina.core.StandardService.stopInternal 서비스 [Catalina]을(를) 중지시킵니다.
14-Jun-2026 23:04:28.852 경고 [Thread-2] org.apache.catalina.loader.WebappClassLoaderBase.clearReferencesJdbc 웹 애플리케이션 [ROOT]이(가) JDBC 드라이버 [org.mariadb.jdbc.Driver]을(를) 등록했지만, 웹 애플리케이션이 중지될 때, 해당 JDBC 드라이버의 등록을 제거하지 못했습니다. 메모리 누수를 방지하기 위하여, 등록을 강제로 제거했습니다.
14-Jun-2026 23:04:28.854 정보 [Thread-2] org.apache.coyote.AbstractProtocol.stop 프로토콜 핸들러 ["http-nio-8080"]을(를) 중지시킵니다.
14-Jun-2026 23:04:28.875 정보 [Thread-2] org.apache.coyote.AbstractProtocol.destroy 프로토콜 핸들러 ["http-nio-8080"]을(를) 소멸시킵니다.
14-Jun-2026 23:08:43.147 정보 [main] org.apache.catalina.startup.VersionLoggerListener.log 서버 버전 이름:    Apache Tomcat/9.0.118
14-Jun-2026 23:08:43.150 정보 [main] org.apache.catalina.startup.VersionLoggerListener.log Server 빌드 시각:  May 1 2026 19:30:30 UTC
14-Jun-2026 23:08:43.150 정보 [main] org.apache.catalina.startup.VersionLoggerListener.log Server 버전 번호:  9.0.118.0
14-Jun-2026 23:08:43.150 정보 [main] org.apache.catalina.startup.VersionLoggerListener.log 운영체제 이름:     Windows 11
14-Jun-2026 23:08:43.150 정보 [main] org.apache.catalina.startup.VersionLoggerListener.log 운영체제 버전:     10.0
14-Jun-2026 23:08:43.150 정보 [main] org.apache.catalina.startup.VersionLoggerListener.log 아키텍처:          amd64
14-Jun-2026 23:08:43.150 정보 [main] org.apache.catalina.startup.VersionLoggerListener.log 자바 홈:           C:\Users\User\.jdks\corretto-1.8.0_492\jre
14-Jun-2026 23:08:43.150 정보 [main] org.apache.catalina.startup.VersionLoggerListener.log JVM 버전:          1.8.0_492-b09
14-Jun-2026 23:08:43.150 정보 [main] org.apache.catalina.startup.VersionLoggerListener.log JVM 벤더:          Amazon.com Inc.
14-Jun-2026 23:08:43.150 정보 [main] org.apache.catalina.startup.VersionLoggerListener.log CATALINA_BASE:     C:\dev\workspace\java_crud
14-Jun-2026 23:08:43.150 정보 [main] org.apache.catalina.startup.VersionLoggerListener.log CATALINA_HOME:     C:\apache-tomcat-9.0.118
14-Jun-2026 23:08:43.151 정보 [main] org.apache.catalina.startup.VersionLoggerListener.log 명령 행 아규먼트:  -Dcatalina.home=C:\apache-tomcat-9.0.118
14-Jun-2026 23:08:43.151 정보 [main] org.apache.catalina.startup.VersionLoggerListener.log 명령 행 아규먼트:  -Dcatalina.base=C:\dev\workspace\java_crud
14-Jun-2026 23:08:43.151 정보 [main] org.apache.catalina.startup.VersionLoggerListener.log 명령 행 아규먼트:  -Djava.io.tmpdir=C:\dev\workspace\java_crud\temp
14-Jun-2026 23:08:43.151 정보 [main] org.apache.catalina.startup.VersionLoggerListener.log 명령 행 아규먼트:  -Djava.util.logging.config.file=C:\dev\workspace\java_crud\conf\logging.properties
14-Jun-2026 23:08:43.151 정보 [main] org.apache.catalina.startup.VersionLoggerListener.log 명령 행 아규먼트:  -Djava.util.logging.manager=org.apache.juli.ClassLoaderLogManager
14-Jun-2026 23:08:43.151 정보 [main] org.apache.catalina.startup.VersionLoggerListener.log 명령 행 아규먼트:  -javaagent:C:\Program Files\JetBrains\IntelliJ IDEA 2025.3.2\lib\idea_rt.jar=62595
14-Jun-2026 23:08:43.151 정보 [main] org.apache.catalina.startup.VersionLoggerListener.log 명령 행 아규먼트:  -Dfile.encoding=UTF-8
14-Jun-2026 23:08:43.156 정보 [main] org.apache.catalina.core.AprLifecycleListener.lifecycleEvent APR 버전 [1.7.6]을(를) 사용한, APR 기반 Apache Tomcat Native 라이브러리 [1.3.7]을(를) 로드했습니다.
14-Jun-2026 23:08:43.156 정보 [main] org.apache.catalina.core.AprLifecycleListener.lifecycleEvent APR 용량정보들: IPv6 [true], sendfile [true], accept filters [false], random [true], UDS [true].
14-Jun-2026 23:08:43.156 정보 [main] org.apache.catalina.core.AprLifecycleListener.lifecycleEvent APR/OpenSSL 설정: useAprConnector [false], useOpenSSL [true]
14-Jun-2026 23:08:43.160 정보 [main] org.apache.catalina.core.AprLifecycleListener.initializeSSL OpenSSL이 성공적으로 초기화되었습니다: [OpenSSL 3.0.19 27 Jan 2026]
14-Jun-2026 23:08:43.306 정보 [main] org.apache.coyote.AbstractProtocol.init 프로토콜 핸들러 ["http-nio-8080"]을(를) 초기화합니다.
14-Jun-2026 23:08:43.315 정보 [main] org.apache.catalina.startup.Catalina.load [271] 밀리초 내에 서버가 초기화되었습니다.
14-Jun-2026 23:08:43.335 정보 [main] org.apache.catalina.core.StandardService.startInternal 서비스 [Catalina]을(를) 시작합니다.
14-Jun-2026 23:08:43.335 정보 [main] org.apache.catalina.core.StandardEngine.startInternal 서버 엔진을 시작합니다: [Apache Tomcat/9.0.118]
14-Jun-2026 23:08:43.341 정보 [main] org.apache.catalina.startup.HostConfig.deployDescriptor 배치 descriptor [C:\dev\workspace\java_crud\conf\Catalina\localhost\ROOT.xml]을(를) 배치합니다.
14-Jun-2026 23:08:43.372 경고 [main] org.apache.catalina.webresources.DirResourceSet.initInternal Disabled the global canonical file name cache to protect against CVE-2024-56337 when starting the WebResourceSet at [C:\dev\workspace\java_crud\target\classes] which is part of the web application []
14-Jun-2026 23:08:44.460 정보 [main] org.apache.jasper.servlet.TldScanner.scanJars 적어도 하나의 JAR가 TLD들을 찾기 위해 스캔되었으나 아무 것도 찾지 못했습니다. 스캔했으나 TLD가 없는 JAR들의 전체 목록을 보시려면, 로그 레벨을 디버그 레벨로 설정하십시오. 스캔 과정에서 불필요한 JAR들을 건너뛰면, 시스템 시작 시간과 JSP 컴파일 시간을 단축시킬 수 있습니다.
14-Jun-2026 23:08:45.719 정보 [main] org.apache.catalina.startup.HostConfig.deployDescriptor 배치 descriptor [C:\dev\workspace\java_crud\conf\Catalina\localhost\ROOT.xml]의 배치가 [2,377] 밀리초 내에 완료되었습니다.
14-Jun-2026 23:08:45.721 정보 [main] org.apache.coyote.AbstractProtocol.start 프로토콜 핸들러 ["http-nio-8080"]을(를) 시작합니다.
14-Jun-2026 23:08:45.729 정보 [main] org.apache.catalina.startup.Catalina.start 서버가 [2414] 밀리초 내에 시작되었습니다.
14-Jun-2026 23:14:16.495 정보 [Thread-2] org.apache.coyote.AbstractProtocol.pause 프로토콜 핸들러 ["http-nio-8080"]을(를) 일시 정지 중
14-Jun-2026 23:14:16.538 정보 [Thread-2] org.apache.catalina.core.StandardService.stopInternal 서비스 [Catalina]을(를) 중지시킵니다.
14-Jun-2026 23:14:16.549 경고 [Thread-2] org.apache.catalina.loader.WebappClassLoaderBase.clearReferencesJdbc 웹 애플리케이션 [ROOT]이(가) JDBC 드라이버 [org.mariadb.jdbc.Driver]을(를) 등록했지만, 웹 애플리케이션이 중지될 때, 해당 JDBC 드라이버의 등록을 제거하지 못했습니다. 메모리 누수를 방지하기 위하여, 등록을 강제로 제거했습니다.
14-Jun-2026 23:14:16.552 정보 [Thread-2] org.apache.coyote.AbstractProtocol.stop 프로토콜 핸들러 ["http-nio-8080"]을(를) 중지시킵니다.
14-Jun-2026 23:14:16.563 정보 [Thread-2] org.apache.coyote.AbstractProtocol.destroy 프로토콜 핸들러 ["http-nio-8080"]을(를) 소멸시킵니다.
14-Jun-2026 23:14:19.453 정보 [main] org.apache.catalina.startup.VersionLoggerListener.log 서버 버전 이름:    Apache Tomcat/9.0.118
14-Jun-2026 23:14:19.456 정보 [main] org.apache.catalina.startup.VersionLoggerListener.log Server 빌드 시각:  May 1 2026 19:30:30 UTC
14-Jun-2026 23:14:19.456 정보 [main] org.apache.catalina.startup.VersionLoggerListener.log Server 버전 번호:  9.0.118.0
14-Jun-2026 23:14:19.456 정보 [main] org.apache.catalina.startup.VersionLoggerListener.log 운영체제 이름:     Windows 11
14-Jun-2026 23:14:19.456 정보 [main] org.apache.catalina.startup.VersionLoggerListener.log 운영체제 버전:     10.0
14-Jun-2026 23:14:19.456 정보 [main] org.apache.catalina.startup.VersionLoggerListener.log 아키텍처:          amd64
14-Jun-2026 23:14:19.456 정보 [main] org.apache.catalina.startup.VersionLoggerListener.log 자바 홈:           C:\Users\User\.jdks\corretto-1.8.0_492\jre
14-Jun-2026 23:14:19.456 정보 [main] org.apache.catalina.startup.VersionLoggerListener.log JVM 버전:          1.8.0_492-b09
14-Jun-2026 23:14:19.456 정보 [main] org.apache.catalina.startup.VersionLoggerListener.log JVM 벤더:          Amazon.com Inc.
14-Jun-2026 23:14:19.456 정보 [main] org.apache.catalina.startup.VersionLoggerListener.log CATALINA_BASE:     C:\dev\workspace\java_crud
14-Jun-2026 23:14:19.456 정보 [main] org.apache.catalina.startup.VersionLoggerListener.log CATALINA_HOME:     C:\apache-tomcat-9.0.118
14-Jun-2026 23:14:19.457 정보 [main] org.apache.catalina.startup.VersionLoggerListener.log 명령 행 아규먼트:  -Dcatalina.home=C:\apache-tomcat-9.0.118
14-Jun-2026 23:14:19.457 정보 [main] org.apache.catalina.startup.VersionLoggerListener.log 명령 행 아규먼트:  -Dcatalina.base=C:\dev\workspace\java_crud
14-Jun-2026 23:14:19.457 정보 [main] org.apache.catalina.startup.VersionLoggerListener.log 명령 행 아규먼트:  -Djava.io.tmpdir=C:\dev\workspace\java_crud\temp
14-Jun-2026 23:14:19.457 정보 [main] org.apache.catalina.startup.VersionLoggerListener.log 명령 행 아규먼트:  -Djava.util.logging.config.file=C:\dev\workspace\java_crud\conf\logging.properties
14-Jun-2026 23:14:19.457 정보 [main] org.apache.catalina.startup.VersionLoggerListener.log 명령 행 아규먼트:  -Djava.util.logging.manager=org.apache.juli.ClassLoaderLogManager
14-Jun-2026 23:14:19.457 정보 [main] org.apache.catalina.startup.VersionLoggerListener.log 명령 행 아규먼트:  -javaagent:C:\Program Files\JetBrains\IntelliJ IDEA 2025.3.2\lib\idea_rt.jar=64368
14-Jun-2026 23:14:19.457 정보 [main] org.apache.catalina.startup.VersionLoggerListener.log 명령 행 아규먼트:  -Dfile.encoding=UTF-8
14-Jun-2026 23:14:19.460 정보 [main] org.apache.catalina.core.AprLifecycleListener.lifecycleEvent APR 버전 [1.7.6]을(를) 사용한, APR 기반 Apache Tomcat Native 라이브러리 [1.3.7]을(를) 로드했습니다.
14-Jun-2026 23:14:19.460 정보 [main] org.apache.catalina.core.AprLifecycleListener.lifecycleEvent APR 용량정보들: IPv6 [true], sendfile [true], accept filters [false], random [true], UDS [true].
14-Jun-2026 23:14:19.460 정보 [main] org.apache.catalina.core.AprLifecycleListener.lifecycleEvent APR/OpenSSL 설정: useAprConnector [false], useOpenSSL [true]
14-Jun-2026 23:14:19.465 정보 [main] org.apache.catalina.core.AprLifecycleListener.initializeSSL OpenSSL이 성공적으로 초기화되었습니다: [OpenSSL 3.0.19 27 Jan 2026]
14-Jun-2026 23:14:19.597 정보 [main] org.apache.coyote.AbstractProtocol.init 프로토콜 핸들러 ["http-nio-8080"]을(를) 초기화합니다.
14-Jun-2026 23:14:19.607 정보 [main] org.apache.catalina.startup.Catalina.load [261] 밀리초 내에 서버가 초기화되었습니다.
14-Jun-2026 23:14:19.626 정보 [main] org.apache.catalina.core.StandardService.startInternal 서비스 [Catalina]을(를) 시작합니다.
14-Jun-2026 23:14:19.626 정보 [main] org.apache.catalina.core.StandardEngine.startInternal 서버 엔진을 시작합니다: [Apache Tomcat/9.0.118]
14-Jun-2026 23:14:19.634 정보 [main] org.apache.catalina.startup.HostConfig.deployDescriptor 배치 descriptor [C:\dev\workspace\java_crud\conf\Catalina\localhost\ROOT.xml]을(를) 배치합니다.
14-Jun-2026 23:14:19.664 경고 [main] org.apache.catalina.webresources.DirResourceSet.initInternal Disabled the global canonical file name cache to protect against CVE-2024-56337 when starting the WebResourceSet at [C:\dev\workspace\java_crud\target\classes] which is part of the web application []
14-Jun-2026 23:14:20.691 정보 [main] org.apache.jasper.servlet.TldScanner.scanJars 적어도 하나의 JAR가 TLD들을 찾기 위해 스캔되었으나 아무 것도 찾지 못했습니다. 스캔했으나 TLD가 없는 JAR들의 전체 목록을 보시려면, 로그 레벨을 디버그 레벨로 설정하십시오. 스캔 과정에서 불필요한 JAR들을 건너뛰면, 시스템 시작 시간과 JSP 컴파일 시간을 단축시킬 수 있습니다.
14-Jun-2026 23:14:21.911 정보 [main] org.apache.catalina.startup.HostConfig.deployDescriptor 배치 descriptor [C:\dev\workspace\java_crud\conf\Catalina\localhost\ROOT.xml]의 배치가 [2,276] 밀리초 내에 완료되었습니다.
14-Jun-2026 23:14:21.913 정보 [main] org.apache.coyote.AbstractProtocol.start 프로토콜 핸들러 ["http-nio-8080"]을(를) 시작합니다.
14-Jun-2026 23:14:21.921 정보 [main] org.apache.catalina.startup.Catalina.start 서버가 [2314] 밀리초 내에 시작되었습니다.
14-Jun-2026 23:19:12.712 정보 [Thread-2] org.apache.coyote.AbstractProtocol.pause 프로토콜 핸들러 ["http-nio-8080"]을(를) 일시 정지 중
14-Jun-2026 23:19:12.756 정보 [Thread-2] org.apache.catalina.core.StandardService.stopInternal 서비스 [Catalina]을(를) 중지시킵니다.
14-Jun-2026 23:19:12.766 경고 [Thread-2] org.apache.catalina.loader.WebappClassLoaderBase.clearReferencesJdbc 웹 애플리케이션 [ROOT]이(가) JDBC 드라이버 [org.mariadb.jdbc.Driver]을(를) 등록했지만, 웹 애플리케이션이 중지될 때, 해당 JDBC 드라이버의 등록을 제거하지 못했습니다. 메모리 누수를 방지하기 위하여, 등록을 강제로 제거했습니다.
14-Jun-2026 23:19:12.768 정보 [Thread-2] org.apache.coyote.AbstractProtocol.stop 프로토콜 핸들러 ["http-nio-8080"]을(를) 중지시킵니다.
14-Jun-2026 23:19:12.780 정보 [Thread-2] org.apache.coyote.AbstractProtocol.destroy 프로토콜 핸들러 ["http-nio-8080"]을(를) 소멸시킵니다.
14-Jun-2026 23:19:16.029 정보 [main] org.apache.catalina.startup.VersionLoggerListener.log 서버 버전 이름:    Apache Tomcat/9.0.118
14-Jun-2026 23:19:16.032 정보 [main] org.apache.catalina.startup.VersionLoggerListener.log Server 빌드 시각:  May 1 2026 19:30:30 UTC
14-Jun-2026 23:19:16.032 정보 [main] org.apache.catalina.startup.VersionLoggerListener.log Server 버전 번호:  9.0.118.0
14-Jun-2026 23:19:16.032 정보 [main] org.apache.catalina.startup.VersionLoggerListener.log 운영체제 이름:     Windows 11
14-Jun-2026 23:19:16.032 정보 [main] org.apache.catalina.startup.VersionLoggerListener.log 운영체제 버전:     10.0
14-Jun-2026 23:19:16.032 정보 [main] org.apache.catalina.startup.VersionLoggerListener.log 아키텍처:          amd64
14-Jun-2026 23:19:16.032 정보 [main] org.apache.catalina.startup.VersionLoggerListener.log 자바 홈:           C:\Users\User\.jdks\corretto-1.8.0_492\jre
14-Jun-2026 23:19:16.032 정보 [main] org.apache.catalina.startup.VersionLoggerListener.log JVM 버전:          1.8.0_492-b09
14-Jun-2026 23:19:16.032 정보 [main] org.apache.catalina.startup.VersionLoggerListener.log JVM 벤더:          Amazon.com Inc.
14-Jun-2026 23:19:16.032 정보 [main] org.apache.catalina.startup.VersionLoggerListener.log CATALINA_BASE:     C:\dev\workspace\java_crud
14-Jun-2026 23:19:16.032 정보 [main] org.apache.catalina.startup.VersionLoggerListener.log CATALINA_HOME:     C:\apache-tomcat-9.0.118
14-Jun-2026 23:19:16.033 정보 [main] org.apache.catalina.startup.VersionLoggerListener.log 명령 행 아규먼트:  -Dcatalina.home=C:\apache-tomcat-9.0.118
14-Jun-2026 23:19:16.033 정보 [main] org.apache.catalina.startup.VersionLoggerListener.log 명령 행 아규먼트:  -Dcatalina.base=C:\dev\workspace\java_crud
14-Jun-2026 23:19:16.033 정보 [main] org.apache.catalina.startup.VersionLoggerListener.log 명령 행 아규먼트:  -Djava.io.tmpdir=C:\dev\workspace\java_crud\temp
14-Jun-2026 23:19:16.033 정보 [main] org.apache.catalina.startup.VersionLoggerListener.log 명령 행 아규먼트:  -Djava.util.logging.config.file=C:\dev\workspace\java_crud\conf\logging.properties
14-Jun-2026 23:19:16.033 정보 [main] org.apache.catalina.startup.VersionLoggerListener.log 명령 행 아규먼트:  -Djava.util.logging.manager=org.apache.juli.ClassLoaderLogManager
14-Jun-2026 23:19:16.033 정보 [main] org.apache.catalina.startup.VersionLoggerListener.log 명령 행 아규먼트:  -javaagent:C:\Program Files\JetBrains\IntelliJ IDEA 2025.3.2\lib\idea_rt.jar=55277
14-Jun-2026 23:19:16.033 정보 [main] org.apache.catalina.startup.VersionLoggerListener.log 명령 행 아규먼트:  -Dfile.encoding=UTF-8
14-Jun-2026 23:19:16.036 정보 [main] org.apache.catalina.core.AprLifecycleListener.lifecycleEvent APR 버전 [1.7.6]을(를) 사용한, APR 기반 Apache Tomcat Native 라이브러리 [1.3.7]을(를) 로드했습니다.
14-Jun-2026 23:19:16.036 정보 [main] org.apache.catalina.core.AprLifecycleListener.lifecycleEvent APR 용량정보들: IPv6 [true], sendfile [true], accept filters [false], random [true], UDS [true].
14-Jun-2026 23:19:16.036 정보 [main] org.apache.catalina.core.AprLifecycleListener.lifecycleEvent APR/OpenSSL 설정: useAprConnector [false], useOpenSSL [true]
14-Jun-2026 23:19:16.041 정보 [main] org.apache.catalina.core.AprLifecycleListener.initializeSSL OpenSSL이 성공적으로 초기화되었습니다: [OpenSSL 3.0.19 27 Jan 2026]
14-Jun-2026 23:19:16.171 정보 [main] org.apache.coyote.AbstractProtocol.init 프로토콜 핸들러 ["http-nio-8080"]을(를) 초기화합니다.
14-Jun-2026 23:19:16.180 정보 [main] org.apache.catalina.startup.Catalina.load [249] 밀리초 내에 서버가 초기화되었습니다.
14-Jun-2026 23:19:16.198 정보 [main] org.apache.catalina.core.StandardService.startInternal 서비스 [Catalina]을(를) 시작합니다.
14-Jun-2026 23:19:16.198 정보 [main] org.apache.catalina.core.StandardEngine.startInternal 서버 엔진을 시작합니다: [Apache Tomcat/9.0.118]
14-Jun-2026 23:19:16.204 정보 [main] org.apache.catalina.startup.HostConfig.deployDescriptor 배치 descriptor [C:\dev\workspace\java_crud\conf\Catalina\localhost\ROOT.xml]을(를) 배치합니다.
14-Jun-2026 23:19:16.231 경고 [main] org.apache.catalina.webresources.DirResourceSet.initInternal Disabled the global canonical file name cache to protect against CVE-2024-56337 when starting the WebResourceSet at [C:\dev\workspace\java_crud\target\classes] which is part of the web application []
14-Jun-2026 23:19:17.261 정보 [main] org.apache.jasper.servlet.TldScanner.scanJars 적어도 하나의 JAR가 TLD들을 찾기 위해 스캔되었으나 아무 것도 찾지 못했습니다. 스캔했으나 TLD가 없는 JAR들의 전체 목록을 보시려면, 로그 레벨을 디버그 레벨로 설정하십시오. 스캔 과정에서 불필요한 JAR들을 건너뛰면, 시스템 시작 시간과 JSP 컴파일 시간을 단축시킬 수 있습니다.
14-Jun-2026 23:19:18.529 정보 [main] org.apache.catalina.startup.HostConfig.deployDescriptor 배치 descriptor [C:\dev\workspace\java_crud\conf\Catalina\localhost\ROOT.xml]의 배치가 [2,324] 밀리초 내에 완료되었습니다.
14-Jun-2026 23:19:18.531 정보 [main] org.apache.coyote.AbstractProtocol.start 프로토콜 핸들러 ["http-nio-8080"]을(를) 시작합니다.
14-Jun-2026 23:19:18.541 정보 [main] org.apache.catalina.startup.Catalina.start 서버가 [2360] 밀리초 내에 시작되었습니다.
14-Jun-2026 23:22:50.117 정보 [Thread-2] org.apache.coyote.AbstractProtocol.pause 프로토콜 핸들러 ["http-nio-8080"]을(를) 일시 정지 중
14-Jun-2026 23:22:50.160 정보 [Thread-2] org.apache.catalina.core.StandardService.stopInternal 서비스 [Catalina]을(를) 중지시킵니다.
14-Jun-2026 23:22:50.170 경고 [Thread-2] org.apache.catalina.loader.WebappClassLoaderBase.clearReferencesJdbc 웹 애플리케이션 [ROOT]이(가) JDBC 드라이버 [org.mariadb.jdbc.Driver]을(를) 등록했지만, 웹 애플리케이션이 중지될 때, 해당 JDBC 드라이버의 등록을 제거하지 못했습니다. 메모리 누수를 방지하기 위하여, 등록을 강제로 제거했습니다.
14-Jun-2026 23:22:50.172 정보 [Thread-2] org.apache.coyote.AbstractProtocol.stop 프로토콜 핸들러 ["http-nio-8080"]을(를) 중지시킵니다.
14-Jun-2026 23:22:50.183 정보 [Thread-2] org.apache.coyote.AbstractProtocol.destroy 프로토콜 핸들러 ["http-nio-8080"]을(를) 소멸시킵니다.
14-Jun-2026 23:22:55.228 정보 [main] org.apache.catalina.startup.VersionLoggerListener.log 서버 버전 이름:    Apache Tomcat/9.0.118
14-Jun-2026 23:22:55.230 정보 [main] org.apache.catalina.startup.VersionLoggerListener.log Server 빌드 시각:  May 1 2026 19:30:30 UTC
14-Jun-2026 23:22:55.230 정보 [main] org.apache.catalina.startup.VersionLoggerListener.log Server 버전 번호:  9.0.118.0
14-Jun-2026 23:22:55.230 정보 [main] org.apache.catalina.startup.VersionLoggerListener.log 운영체제 이름:     Windows 11
14-Jun-2026 23:22:55.230 정보 [main] org.apache.catalina.startup.VersionLoggerListener.log 운영체제 버전:     10.0
14-Jun-2026 23:22:55.230 정보 [main] org.apache.catalina.startup.VersionLoggerListener.log 아키텍처:          amd64
14-Jun-2026 23:22:55.231 정보 [main] org.apache.catalina.startup.VersionLoggerListener.log 자바 홈:           C:\Users\User\.jdks\corretto-1.8.0_492\jre
14-Jun-2026 23:22:55.231 정보 [main] org.apache.catalina.startup.VersionLoggerListener.log JVM 버전:          1.8.0_492-b09
14-Jun-2026 23:22:55.231 정보 [main] org.apache.catalina.startup.VersionLoggerListener.log JVM 벤더:          Amazon.com Inc.
14-Jun-2026 23:22:55.231 정보 [main] org.apache.catalina.startup.VersionLoggerListener.log CATALINA_BASE:     C:\dev\workspace\java_crud
14-Jun-2026 23:22:55.231 정보 [main] org.apache.catalina.startup.VersionLoggerListener.log CATALINA_HOME:     C:\apache-tomcat-9.0.118
14-Jun-2026 23:22:55.232 정보 [main] org.apache.catalina.startup.VersionLoggerListener.log 명령 행 아규먼트:  -Dcatalina.home=C:\apache-tomcat-9.0.118
14-Jun-2026 23:22:55.232 정보 [main] org.apache.catalina.startup.VersionLoggerListener.log 명령 행 아규먼트:  -Dcatalina.base=C:\dev\workspace\java_crud
14-Jun-2026 23:22:55.232 정보 [main] org.apache.catalina.startup.VersionLoggerListener.log 명령 행 아규먼트:  -Djava.io.tmpdir=C:\dev\workspace\java_crud\temp
14-Jun-2026 23:22:55.232 정보 [main] org.apache.catalina.startup.VersionLoggerListener.log 명령 행 아규먼트:  -Djava.util.logging.config.file=C:\dev\workspace\java_crud\conf\logging.properties
14-Jun-2026 23:22:55.232 정보 [main] org.apache.catalina.startup.VersionLoggerListener.log 명령 행 아규먼트:  -Djava.util.logging.manager=org.apache.juli.ClassLoaderLogManager
14-Jun-2026 23:22:55.232 정보 [main] org.apache.catalina.startup.VersionLoggerListener.log 명령 행 아규먼트:  -javaagent:C:\Program Files\JetBrains\IntelliJ IDEA 2025.3.2\lib\idea_rt.jar=54082
14-Jun-2026 23:22:55.232 정보 [main] org.apache.catalina.startup.VersionLoggerListener.log 명령 행 아규먼트:  -Dfile.encoding=UTF-8
14-Jun-2026 23:22:55.236 정보 [main] org.apache.catalina.core.AprLifecycleListener.lifecycleEvent APR 버전 [1.7.6]을(를) 사용한, APR 기반 Apache Tomcat Native 라이브러리 [1.3.7]을(를) 로드했습니다.
14-Jun-2026 23:22:55.236 정보 [main] org.apache.catalina.core.AprLifecycleListener.lifecycleEvent APR 용량정보들: IPv6 [true], sendfile [true], accept filters [false], random [true], UDS [true].
14-Jun-2026 23:22:55.237 정보 [main] org.apache.catalina.core.AprLifecycleListener.lifecycleEvent APR/OpenSSL 설정: useAprConnector [false], useOpenSSL [true]
14-Jun-2026 23:22:55.240 정보 [main] org.apache.catalina.core.AprLifecycleListener.initializeSSL OpenSSL이 성공적으로 초기화되었습니다: [OpenSSL 3.0.19 27 Jan 2026]
14-Jun-2026 23:22:55.373 정보 [main] org.apache.coyote.AbstractProtocol.init 프로토콜 핸들러 ["http-nio-8080"]을(를) 초기화합니다.
14-Jun-2026 23:22:55.382 정보 [main] org.apache.catalina.startup.Catalina.load [253] 밀리초 내에 서버가 초기화되었습니다.
14-Jun-2026 23:22:55.400 정보 [main] org.apache.catalina.core.StandardService.startInternal 서비스 [Catalina]을(를) 시작합니다.
14-Jun-2026 23:22:55.401 정보 [main] org.apache.catalina.core.StandardEngine.startInternal 서버 엔진을 시작합니다: [Apache Tomcat/9.0.118]
14-Jun-2026 23:22:55.406 정보 [main] org.apache.catalina.startup.HostConfig.deployDescriptor 배치 descriptor [C:\dev\workspace\java_crud\conf\Catalina\localhost\ROOT.xml]을(를) 배치합니다.
14-Jun-2026 23:22:55.431 경고 [main] org.apache.catalina.webresources.DirResourceSet.initInternal Disabled the global canonical file name cache to protect against CVE-2024-56337 when starting the WebResourceSet at [C:\dev\workspace\java_crud\target\classes] which is part of the web application []
14-Jun-2026 23:22:56.445 정보 [main] org.apache.jasper.servlet.TldScanner.scanJars 적어도 하나의 JAR가 TLD들을 찾기 위해 스캔되었으나 아무 것도 찾지 못했습니다. 스캔했으나 TLD가 없는 JAR들의 전체 목록을 보시려면, 로그 레벨을 디버그 레벨로 설정하십시오. 스캔 과정에서 불필요한 JAR들을 건너뛰면, 시스템 시작 시간과 JSP 컴파일 시간을 단축시킬 수 있습니다.
14-Jun-2026 23:22:57.805 정보 [main] org.apache.catalina.startup.HostConfig.deployDescriptor 배치 descriptor [C:\dev\workspace\java_crud\conf\Catalina\localhost\ROOT.xml]의 배치가 [2,398] 밀리초 내에 완료되었습니다.
14-Jun-2026 23:22:57.807 정보 [main] org.apache.coyote.AbstractProtocol.start 프로토콜 핸들러 ["http-nio-8080"]을(를) 시작합니다.
14-Jun-2026 23:22:57.815 정보 [main] org.apache.catalina.startup.Catalina.start 서버가 [2433] 밀리초 내에 시작되었습니다.
14-Jun-2026 23:24:28.353 정보 [Thread-2] org.apache.coyote.AbstractProtocol.pause 프로토콜 핸들러 ["http-nio-8080"]을(를) 일시 정지 중
14-Jun-2026 23:24:28.399 정보 [Thread-2] org.apache.catalina.core.StandardService.stopInternal 서비스 [Catalina]을(를) 중지시킵니다.
14-Jun-2026 23:24:28.408 경고 [Thread-2] org.apache.catalina.loader.WebappClassLoaderBase.clearReferencesJdbc 웹 애플리케이션 [ROOT]이(가) JDBC 드라이버 [org.mariadb.jdbc.Driver]을(를) 등록했지만, 웹 애플리케이션이 중지될 때, 해당 JDBC 드라이버의 등록을 제거하지 못했습니다. 메모리 누수를 방지하기 위하여, 등록을 강제로 제거했습니다.
14-Jun-2026 23:24:28.410 정보 [Thread-2] org.apache.coyote.AbstractProtocol.stop 프로토콜 핸들러 ["http-nio-8080"]을(를) 중지시킵니다.
14-Jun-2026 23:24:28.427 정보 [Thread-2] org.apache.coyote.AbstractProtocol.destroy 프로토콜 핸들러 ["http-nio-8080"]을(를) 소멸시킵니다.
14-Jun-2026 23:24:31.345 정보 [main] org.apache.catalina.startup.VersionLoggerListener.log 서버 버전 이름:    Apache Tomcat/9.0.118
14-Jun-2026 23:24:31.347 정보 [main] org.apache.catalina.startup.VersionLoggerListener.log Server 빌드 시각:  May 1 2026 19:30:30 UTC
14-Jun-2026 23:24:31.347 정보 [main] org.apache.catalina.startup.VersionLoggerListener.log Server 버전 번호:  9.0.118.0
14-Jun-2026 23:24:31.348 정보 [main] org.apache.catalina.startup.VersionLoggerListener.log 운영체제 이름:     Windows 11
14-Jun-2026 23:24:31.348 정보 [main] org.apache.catalina.startup.VersionLoggerListener.log 운영체제 버전:     10.0
14-Jun-2026 23:24:31.348 정보 [main] org.apache.catalina.startup.VersionLoggerListener.log 아키텍처:          amd64
14-Jun-2026 23:24:31.348 정보 [main] org.apache.catalina.startup.VersionLoggerListener.log 자바 홈:           C:\Users\User\.jdks\corretto-1.8.0_492\jre
14-Jun-2026 23:24:31.348 정보 [main] org.apache.catalina.startup.VersionLoggerListener.log JVM 버전:          1.8.0_492-b09
14-Jun-2026 23:24:31.348 정보 [main] org.apache.catalina.startup.VersionLoggerListener.log JVM 벤더:          Amazon.com Inc.
14-Jun-2026 23:24:31.348 정보 [main] org.apache.catalina.startup.VersionLoggerListener.log CATALINA_BASE:     C:\dev\workspace\java_crud
14-Jun-2026 23:24:31.348 정보 [main] org.apache.catalina.startup.VersionLoggerListener.log CATALINA_HOME:     C:\apache-tomcat-9.0.118
14-Jun-2026 23:24:31.349 정보 [main] org.apache.catalina.startup.VersionLoggerListener.log 명령 행 아규먼트:  -Dcatalina.home=C:\apache-tomcat-9.0.118
14-Jun-2026 23:24:31.349 정보 [main] org.apache.catalina.startup.VersionLoggerListener.log 명령 행 아규먼트:  -Dcatalina.base=C:\dev\workspace\java_crud
14-Jun-2026 23:24:31.349 정보 [main] org.apache.catalina.startup.VersionLoggerListener.log 명령 행 아규먼트:  -Djava.io.tmpdir=C:\dev\workspace\java_crud\temp
14-Jun-2026 23:24:31.349 정보 [main] org.apache.catalina.startup.VersionLoggerListener.log 명령 행 아규먼트:  -Djava.util.logging.config.file=C:\dev\workspace\java_crud\conf\logging.properties
14-Jun-2026 23:24:31.349 정보 [main] org.apache.catalina.startup.VersionLoggerListener.log 명령 행 아규먼트:  -Djava.util.logging.manager=org.apache.juli.ClassLoaderLogManager
14-Jun-2026 23:24:31.349 정보 [main] org.apache.catalina.startup.VersionLoggerListener.log 명령 행 아규먼트:  -javaagent:C:\Program Files\JetBrains\IntelliJ IDEA 2025.3.2\lib\idea_rt.jar=61356
14-Jun-2026 23:24:31.349 정보 [main] org.apache.catalina.startup.VersionLoggerListener.log 명령 행 아규먼트:  -Dfile.encoding=UTF-8
14-Jun-2026 23:24:31.351 정보 [main] org.apache.catalina.core.AprLifecycleListener.lifecycleEvent APR 버전 [1.7.6]을(를) 사용한, APR 기반 Apache Tomcat Native 라이브러리 [1.3.7]을(를) 로드했습니다.
14-Jun-2026 23:24:31.352 정보 [main] org.apache.catalina.core.AprLifecycleListener.lifecycleEvent APR 용량정보들: IPv6 [true], sendfile [true], accept filters [false], random [true], UDS [true].
14-Jun-2026 23:24:31.352 정보 [main] org.apache.catalina.core.AprLifecycleListener.lifecycleEvent APR/OpenSSL 설정: useAprConnector [false], useOpenSSL [true]
14-Jun-2026 23:24:31.356 정보 [main] org.apache.catalina.core.AprLifecycleListener.initializeSSL OpenSSL이 성공적으로 초기화되었습니다: [OpenSSL 3.0.19 27 Jan 2026]
14-Jun-2026 23:24:31.485 정보 [main] org.apache.coyote.AbstractProtocol.init 프로토콜 핸들러 ["http-nio-8080"]을(를) 초기화합니다.
14-Jun-2026 23:24:31.493 정보 [main] org.apache.catalina.startup.Catalina.load [248] 밀리초 내에 서버가 초기화되었습니다.
14-Jun-2026 23:24:31.511 정보 [main] org.apache.catalina.core.StandardService.startInternal 서비스 [Catalina]을(를) 시작합니다.
14-Jun-2026 23:24:31.511 정보 [main] org.apache.catalina.core.StandardEngine.startInternal 서버 엔진을 시작합니다: [Apache Tomcat/9.0.118]
14-Jun-2026 23:24:31.517 정보 [main] org.apache.catalina.startup.HostConfig.deployDescriptor 배치 descriptor [C:\dev\workspace\java_crud\conf\Catalina\localhost\ROOT.xml]을(를) 배치합니다.
14-Jun-2026 23:24:31.546 경고 [main] org.apache.catalina.webresources.DirResourceSet.initInternal Disabled the global canonical file name cache to protect against CVE-2024-56337 when starting the WebResourceSet at [C:\dev\workspace\java_crud\target\classes] which is part of the web application []
14-Jun-2026 23:24:32.561 정보 [main] org.apache.jasper.servlet.TldScanner.scanJars 적어도 하나의 JAR가 TLD들을 찾기 위해 스캔되었으나 아무 것도 찾지 못했습니다. 스캔했으나 TLD가 없는 JAR들의 전체 목록을 보시려면, 로그 레벨을 디버그 레벨로 설정하십시오. 스캔 과정에서 불필요한 JAR들을 건너뛰면, 시스템 시작 시간과 JSP 컴파일 시간을 단축시킬 수 있습니다.
14-Jun-2026 23:24:33.804 정보 [main] org.apache.catalina.startup.HostConfig.deployDescriptor 배치 descriptor [C:\dev\workspace\java_crud\conf\Catalina\localhost\ROOT.xml]의 배치가 [2,287] 밀리초 내에 완료되었습니다.
14-Jun-2026 23:24:33.807 정보 [main] org.apache.coyote.AbstractProtocol.start 프로토콜 핸들러 ["http-nio-8080"]을(를) 시작합니다.
14-Jun-2026 23:24:33.816 정보 [main] org.apache.catalina.startup.Catalina.start 서버가 [2321] 밀리초 내에 시작되었습니다.
14-Jun-2026 23:28:11.829 정보 [Thread-2] org.apache.coyote.AbstractProtocol.pause 프로토콜 핸들러 ["http-nio-8080"]을(를) 일시 정지 중
14-Jun-2026 23:28:11.872 정보 [Thread-2] org.apache.catalina.core.StandardService.stopInternal 서비스 [Catalina]을(를) 중지시킵니다.
14-Jun-2026 23:28:11.881 경고 [Thread-2] org.apache.catalina.loader.WebappClassLoaderBase.clearReferencesJdbc 웹 애플리케이션 [ROOT]이(가) JDBC 드라이버 [org.mariadb.jdbc.Driver]을(를) 등록했지만, 웹 애플리케이션이 중지될 때, 해당 JDBC 드라이버의 등록을 제거하지 못했습니다. 메모리 누수를 방지하기 위하여, 등록을 강제로 제거했습니다.
14-Jun-2026 23:28:11.884 정보 [Thread-2] org.apache.coyote.AbstractProtocol.stop 프로토콜 핸들러 ["http-nio-8080"]을(를) 중지시킵니다.
14-Jun-2026 23:28:11.902 정보 [Thread-2] org.apache.coyote.AbstractProtocol.destroy 프로토콜 핸들러 ["http-nio-8080"]을(를) 소멸시킵니다.
14-Jun-2026 23:28:13.703 정보 [main] org.apache.catalina.startup.VersionLoggerListener.log 서버 버전 이름:    Apache Tomcat/9.0.118
14-Jun-2026 23:28:13.705 정보 [main] org.apache.catalina.startup.VersionLoggerListener.log Server 빌드 시각:  May 1 2026 19:30:30 UTC
14-Jun-2026 23:28:13.705 정보 [main] org.apache.catalina.startup.VersionLoggerListener.log Server 버전 번호:  9.0.118.0
14-Jun-2026 23:28:13.705 정보 [main] org.apache.catalina.startup.VersionLoggerListener.log 운영체제 이름:     Windows 11
14-Jun-2026 23:28:13.705 정보 [main] org.apache.catalina.startup.VersionLoggerListener.log 운영체제 버전:     10.0
14-Jun-2026 23:28:13.705 정보 [main] org.apache.catalina.startup.VersionLoggerListener.log 아키텍처:          amd64
14-Jun-2026 23:28:13.705 정보 [main] org.apache.catalina.startup.VersionLoggerListener.log 자바 홈:           C:\Users\User\.jdks\corretto-1.8.0_492\jre
14-Jun-2026 23:28:13.705 정보 [main] org.apache.catalina.startup.VersionLoggerListener.log JVM 버전:          1.8.0_492-b09
14-Jun-2026 23:28:13.705 정보 [main] org.apache.catalina.startup.VersionLoggerListener.log JVM 벤더:          Amazon.com Inc.
14-Jun-2026 23:28:13.705 정보 [main] org.apache.catalina.startup.VersionLoggerListener.log CATALINA_BASE:     C:\dev\workspace\java_crud
14-Jun-2026 23:28:13.705 정보 [main] org.apache.catalina.startup.VersionLoggerListener.log CATALINA_HOME:     C:\apache-tomcat-9.0.118
14-Jun-2026 23:28:13.707 정보 [main] org.apache.catalina.startup.VersionLoggerListener.log 명령 행 아규먼트:  -Dcatalina.home=C:\apache-tomcat-9.0.118
14-Jun-2026 23:28:13.707 정보 [main] org.apache.catalina.startup.VersionLoggerListener.log 명령 행 아규먼트:  -Dcatalina.base=C:\dev\workspace\java_crud
14-Jun-2026 23:28:13.707 정보 [main] org.apache.catalina.startup.VersionLoggerListener.log 명령 행 아규먼트:  -Djava.io.tmpdir=C:\dev\workspace\java_crud\temp
14-Jun-2026 23:28:13.707 정보 [main] org.apache.catalina.startup.VersionLoggerListener.log 명령 행 아규먼트:  -Djava.util.logging.config.file=C:\dev\workspace\java_crud\conf\logging.properties
14-Jun-2026 23:28:13.707 정보 [main] org.apache.catalina.startup.VersionLoggerListener.log 명령 행 아규먼트:  -Djava.util.logging.manager=org.apache.juli.ClassLoaderLogManager
14-Jun-2026 23:28:13.707 정보 [main] org.apache.catalina.startup.VersionLoggerListener.log 명령 행 아규먼트:  -javaagent:C:\Program Files\JetBrains\IntelliJ IDEA 2025.3.2\lib\idea_rt.jar=56032
14-Jun-2026 23:28:13.707 정보 [main] org.apache.catalina.startup.VersionLoggerListener.log 명령 행 아규먼트:  -Dfile.encoding=UTF-8
14-Jun-2026 23:28:13.710 정보 [main] org.apache.catalina.core.AprLifecycleListener.lifecycleEvent APR 버전 [1.7.6]을(를) 사용한, APR 기반 Apache Tomcat Native 라이브러리 [1.3.7]을(를) 로드했습니다.
14-Jun-2026 23:28:13.710 정보 [main] org.apache.catalina.core.AprLifecycleListener.lifecycleEvent APR 용량정보들: IPv6 [true], sendfile [true], accept filters [false], random [true], UDS [true].
14-Jun-2026 23:28:13.710 정보 [main] org.apache.catalina.core.AprLifecycleListener.lifecycleEvent APR/OpenSSL 설정: useAprConnector [false], useOpenSSL [true]
14-Jun-2026 23:28:13.715 정보 [main] org.apache.catalina.core.AprLifecycleListener.initializeSSL OpenSSL이 성공적으로 초기화되었습니다: [OpenSSL 3.0.19 27 Jan 2026]
14-Jun-2026 23:28:13.844 정보 [main] org.apache.coyote.AbstractProtocol.init 프로토콜 핸들러 ["http-nio-8080"]을(를) 초기화합니다.
14-Jun-2026 23:28:13.853 정보 [main] org.apache.catalina.startup.Catalina.load [256] 밀리초 내에 서버가 초기화되었습니다.
14-Jun-2026 23:28:13.871 정보 [main] org.apache.catalina.core.StandardService.startInternal 서비스 [Catalina]을(를) 시작합니다.
14-Jun-2026 23:28:13.871 정보 [main] org.apache.catalina.core.StandardEngine.startInternal 서버 엔진을 시작합니다: [Apache Tomcat/9.0.118]
14-Jun-2026 23:28:13.876 정보 [main] org.apache.catalina.startup.HostConfig.deployDescriptor 배치 descriptor [C:\dev\workspace\java_crud\conf\Catalina\localhost\ROOT.xml]을(를) 배치합니다.
14-Jun-2026 23:28:13.904 경고 [main] org.apache.catalina.webresources.DirResourceSet.initInternal Disabled the global canonical file name cache to protect against CVE-2024-56337 when starting the WebResourceSet at [C:\dev\workspace\java_crud\target\classes] which is part of the web application []
14-Jun-2026 23:28:14.931 정보 [main] org.apache.jasper.servlet.TldScanner.scanJars 적어도 하나의 JAR가 TLD들을 찾기 위해 스캔되었으나 아무 것도 찾지 못했습니다. 스캔했으나 TLD가 없는 JAR들의 전체 목록을 보시려면, 로그 레벨을 디버그 레벨로 설정하십시오. 스캔 과정에서 불필요한 JAR들을 건너뛰면, 시스템 시작 시간과 JSP 컴파일 시간을 단축시킬 수 있습니다.
14-Jun-2026 23:28:16.234 정보 [main] org.apache.catalina.startup.HostConfig.deployDescriptor 배치 descriptor [C:\dev\workspace\java_crud\conf\Catalina\localhost\ROOT.xml]의 배치가 [2,357] 밀리초 내에 완료되었습니다.
14-Jun-2026 23:28:16.237 정보 [main] org.apache.coyote.AbstractProtocol.start 프로토콜 핸들러 ["http-nio-8080"]을(를) 시작합니다.
14-Jun-2026 23:28:16.246 정보 [main] org.apache.catalina.startup.Catalina.start 서버가 [2392] 밀리초 내에 시작되었습니다.
14-Jun-2026 23:31:09.510 정보 [Thread-2] org.apache.coyote.AbstractProtocol.pause 프로토콜 핸들러 ["http-nio-8080"]을(를) 일시 정지 중
14-Jun-2026 23:31:09.554 정보 [Thread-2] org.apache.catalina.core.StandardService.stopInternal 서비스 [Catalina]을(를) 중지시킵니다.
14-Jun-2026 23:31:09.563 경고 [Thread-2] org.apache.catalina.loader.WebappClassLoaderBase.clearReferencesJdbc 웹 애플리케이션 [ROOT]이(가) JDBC 드라이버 [org.mariadb.jdbc.Driver]을(를) 등록했지만, 웹 애플리케이션이 중지될 때, 해당 JDBC 드라이버의 등록을 제거하지 못했습니다. 메모리 누수를 방지하기 위하여, 등록을 강제로 제거했습니다.
14-Jun-2026 23:31:09.565 정보 [Thread-2] org.apache.coyote.AbstractProtocol.stop 프로토콜 핸들러 ["http-nio-8080"]을(를) 중지시킵니다.
14-Jun-2026 23:31:09.584 정보 [Thread-2] org.apache.coyote.AbstractProtocol.destroy 프로토콜 핸들러 ["http-nio-8080"]을(를) 소멸시킵니다.
