10-Jun-2026 00:06:57.545 정보 [main] org.apache.catalina.core.ApplicationContext.log No Spring WebApplicationInitializer types detected on classpath
10-Jun-2026 00:06:57.720 정보 [main] org.apache.catalina.core.ApplicationContext.log Initializing Spring DispatcherServlet 'dispatcher'
10-Jun-2026 00:06:58.402 심각 [main] org.apache.catalina.core.ApplicationContext.log 서블릿 [dispatcher]을(를) 위한 Servlet.init() 호출이 예외를 발생시켰습니다.
	org.springframework.beans.factory.BeanCreationException: Error creating bean with name 'sqlSessionFactory' defined in ServletContext resource [/WEB-INF/dispatcher-servlet.xml]: Initialization of bean failed; nested exception is org.springframework.beans.TypeMismatchException: Failed to convert property value of type 'java.lang.String' to required type 'org.springframework.core.io.Resource[]' for property 'mapperLocations'; nested exception is java.lang.IllegalArgumentException: Could not resolve resource location pattern [classpath:mappers/*.xml]: class path resource [mappers/] cannot be resolved to URL because it does not exist
		at org.springframework.beans.factory.support.AbstractAutowireCapableBeanFactory.doCreateBean(AbstractAutowireCapableBeanFactory.java:628)
		at org.springframework.beans.factory.support.AbstractAutowireCapableBeanFactory.createBean(AbstractAutowireCapableBeanFactory.java:542)
		at org.springframework.beans.factory.support.AbstractBeanFactory.lambda$doGetBean$0(AbstractBeanFactory.java:336)
		at org.springframework.beans.factory.support.DefaultSingletonBeanRegistry.getSingleton(DefaultSingletonBeanRegistry.java:234)
		at org.springframework.beans.factory.support.AbstractBeanFactory.doGetBean(AbstractBeanFactory.java:334)
		at org.springframework.beans.factory.support.AbstractBeanFactory.getBean(AbstractBeanFactory.java:209)
		at org.springframework.beans.factory.support.DefaultListableBeanFactory.preInstantiateSingletons(DefaultListableBeanFactory.java:936)
		at org.springframework.context.support.AbstractApplicationContext.finishBeanFactoryInitialization(AbstractApplicationContext.java:932)
		at org.springframework.context.support.AbstractApplicationContext.refresh(AbstractApplicationContext.java:591)
		at org.springframework.web.servlet.FrameworkServlet.configureAndRefreshWebApplicationContext(FrameworkServlet.java:702)
		at org.springframework.web.servlet.FrameworkServlet.createWebApplicationContext(FrameworkServlet.java:668)
		at org.springframework.web.servlet.FrameworkServlet.createWebApplicationContext(FrameworkServlet.java:716)
		at org.springframework.web.servlet.FrameworkServlet.initWebApplicationContext(FrameworkServlet.java:591)
		at org.springframework.web.servlet.FrameworkServlet.initServletBean(FrameworkServlet.java:530)
		at org.springframework.web.servlet.HttpServletBean.init(HttpServletBean.java:170)
		at javax.servlet.GenericServlet.init(GenericServlet.java:143)
		at org.apache.catalina.core.StandardWrapper.initServlet(StandardWrapper.java:986)
		at org.apache.catalina.core.StandardWrapper.loadServlet(StandardWrapper.java:943)
		at org.apache.catalina.core.StandardWrapper.load(StandardWrapper.java:840)
		at org.apache.catalina.core.StandardContext.loadOnStartup(StandardContext.java:4226)
		at org.apache.catalina.core.StandardContext.startInternal(StandardContext.java:4527)
		at org.apache.catalina.util.LifecycleBase.start(LifecycleBase.java:164)
		at org.apache.catalina.core.ContainerBase.addChildInternal(ContainerBase.java:597)
		at org.apache.catalina.core.ContainerBase.addChild(ContainerBase.java:569)
		at org.apache.catalina.core.StandardHost.addChild(StandardHost.java:608)
		at org.apache.catalina.startup.HostConfig.deployDescriptor(HostConfig.java:677)
		at org.apache.catalina.startup.HostConfig$DeployDescriptor.run(HostConfig.java:1836)
		at java.util.concurrent.Executors$RunnableAdapter.call(Executors.java:511)
		at java.util.concurrent.FutureTask.run(FutureTask.java:266)
		at org.apache.tomcat.util.threads.InlineExecutorService.execute(InlineExecutorService.java:82)
		at java.util.concurrent.AbstractExecutorService.submit(AbstractExecutorService.java:112)
		at org.apache.catalina.startup.HostConfig.deployDescriptors(HostConfig.java:572)
		at org.apache.catalina.startup.HostConfig.deployApps(HostConfig.java:463)
		at org.apache.catalina.startup.HostConfig.start(HostConfig.java:1576)
		at org.apache.catalina.startup.HostConfig.lifecycleEvent(HostConfig.java:309)
		at org.apache.catalina.util.LifecycleBase.fireLifecycleEvent(LifecycleBase.java:109)
		at org.apache.catalina.util.LifecycleBase.setStateInternal(LifecycleBase.java:389)
		at org.apache.catalina.util.LifecycleBase.setState(LifecycleBase.java:336)
		at org.apache.catalina.core.ContainerBase.startInternal(ContainerBase.java:774)
		at org.apache.catalina.core.StandardHost.startInternal(StandardHost.java:726)
		at org.apache.catalina.util.LifecycleBase.start(LifecycleBase.java:164)
		at org.apache.catalina.core.ContainerBase$StartChild.call(ContainerBase.java:1201)
		at org.apache.catalina.core.ContainerBase$StartChild.call(ContainerBase.java:1191)
		at java.util.concurrent.FutureTask.run(FutureTask.java:266)
		at org.apache.tomcat.util.threads.InlineExecutorService.execute(InlineExecutorService.java:82)
		at java.util.concurrent.AbstractExecutorService.submit(AbstractExecutorService.java:134)
		at org.apache.catalina.core.ContainerBase.startInternal(ContainerBase.java:747)
		at org.apache.catalina.core.StandardEngine.startInternal(StandardEngine.java:209)
		at org.apache.catalina.util.LifecycleBase.start(LifecycleBase.java:164)
		at org.apache.catalina.core.StandardService.startInternal(StandardService.java:410)
		at org.apache.catalina.util.LifecycleBase.start(LifecycleBase.java:164)
		at org.apache.catalina.core.StandardServer.startInternal(StandardServer.java:872)
		at org.apache.catalina.util.LifecycleBase.start(LifecycleBase.java:164)
		at org.apache.catalina.startup.Catalina.start(Catalina.java:736)
		at sun.reflect.NativeMethodAccessorImpl.invoke0(Native Method)
		at sun.reflect.NativeMethodAccessorImpl.invoke(NativeMethodAccessorImpl.java:62)
		at sun.reflect.DelegatingMethodAccessorImpl.invoke(DelegatingMethodAccessorImpl.java:43)
		at java.lang.reflect.Method.invoke(Method.java:498)
		at org.apache.catalina.startup.Bootstrap.start(Bootstrap.java:342)
		at org.apache.catalina.startup.Bootstrap.main(Bootstrap.java:473)
	Caused by: org.springframework.beans.TypeMismatchException: Failed to convert property value of type 'java.lang.String' to required type 'org.springframework.core.io.Resource[]' for property 'mapperLocations'; nested exception is java.lang.IllegalArgumentException: Could not resolve resource location pattern [classpath:mappers/*.xml]: class path resource [mappers/] cannot be resolved to URL because it does not exist
		at org.springframework.beans.AbstractNestablePropertyAccessor.convertIfNecessary(AbstractNestablePropertyAccessor.java:600)
		at org.springframework.beans.AbstractNestablePropertyAccessor.convertForProperty(AbstractNestablePropertyAccessor.java:609)
		at org.springframework.beans.BeanWrapperImpl.convertForProperty(BeanWrapperImpl.java:219)
		at org.springframework.beans.factory.support.AbstractAutowireCapableBeanFactory.convertForProperty(AbstractAutowireCapableBeanFactory.java:1756)
		at org.springframework.beans.factory.support.AbstractAutowireCapableBeanFactory.applyPropertyValues(AbstractAutowireCapableBeanFactory.java:1712)
		at org.springframework.beans.factory.support.AbstractAutowireCapableBeanFactory.populateBean(AbstractAutowireCapableBeanFactory.java:1452)
		at org.springframework.beans.factory.support.AbstractAutowireCapableBeanFactory.doCreateBean(AbstractAutowireCapableBeanFactory.java:619)
		... 59 more
	Caused by: java.lang.IllegalArgumentException: Could not resolve resource location pattern [classpath:mappers/*.xml]: class path resource [mappers/] cannot be resolved to URL because it does not exist
		at org.springframework.core.io.support.ResourceArrayPropertyEditor.setAsText(ResourceArrayPropertyEditor.java:121)
		at org.springframework.beans.TypeConverterDelegate.doConvertTextValue(TypeConverterDelegate.java:429)
		at org.springframework.beans.TypeConverterDelegate.doConvertValue(TypeConverterDelegate.java:402)
		at org.springframework.beans.TypeConverterDelegate.convertIfNecessary(TypeConverterDelegate.java:155)
		at org.springframework.beans.AbstractNestablePropertyAccessor.convertIfNecessary(AbstractNestablePropertyAccessor.java:590)
		... 65 more
10-Jun-2026 00:06:58.402 심각 [main] org.apache.catalina.core.StandardContext.loadOnStartup 웹 애플리케이션 [] 내의 서블릿 [dispatcher]이(가) load() 예외를 발생시켰습니다.
	java.lang.IllegalArgumentException: Could not resolve resource location pattern [classpath:mappers/*.xml]: class path resource [mappers/] cannot be resolved to URL because it does not exist
		at org.springframework.core.io.support.ResourceArrayPropertyEditor.setAsText(ResourceArrayPropertyEditor.java:121)
		at org.springframework.beans.TypeConverterDelegate.doConvertTextValue(TypeConverterDelegate.java:429)
		at org.springframework.beans.TypeConverterDelegate.doConvertValue(TypeConverterDelegate.java:402)
		at org.springframework.beans.TypeConverterDelegate.convertIfNecessary(TypeConverterDelegate.java:155)
		at org.springframework.beans.AbstractNestablePropertyAccessor.convertIfNecessary(AbstractNestablePropertyAccessor.java:590)
		at org.springframework.beans.AbstractNestablePropertyAccessor.convertForProperty(AbstractNestablePropertyAccessor.java:609)
		at org.springframework.beans.BeanWrapperImpl.convertForProperty(BeanWrapperImpl.java:219)
		at org.springframework.beans.factory.support.AbstractAutowireCapableBeanFactory.convertForProperty(AbstractAutowireCapableBeanFactory.java:1756)
		at org.springframework.beans.factory.support.AbstractAutowireCapableBeanFactory.applyPropertyValues(AbstractAutowireCapableBeanFactory.java:1712)
		at org.springframework.beans.factory.support.AbstractAutowireCapableBeanFactory.populateBean(AbstractAutowireCapableBeanFactory.java:1452)
		at org.springframework.beans.factory.support.AbstractAutowireCapableBeanFactory.doCreateBean(AbstractAutowireCapableBeanFactory.java:619)
		at org.springframework.beans.factory.support.AbstractAutowireCapableBeanFactory.createBean(AbstractAutowireCapableBeanFactory.java:542)
		at org.springframework.beans.factory.support.AbstractBeanFactory.lambda$doGetBean$0(AbstractBeanFactory.java:336)
		at org.springframework.beans.factory.support.DefaultSingletonBeanRegistry.getSingleton(DefaultSingletonBeanRegistry.java:234)
		at org.springframework.beans.factory.support.AbstractBeanFactory.doGetBean(AbstractBeanFactory.java:334)
		at org.springframework.beans.factory.support.AbstractBeanFactory.getBean(AbstractBeanFactory.java:209)
		at org.springframework.beans.factory.support.DefaultListableBeanFactory.preInstantiateSingletons(DefaultListableBeanFactory.java:936)
		at org.springframework.context.support.AbstractApplicationContext.finishBeanFactoryInitialization(AbstractApplicationContext.java:932)
		at org.springframework.context.support.AbstractApplicationContext.refresh(AbstractApplicationContext.java:591)
		at org.springframework.web.servlet.FrameworkServlet.configureAndRefreshWebApplicationContext(FrameworkServlet.java:702)
		at org.springframework.web.servlet.FrameworkServlet.createWebApplicationContext(FrameworkServlet.java:668)
		at org.springframework.web.servlet.FrameworkServlet.createWebApplicationContext(FrameworkServlet.java:716)
		at org.springframework.web.servlet.FrameworkServlet.initWebApplicationContext(FrameworkServlet.java:591)
		at org.springframework.web.servlet.FrameworkServlet.initServletBean(FrameworkServlet.java:530)
		at org.springframework.web.servlet.HttpServletBean.init(HttpServletBean.java:170)
		at javax.servlet.GenericServlet.init(GenericServlet.java:143)
		at org.apache.catalina.core.StandardWrapper.initServlet(StandardWrapper.java:986)
		at org.apache.catalina.core.StandardWrapper.loadServlet(StandardWrapper.java:943)
		at org.apache.catalina.core.StandardWrapper.load(StandardWrapper.java:840)
		at org.apache.catalina.core.StandardContext.loadOnStartup(StandardContext.java:4226)
		at org.apache.catalina.core.StandardContext.startInternal(StandardContext.java:4527)
		at org.apache.catalina.util.LifecycleBase.start(LifecycleBase.java:164)
		at org.apache.catalina.core.ContainerBase.addChildInternal(ContainerBase.java:597)
		at org.apache.catalina.core.ContainerBase.addChild(ContainerBase.java:569)
		at org.apache.catalina.core.StandardHost.addChild(StandardHost.java:608)
		at org.apache.catalina.startup.HostConfig.deployDescriptor(HostConfig.java:677)
		at org.apache.catalina.startup.HostConfig$DeployDescriptor.run(HostConfig.java:1836)
		at java.util.concurrent.Executors$RunnableAdapter.call(Executors.java:511)
		at java.util.concurrent.FutureTask.run(FutureTask.java:266)
		at org.apache.tomcat.util.threads.InlineExecutorService.execute(InlineExecutorService.java:82)
		at java.util.concurrent.AbstractExecutorService.submit(AbstractExecutorService.java:112)
		at org.apache.catalina.startup.HostConfig.deployDescriptors(HostConfig.java:572)
		at org.apache.catalina.startup.HostConfig.deployApps(HostConfig.java:463)
		at org.apache.catalina.startup.HostConfig.start(HostConfig.java:1576)
		at org.apache.catalina.startup.HostConfig.lifecycleEvent(HostConfig.java:309)
		at org.apache.catalina.util.LifecycleBase.fireLifecycleEvent(LifecycleBase.java:109)
		at org.apache.catalina.util.LifecycleBase.setStateInternal(LifecycleBase.java:389)
		at org.apache.catalina.util.LifecycleBase.setState(LifecycleBase.java:336)
		at org.apache.catalina.core.ContainerBase.startInternal(ContainerBase.java:774)
		at org.apache.catalina.core.StandardHost.startInternal(StandardHost.java:726)
		at org.apache.catalina.util.LifecycleBase.start(LifecycleBase.java:164)
		at org.apache.catalina.core.ContainerBase$StartChild.call(ContainerBase.java:1201)
		at org.apache.catalina.core.ContainerBase$StartChild.call(ContainerBase.java:1191)
		at java.util.concurrent.FutureTask.run(FutureTask.java:266)
		at org.apache.tomcat.util.threads.InlineExecutorService.execute(InlineExecutorService.java:82)
		at java.util.concurrent.AbstractExecutorService.submit(AbstractExecutorService.java:134)
		at org.apache.catalina.core.ContainerBase.startInternal(ContainerBase.java:747)
		at org.apache.catalina.core.StandardEngine.startInternal(StandardEngine.java:209)
		at org.apache.catalina.util.LifecycleBase.start(LifecycleBase.java:164)
		at org.apache.catalina.core.StandardService.startInternal(StandardService.java:410)
		at org.apache.catalina.util.LifecycleBase.start(LifecycleBase.java:164)
		at org.apache.catalina.core.StandardServer.startInternal(StandardServer.java:872)
		at org.apache.catalina.util.LifecycleBase.start(LifecycleBase.java:164)
		at org.apache.catalina.startup.Catalina.start(Catalina.java:736)
		at sun.reflect.NativeMethodAccessorImpl.invoke0(Native Method)
		at sun.reflect.NativeMethodAccessorImpl.invoke(NativeMethodAccessorImpl.java:62)
		at sun.reflect.DelegatingMethodAccessorImpl.invoke(DelegatingMethodAccessorImpl.java:43)
		at java.lang.reflect.Method.invoke(Method.java:498)
		at org.apache.catalina.startup.Bootstrap.start(Bootstrap.java:342)
		at org.apache.catalina.startup.Bootstrap.main(Bootstrap.java:473)
10-Jun-2026 00:06:59.885 정보 [http-nio-8080-exec-1] org.apache.catalina.core.ApplicationContext.log Initializing Spring DispatcherServlet 'dispatcher'
10-Jun-2026 00:06:59.982 심각 [http-nio-8080-exec-1] org.apache.catalina.core.ApplicationContext.log 서블릿 [dispatcher]을(를) 위한 Servlet.init() 호출이 예외를 발생시켰습니다.
	org.springframework.beans.factory.BeanCreationException: Error creating bean with name 'sqlSessionFactory' defined in ServletContext resource [/WEB-INF/dispatcher-servlet.xml]: Initialization of bean failed; nested exception is org.springframework.beans.TypeMismatchException: Failed to convert property value of type 'java.lang.String' to required type 'org.springframework.core.io.Resource[]' for property 'mapperLocations'; nested exception is java.lang.IllegalArgumentException: Could not resolve resource location pattern [classpath:mappers/*.xml]: class path resource [mappers/] cannot be resolved to URL because it does not exist
		at org.springframework.beans.factory.support.AbstractAutowireCapableBeanFactory.doCreateBean(AbstractAutowireCapableBeanFactory.java:628)
		at org.springframework.beans.factory.support.AbstractAutowireCapableBeanFactory.createBean(AbstractAutowireCapableBeanFactory.java:542)
		at org.springframework.beans.factory.support.AbstractBeanFactory.lambda$doGetBean$0(AbstractBeanFactory.java:336)
		at org.springframework.beans.factory.support.DefaultSingletonBeanRegistry.getSingleton(DefaultSingletonBeanRegistry.java:234)
		at org.springframework.beans.factory.support.AbstractBeanFactory.doGetBean(AbstractBeanFactory.java:334)
		at org.springframework.beans.factory.support.AbstractBeanFactory.getBean(AbstractBeanFactory.java:209)
		at org.springframework.beans.factory.support.DefaultListableBeanFactory.preInstantiateSingletons(DefaultListableBeanFactory.java:936)
		at org.springframework.context.support.AbstractApplicationContext.finishBeanFactoryInitialization(AbstractApplicationContext.java:932)
		at org.springframework.context.support.AbstractApplicationContext.refresh(AbstractApplicationContext.java:591)
		at org.springframework.web.servlet.FrameworkServlet.configureAndRefreshWebApplicationContext(FrameworkServlet.java:702)
		at org.springframework.web.servlet.FrameworkServlet.createWebApplicationContext(FrameworkServlet.java:668)
		at org.springframework.web.servlet.FrameworkServlet.createWebApplicationContext(FrameworkServlet.java:716)
		at org.springframework.web.servlet.FrameworkServlet.initWebApplicationContext(FrameworkServlet.java:591)
		at org.springframework.web.servlet.FrameworkServlet.initServletBean(FrameworkServlet.java:530)
		at org.springframework.web.servlet.HttpServletBean.init(HttpServletBean.java:170)
		at javax.servlet.GenericServlet.init(GenericServlet.java:143)
		at org.apache.catalina.core.StandardWrapper.initServlet(StandardWrapper.java:986)
		at org.apache.catalina.core.StandardWrapper.loadServlet(StandardWrapper.java:943)
		at org.apache.catalina.core.StandardWrapper.allocate(StandardWrapper.java:661)
		at org.apache.catalina.core.StandardWrapperValve.invoke(StandardWrapperValve.java:114)
		at org.apache.catalina.core.StandardContextValve.invoke(StandardContextValve.java:88)
		at org.apache.catalina.authenticator.AuthenticatorBase.invoke(AuthenticatorBase.java:491)
		at org.apache.catalina.core.StandardHostValve.invoke(StandardHostValve.java:127)
		at org.apache.catalina.valves.ErrorReportValve.invoke(ErrorReportValve.java:83)
		at org.apache.catalina.valves.AbstractAccessLogValve.invoke(AbstractAccessLogValve.java:764)
		at org.apache.catalina.core.StandardEngineValve.invoke(StandardEngineValve.java:72)
		at org.apache.catalina.connector.CoyoteAdapter.service(CoyoteAdapter.java:344)
		at org.apache.coyote.http11.Http11Processor.service(Http11Processor.java:398)
		at org.apache.coyote.AbstractProcessorLight.process(AbstractProcessorLight.java:63)
		at org.apache.coyote.AbstractProtocol$ConnectionHandler.process(AbstractProtocol.java:1309)
		at org.apache.tomcat.util.net.NioEndpoint$SocketProcessor.doRun(NioEndpoint.java:1854)
		at org.apache.tomcat.util.net.SocketProcessorBase.run(SocketProcessorBase.java:52)
		at org.apache.tomcat.util.threads.ThreadPoolExecutor.runWorker(ThreadPoolExecutor.java:973)
		at org.apache.tomcat.util.threads.ThreadPoolExecutor$Worker.run(ThreadPoolExecutor.java:491)
		at org.apache.tomcat.util.threads.TaskThread$WrappingRunnable.run(TaskThread.java:63)
		at java.lang.Thread.run(Thread.java:750)
	Caused by: org.springframework.beans.TypeMismatchException: Failed to convert property value of type 'java.lang.String' to required type 'org.springframework.core.io.Resource[]' for property 'mapperLocations'; nested exception is java.lang.IllegalArgumentException: Could not resolve resource location pattern [classpath:mappers/*.xml]: class path resource [mappers/] cannot be resolved to URL because it does not exist
		at org.springframework.beans.AbstractNestablePropertyAccessor.convertIfNecessary(AbstractNestablePropertyAccessor.java:600)
		at org.springframework.beans.AbstractNestablePropertyAccessor.convertForProperty(AbstractNestablePropertyAccessor.java:609)
		at org.springframework.beans.BeanWrapperImpl.convertForProperty(BeanWrapperImpl.java:219)
		at org.springframework.beans.factory.support.AbstractAutowireCapableBeanFactory.convertForProperty(AbstractAutowireCapableBeanFactory.java:1756)
		at org.springframework.beans.factory.support.AbstractAutowireCapableBeanFactory.applyPropertyValues(AbstractAutowireCapableBeanFactory.java:1712)
		at org.springframework.beans.factory.support.AbstractAutowireCapableBeanFactory.populateBean(AbstractAutowireCapableBeanFactory.java:1452)
		at org.springframework.beans.factory.support.AbstractAutowireCapableBeanFactory.doCreateBean(AbstractAutowireCapableBeanFactory.java:619)
		... 35 more
	Caused by: java.lang.IllegalArgumentException: Could not resolve resource location pattern [classpath:mappers/*.xml]: class path resource [mappers/] cannot be resolved to URL because it does not exist
		at org.springframework.core.io.support.ResourceArrayPropertyEditor.setAsText(ResourceArrayPropertyEditor.java:121)
		at org.springframework.beans.TypeConverterDelegate.doConvertTextValue(TypeConverterDelegate.java:429)
		at org.springframework.beans.TypeConverterDelegate.doConvertValue(TypeConverterDelegate.java:402)
		at org.springframework.beans.TypeConverterDelegate.convertIfNecessary(TypeConverterDelegate.java:155)
		at org.springframework.beans.AbstractNestablePropertyAccessor.convertIfNecessary(AbstractNestablePropertyAccessor.java:590)
		... 41 more
10-Jun-2026 00:06:59.982 심각 [http-nio-8080-exec-1] org.apache.catalina.core.StandardWrapperValve.invoke 서블릿 [dispatcher]을(를) 위해 할당하던 중 예외 발생
	java.lang.IllegalArgumentException: Could not resolve resource location pattern [classpath:mappers/*.xml]: class path resource [mappers/] cannot be resolved to URL because it does not exist
		at org.springframework.core.io.support.ResourceArrayPropertyEditor.setAsText(ResourceArrayPropertyEditor.java:121)
		at org.springframework.beans.TypeConverterDelegate.doConvertTextValue(TypeConverterDelegate.java:429)
		at org.springframework.beans.TypeConverterDelegate.doConvertValue(TypeConverterDelegate.java:402)
		at org.springframework.beans.TypeConverterDelegate.convertIfNecessary(TypeConverterDelegate.java:155)
		at org.springframework.beans.AbstractNestablePropertyAccessor.convertIfNecessary(AbstractNestablePropertyAccessor.java:590)
		at org.springframework.beans.AbstractNestablePropertyAccessor.convertForProperty(AbstractNestablePropertyAccessor.java:609)
		at org.springframework.beans.BeanWrapperImpl.convertForProperty(BeanWrapperImpl.java:219)
		at org.springframework.beans.factory.support.AbstractAutowireCapableBeanFactory.convertForProperty(AbstractAutowireCapableBeanFactory.java:1756)
		at org.springframework.beans.factory.support.AbstractAutowireCapableBeanFactory.applyPropertyValues(AbstractAutowireCapableBeanFactory.java:1712)
		at org.springframework.beans.factory.support.AbstractAutowireCapableBeanFactory.populateBean(AbstractAutowireCapableBeanFactory.java:1452)
		at org.springframework.beans.factory.support.AbstractAutowireCapableBeanFactory.doCreateBean(AbstractAutowireCapableBeanFactory.java:619)
		at org.springframework.beans.factory.support.AbstractAutowireCapableBeanFactory.createBean(AbstractAutowireCapableBeanFactory.java:542)
		at org.springframework.beans.factory.support.AbstractBeanFactory.lambda$doGetBean$0(AbstractBeanFactory.java:336)
		at org.springframework.beans.factory.support.DefaultSingletonBeanRegistry.getSingleton(DefaultSingletonBeanRegistry.java:234)
		at org.springframework.beans.factory.support.AbstractBeanFactory.doGetBean(AbstractBeanFactory.java:334)
		at org.springframework.beans.factory.support.AbstractBeanFactory.getBean(AbstractBeanFactory.java:209)
		at org.springframework.beans.factory.support.DefaultListableBeanFactory.preInstantiateSingletons(DefaultListableBeanFactory.java:936)
		at org.springframework.context.support.AbstractApplicationContext.finishBeanFactoryInitialization(AbstractApplicationContext.java:932)
		at org.springframework.context.support.AbstractApplicationContext.refresh(AbstractApplicationContext.java:591)
		at org.springframework.web.servlet.FrameworkServlet.configureAndRefreshWebApplicationContext(FrameworkServlet.java:702)
		at org.springframework.web.servlet.FrameworkServlet.createWebApplicationContext(FrameworkServlet.java:668)
		at org.springframework.web.servlet.FrameworkServlet.createWebApplicationContext(FrameworkServlet.java:716)
		at org.springframework.web.servlet.FrameworkServlet.initWebApplicationContext(FrameworkServlet.java:591)
		at org.springframework.web.servlet.FrameworkServlet.initServletBean(FrameworkServlet.java:530)
		at org.springframework.web.servlet.HttpServletBean.init(HttpServletBean.java:170)
		at javax.servlet.GenericServlet.init(GenericServlet.java:143)
		at org.apache.catalina.core.StandardWrapper.initServlet(StandardWrapper.java:986)
		at org.apache.catalina.core.StandardWrapper.loadServlet(StandardWrapper.java:943)
		at org.apache.catalina.core.StandardWrapper.allocate(StandardWrapper.java:661)
		at org.apache.catalina.core.StandardWrapperValve.invoke(StandardWrapperValve.java:114)
		at org.apache.catalina.core.StandardContextValve.invoke(StandardContextValve.java:88)
		at org.apache.catalina.authenticator.AuthenticatorBase.invoke(AuthenticatorBase.java:491)
		at org.apache.catalina.core.StandardHostValve.invoke(StandardHostValve.java:127)
		at org.apache.catalina.valves.ErrorReportValve.invoke(ErrorReportValve.java:83)
		at org.apache.catalina.valves.AbstractAccessLogValve.invoke(AbstractAccessLogValve.java:764)
		at org.apache.catalina.core.StandardEngineValve.invoke(StandardEngineValve.java:72)
		at org.apache.catalina.connector.CoyoteAdapter.service(CoyoteAdapter.java:344)
		at org.apache.coyote.http11.Http11Processor.service(Http11Processor.java:398)
		at org.apache.coyote.AbstractProcessorLight.process(AbstractProcessorLight.java:63)
		at org.apache.coyote.AbstractProtocol$ConnectionHandler.process(AbstractProtocol.java:1309)
		at org.apache.tomcat.util.net.NioEndpoint$SocketProcessor.doRun(NioEndpoint.java:1854)
		at org.apache.tomcat.util.net.SocketProcessorBase.run(SocketProcessorBase.java:52)
		at org.apache.tomcat.util.threads.ThreadPoolExecutor.runWorker(ThreadPoolExecutor.java:973)
		at org.apache.tomcat.util.threads.ThreadPoolExecutor$Worker.run(ThreadPoolExecutor.java:491)
		at org.apache.tomcat.util.threads.TaskThread$WrappingRunnable.run(TaskThread.java:63)
		at java.lang.Thread.run(Thread.java:750)
10-Jun-2026 00:07:00.062 정보 [http-nio-8080-exec-2] org.apache.catalina.core.ApplicationContext.log Initializing Spring DispatcherServlet 'dispatcher'
10-Jun-2026 00:07:00.165 심각 [http-nio-8080-exec-2] org.apache.catalina.core.ApplicationContext.log 서블릿 [dispatcher]을(를) 위한 Servlet.init() 호출이 예외를 발생시켰습니다.
	org.springframework.beans.factory.BeanCreationException: Error creating bean with name 'sqlSessionFactory' defined in ServletContext resource [/WEB-INF/dispatcher-servlet.xml]: Initialization of bean failed; nested exception is org.springframework.beans.TypeMismatchException: Failed to convert property value of type 'java.lang.String' to required type 'org.springframework.core.io.Resource[]' for property 'mapperLocations'; nested exception is java.lang.IllegalArgumentException: Could not resolve resource location pattern [classpath:mappers/*.xml]: class path resource [mappers/] cannot be resolved to URL because it does not exist
		at org.springframework.beans.factory.support.AbstractAutowireCapableBeanFactory.doCreateBean(AbstractAutowireCapableBeanFactory.java:628)
		at org.springframework.beans.factory.support.AbstractAutowireCapableBeanFactory.createBean(AbstractAutowireCapableBeanFactory.java:542)
		at org.springframework.beans.factory.support.AbstractBeanFactory.lambda$doGetBean$0(AbstractBeanFactory.java:336)
		at org.springframework.beans.factory.support.DefaultSingletonBeanRegistry.getSingleton(DefaultSingletonBeanRegistry.java:234)
		at org.springframework.beans.factory.support.AbstractBeanFactory.doGetBean(AbstractBeanFactory.java:334)
		at org.springframework.beans.factory.support.AbstractBeanFactory.getBean(AbstractBeanFactory.java:209)
		at org.springframework.beans.factory.support.DefaultListableBeanFactory.preInstantiateSingletons(DefaultListableBeanFactory.java:936)
		at org.springframework.context.support.AbstractApplicationContext.finishBeanFactoryInitialization(AbstractApplicationContext.java:932)
		at org.springframework.context.support.AbstractApplicationContext.refresh(AbstractApplicationContext.java:591)
		at org.springframework.web.servlet.FrameworkServlet.configureAndRefreshWebApplicationContext(FrameworkServlet.java:702)
		at org.springframework.web.servlet.FrameworkServlet.createWebApplicationContext(FrameworkServlet.java:668)
		at org.springframework.web.servlet.FrameworkServlet.createWebApplicationContext(FrameworkServlet.java:716)
		at org.springframework.web.servlet.FrameworkServlet.initWebApplicationContext(FrameworkServlet.java:591)
		at org.springframework.web.servlet.FrameworkServlet.initServletBean(FrameworkServlet.java:530)
		at org.springframework.web.servlet.HttpServletBean.init(HttpServletBean.java:170)
		at javax.servlet.GenericServlet.init(GenericServlet.java:143)
		at org.apache.catalina.core.StandardWrapper.initServlet(StandardWrapper.java:986)
		at org.apache.catalina.core.StandardWrapper.loadServlet(StandardWrapper.java:943)
		at org.apache.catalina.core.StandardWrapper.allocate(StandardWrapper.java:661)
		at org.apache.catalina.core.StandardWrapperValve.invoke(StandardWrapperValve.java:114)
		at org.apache.catalina.core.StandardContextValve.invoke(StandardContextValve.java:88)
		at org.apache.catalina.authenticator.AuthenticatorBase.invoke(AuthenticatorBase.java:491)
		at org.apache.catalina.core.StandardHostValve.invoke(StandardHostValve.java:127)
		at org.apache.catalina.valves.ErrorReportValve.invoke(ErrorReportValve.java:83)
		at org.apache.catalina.valves.AbstractAccessLogValve.invoke(AbstractAccessLogValve.java:764)
		at org.apache.catalina.core.StandardEngineValve.invoke(StandardEngineValve.java:72)
		at org.apache.catalina.connector.CoyoteAdapter.service(CoyoteAdapter.java:344)
		at org.apache.coyote.http11.Http11Processor.service(Http11Processor.java:398)
		at org.apache.coyote.AbstractProcessorLight.process(AbstractProcessorLight.java:63)
		at org.apache.coyote.AbstractProtocol$ConnectionHandler.process(AbstractProtocol.java:1309)
		at org.apache.tomcat.util.net.NioEndpoint$SocketProcessor.doRun(NioEndpoint.java:1854)
		at org.apache.tomcat.util.net.SocketProcessorBase.run(SocketProcessorBase.java:52)
		at org.apache.tomcat.util.threads.ThreadPoolExecutor.runWorker(ThreadPoolExecutor.java:973)
		at org.apache.tomcat.util.threads.ThreadPoolExecutor$Worker.run(ThreadPoolExecutor.java:491)
		at org.apache.tomcat.util.threads.TaskThread$WrappingRunnable.run(TaskThread.java:63)
		at java.lang.Thread.run(Thread.java:750)
	Caused by: org.springframework.beans.TypeMismatchException: Failed to convert property value of type 'java.lang.String' to required type 'org.springframework.core.io.Resource[]' for property 'mapperLocations'; nested exception is java.lang.IllegalArgumentException: Could not resolve resource location pattern [classpath:mappers/*.xml]: class path resource [mappers/] cannot be resolved to URL because it does not exist
		at org.springframework.beans.AbstractNestablePropertyAccessor.convertIfNecessary(AbstractNestablePropertyAccessor.java:600)
		at org.springframework.beans.AbstractNestablePropertyAccessor.convertForProperty(AbstractNestablePropertyAccessor.java:609)
		at org.springframework.beans.BeanWrapperImpl.convertForProperty(BeanWrapperImpl.java:219)
		at org.springframework.beans.factory.support.AbstractAutowireCapableBeanFactory.convertForProperty(AbstractAutowireCapableBeanFactory.java:1756)
		at org.springframework.beans.factory.support.AbstractAutowireCapableBeanFactory.applyPropertyValues(AbstractAutowireCapableBeanFactory.java:1712)
		at org.springframework.beans.factory.support.AbstractAutowireCapableBeanFactory.populateBean(AbstractAutowireCapableBeanFactory.java:1452)
		at org.springframework.beans.factory.support.AbstractAutowireCapableBeanFactory.doCreateBean(AbstractAutowireCapableBeanFactory.java:619)
		... 35 more
	Caused by: java.lang.IllegalArgumentException: Could not resolve resource location pattern [classpath:mappers/*.xml]: class path resource [mappers/] cannot be resolved to URL because it does not exist
		at org.springframework.core.io.support.ResourceArrayPropertyEditor.setAsText(ResourceArrayPropertyEditor.java:121)
		at org.springframework.beans.TypeConverterDelegate.doConvertTextValue(TypeConverterDelegate.java:429)
		at org.springframework.beans.TypeConverterDelegate.doConvertValue(TypeConverterDelegate.java:402)
		at org.springframework.beans.TypeConverterDelegate.convertIfNecessary(TypeConverterDelegate.java:155)
		at org.springframework.beans.AbstractNestablePropertyAccessor.convertIfNecessary(AbstractNestablePropertyAccessor.java:590)
		... 41 more
10-Jun-2026 00:07:00.165 심각 [http-nio-8080-exec-2] org.apache.catalina.core.StandardWrapperValve.invoke 서블릿 [dispatcher]을(를) 위해 할당하던 중 예외 발생
	java.lang.IllegalArgumentException: Could not resolve resource location pattern [classpath:mappers/*.xml]: class path resource [mappers/] cannot be resolved to URL because it does not exist
		at org.springframework.core.io.support.ResourceArrayPropertyEditor.setAsText(ResourceArrayPropertyEditor.java:121)
		at org.springframework.beans.TypeConverterDelegate.doConvertTextValue(TypeConverterDelegate.java:429)
		at org.springframework.beans.TypeConverterDelegate.doConvertValue(TypeConverterDelegate.java:402)
		at org.springframework.beans.TypeConverterDelegate.convertIfNecessary(TypeConverterDelegate.java:155)
		at org.springframework.beans.AbstractNestablePropertyAccessor.convertIfNecessary(AbstractNestablePropertyAccessor.java:590)
		at org.springframework.beans.AbstractNestablePropertyAccessor.convertForProperty(AbstractNestablePropertyAccessor.java:609)
		at org.springframework.beans.BeanWrapperImpl.convertForProperty(BeanWrapperImpl.java:219)
		at org.springframework.beans.factory.support.AbstractAutowireCapableBeanFactory.convertForProperty(AbstractAutowireCapableBeanFactory.java:1756)
		at org.springframework.beans.factory.support.AbstractAutowireCapableBeanFactory.applyPropertyValues(AbstractAutowireCapableBeanFactory.java:1712)
		at org.springframework.beans.factory.support.AbstractAutowireCapableBeanFactory.populateBean(AbstractAutowireCapableBeanFactory.java:1452)
		at org.springframework.beans.factory.support.AbstractAutowireCapableBeanFactory.doCreateBean(AbstractAutowireCapableBeanFactory.java:619)
		at org.springframework.beans.factory.support.AbstractAutowireCapableBeanFactory.createBean(AbstractAutowireCapableBeanFactory.java:542)
		at org.springframework.beans.factory.support.AbstractBeanFactory.lambda$doGetBean$0(AbstractBeanFactory.java:336)
		at org.springframework.beans.factory.support.DefaultSingletonBeanRegistry.getSingleton(DefaultSingletonBeanRegistry.java:234)
		at org.springframework.beans.factory.support.AbstractBeanFactory.doGetBean(AbstractBeanFactory.java:334)
		at org.springframework.beans.factory.support.AbstractBeanFactory.getBean(AbstractBeanFactory.java:209)
		at org.springframework.beans.factory.support.DefaultListableBeanFactory.preInstantiateSingletons(DefaultListableBeanFactory.java:936)
		at org.springframework.context.support.AbstractApplicationContext.finishBeanFactoryInitialization(AbstractApplicationContext.java:932)
		at org.springframework.context.support.AbstractApplicationContext.refresh(AbstractApplicationContext.java:591)
		at org.springframework.web.servlet.FrameworkServlet.configureAndRefreshWebApplicationContext(FrameworkServlet.java:702)
		at org.springframework.web.servlet.FrameworkServlet.createWebApplicationContext(FrameworkServlet.java:668)
		at org.springframework.web.servlet.FrameworkServlet.createWebApplicationContext(FrameworkServlet.java:716)
		at org.springframework.web.servlet.FrameworkServlet.initWebApplicationContext(FrameworkServlet.java:591)
		at org.springframework.web.servlet.FrameworkServlet.initServletBean(FrameworkServlet.java:530)
		at org.springframework.web.servlet.HttpServletBean.init(HttpServletBean.java:170)
		at javax.servlet.GenericServlet.init(GenericServlet.java:143)
		at org.apache.catalina.core.StandardWrapper.initServlet(StandardWrapper.java:986)
		at org.apache.catalina.core.StandardWrapper.loadServlet(StandardWrapper.java:943)
		at org.apache.catalina.core.StandardWrapper.allocate(StandardWrapper.java:661)
		at org.apache.catalina.core.StandardWrapperValve.invoke(StandardWrapperValve.java:114)
		at org.apache.catalina.core.StandardContextValve.invoke(StandardContextValve.java:88)
		at org.apache.catalina.authenticator.AuthenticatorBase.invoke(AuthenticatorBase.java:491)
		at org.apache.catalina.core.StandardHostValve.invoke(StandardHostValve.java:127)
		at org.apache.catalina.valves.ErrorReportValve.invoke(ErrorReportValve.java:83)
		at org.apache.catalina.valves.AbstractAccessLogValve.invoke(AbstractAccessLogValve.java:764)
		at org.apache.catalina.core.StandardEngineValve.invoke(StandardEngineValve.java:72)
		at org.apache.catalina.connector.CoyoteAdapter.service(CoyoteAdapter.java:344)
		at org.apache.coyote.http11.Http11Processor.service(Http11Processor.java:398)
		at org.apache.coyote.AbstractProcessorLight.process(AbstractProcessorLight.java:63)
		at org.apache.coyote.AbstractProtocol$ConnectionHandler.process(AbstractProtocol.java:1309)
		at org.apache.tomcat.util.net.NioEndpoint$SocketProcessor.doRun(NioEndpoint.java:1854)
		at org.apache.tomcat.util.net.SocketProcessorBase.run(SocketProcessorBase.java:52)
		at org.apache.tomcat.util.threads.ThreadPoolExecutor.runWorker(ThreadPoolExecutor.java:973)
		at org.apache.tomcat.util.threads.ThreadPoolExecutor$Worker.run(ThreadPoolExecutor.java:491)
		at org.apache.tomcat.util.threads.TaskThread$WrappingRunnable.run(TaskThread.java:63)
		at java.lang.Thread.run(Thread.java:750)
10-Jun-2026 00:07:18.529 정보 [main] org.apache.catalina.core.ApplicationContext.log No Spring WebApplicationInitializer types detected on classpath
10-Jun-2026 00:07:18.722 정보 [main] org.apache.catalina.core.ApplicationContext.log Initializing Spring DispatcherServlet 'dispatcher'
10-Jun-2026 00:07:19.478 심각 [main] org.apache.catalina.core.ApplicationContext.log 서블릿 [dispatcher]을(를) 위한 Servlet.init() 호출이 예외를 발생시켰습니다.
	org.springframework.beans.factory.BeanCreationException: Error creating bean with name 'sqlSessionFactory' defined in ServletContext resource [/WEB-INF/dispatcher-servlet.xml]: Initialization of bean failed; nested exception is org.springframework.beans.TypeMismatchException: Failed to convert property value of type 'java.lang.String' to required type 'org.springframework.core.io.Resource[]' for property 'mapperLocations'; nested exception is java.lang.IllegalArgumentException: Could not resolve resource location pattern [classpath:mappers/*.xml]: class path resource [mappers/] cannot be resolved to URL because it does not exist
		at org.springframework.beans.factory.support.AbstractAutowireCapableBeanFactory.doCreateBean(AbstractAutowireCapableBeanFactory.java:628)
		at org.springframework.beans.factory.support.AbstractAutowireCapableBeanFactory.createBean(AbstractAutowireCapableBeanFactory.java:542)
		at org.springframework.beans.factory.support.AbstractBeanFactory.lambda$doGetBean$0(AbstractBeanFactory.java:336)
		at org.springframework.beans.factory.support.DefaultSingletonBeanRegistry.getSingleton(DefaultSingletonBeanRegistry.java:234)
		at org.springframework.beans.factory.support.AbstractBeanFactory.doGetBean(AbstractBeanFactory.java:334)
		at org.springframework.beans.factory.support.AbstractBeanFactory.getBean(AbstractBeanFactory.java:209)
		at org.springframework.beans.factory.support.DefaultListableBeanFactory.preInstantiateSingletons(DefaultListableBeanFactory.java:936)
		at org.springframework.context.support.AbstractApplicationContext.finishBeanFactoryInitialization(AbstractApplicationContext.java:932)
		at org.springframework.context.support.AbstractApplicationContext.refresh(AbstractApplicationContext.java:591)
		at org.springframework.web.servlet.FrameworkServlet.configureAndRefreshWebApplicationContext(FrameworkServlet.java:702)
		at org.springframework.web.servlet.FrameworkServlet.createWebApplicationContext(FrameworkServlet.java:668)
		at org.springframework.web.servlet.FrameworkServlet.createWebApplicationContext(FrameworkServlet.java:716)
		at org.springframework.web.servlet.FrameworkServlet.initWebApplicationContext(FrameworkServlet.java:591)
		at org.springframework.web.servlet.FrameworkServlet.initServletBean(FrameworkServlet.java:530)
		at org.springframework.web.servlet.HttpServletBean.init(HttpServletBean.java:170)
		at javax.servlet.GenericServlet.init(GenericServlet.java:143)
		at org.apache.catalina.core.StandardWrapper.initServlet(StandardWrapper.java:986)
		at org.apache.catalina.core.StandardWrapper.loadServlet(StandardWrapper.java:943)
		at org.apache.catalina.core.StandardWrapper.load(StandardWrapper.java:840)
		at org.apache.catalina.core.StandardContext.loadOnStartup(StandardContext.java:4226)
		at org.apache.catalina.core.StandardContext.startInternal(StandardContext.java:4527)
		at org.apache.catalina.util.LifecycleBase.start(LifecycleBase.java:164)
		at org.apache.catalina.core.ContainerBase.addChildInternal(ContainerBase.java:597)
		at org.apache.catalina.core.ContainerBase.addChild(ContainerBase.java:569)
		at org.apache.catalina.core.StandardHost.addChild(StandardHost.java:608)
		at org.apache.catalina.startup.HostConfig.deployDescriptor(HostConfig.java:677)
		at org.apache.catalina.startup.HostConfig$DeployDescriptor.run(HostConfig.java:1836)
		at java.util.concurrent.Executors$RunnableAdapter.call(Executors.java:511)
		at java.util.concurrent.FutureTask.run(FutureTask.java:266)
		at org.apache.tomcat.util.threads.InlineExecutorService.execute(InlineExecutorService.java:82)
		at java.util.concurrent.AbstractExecutorService.submit(AbstractExecutorService.java:112)
		at org.apache.catalina.startup.HostConfig.deployDescriptors(HostConfig.java:572)
		at org.apache.catalina.startup.HostConfig.deployApps(HostConfig.java:463)
		at org.apache.catalina.startup.HostConfig.start(HostConfig.java:1576)
		at org.apache.catalina.startup.HostConfig.lifecycleEvent(HostConfig.java:309)
		at org.apache.catalina.util.LifecycleBase.fireLifecycleEvent(LifecycleBase.java:109)
		at org.apache.catalina.util.LifecycleBase.setStateInternal(LifecycleBase.java:389)
		at org.apache.catalina.util.LifecycleBase.setState(LifecycleBase.java:336)
		at org.apache.catalina.core.ContainerBase.startInternal(ContainerBase.java:774)
		at org.apache.catalina.core.StandardHost.startInternal(StandardHost.java:726)
		at org.apache.catalina.util.LifecycleBase.start(LifecycleBase.java:164)
		at org.apache.catalina.core.ContainerBase$StartChild.call(ContainerBase.java:1201)
		at org.apache.catalina.core.ContainerBase$StartChild.call(ContainerBase.java:1191)
		at java.util.concurrent.FutureTask.run(FutureTask.java:266)
		at org.apache.tomcat.util.threads.InlineExecutorService.execute(InlineExecutorService.java:82)
		at java.util.concurrent.AbstractExecutorService.submit(AbstractExecutorService.java:134)
		at org.apache.catalina.core.ContainerBase.startInternal(ContainerBase.java:747)
		at org.apache.catalina.core.StandardEngine.startInternal(StandardEngine.java:209)
		at org.apache.catalina.util.LifecycleBase.start(LifecycleBase.java:164)
		at org.apache.catalina.core.StandardService.startInternal(StandardService.java:410)
		at org.apache.catalina.util.LifecycleBase.start(LifecycleBase.java:164)
		at org.apache.catalina.core.StandardServer.startInternal(StandardServer.java:872)
		at org.apache.catalina.util.LifecycleBase.start(LifecycleBase.java:164)
		at org.apache.catalina.startup.Catalina.start(Catalina.java:736)
		at sun.reflect.NativeMethodAccessorImpl.invoke0(Native Method)
		at sun.reflect.NativeMethodAccessorImpl.invoke(NativeMethodAccessorImpl.java:62)
		at sun.reflect.DelegatingMethodAccessorImpl.invoke(DelegatingMethodAccessorImpl.java:43)
		at java.lang.reflect.Method.invoke(Method.java:498)
		at org.apache.catalina.startup.Bootstrap.start(Bootstrap.java:342)
		at org.apache.catalina.startup.Bootstrap.main(Bootstrap.java:473)
	Caused by: org.springframework.beans.TypeMismatchException: Failed to convert property value of type 'java.lang.String' to required type 'org.springframework.core.io.Resource[]' for property 'mapperLocations'; nested exception is java.lang.IllegalArgumentException: Could not resolve resource location pattern [classpath:mappers/*.xml]: class path resource [mappers/] cannot be resolved to URL because it does not exist
		at org.springframework.beans.AbstractNestablePropertyAccessor.convertIfNecessary(AbstractNestablePropertyAccessor.java:600)
		at org.springframework.beans.AbstractNestablePropertyAccessor.convertForProperty(AbstractNestablePropertyAccessor.java:609)
		at org.springframework.beans.BeanWrapperImpl.convertForProperty(BeanWrapperImpl.java:219)
		at org.springframework.beans.factory.support.AbstractAutowireCapableBeanFactory.convertForProperty(AbstractAutowireCapableBeanFactory.java:1756)
		at org.springframework.beans.factory.support.AbstractAutowireCapableBeanFactory.applyPropertyValues(AbstractAutowireCapableBeanFactory.java:1712)
		at org.springframework.beans.factory.support.AbstractAutowireCapableBeanFactory.populateBean(AbstractAutowireCapableBeanFactory.java:1452)
		at org.springframework.beans.factory.support.AbstractAutowireCapableBeanFactory.doCreateBean(AbstractAutowireCapableBeanFactory.java:619)
		... 59 more
	Caused by: java.lang.IllegalArgumentException: Could not resolve resource location pattern [classpath:mappers/*.xml]: class path resource [mappers/] cannot be resolved to URL because it does not exist
		at org.springframework.core.io.support.ResourceArrayPropertyEditor.setAsText(ResourceArrayPropertyEditor.java:121)
		at org.springframework.beans.TypeConverterDelegate.doConvertTextValue(TypeConverterDelegate.java:429)
		at org.springframework.beans.TypeConverterDelegate.doConvertValue(TypeConverterDelegate.java:402)
		at org.springframework.beans.TypeConverterDelegate.convertIfNecessary(TypeConverterDelegate.java:155)
		at org.springframework.beans.AbstractNestablePropertyAccessor.convertIfNecessary(AbstractNestablePropertyAccessor.java:590)
		... 65 more
10-Jun-2026 00:07:19.478 심각 [main] org.apache.catalina.core.StandardContext.loadOnStartup 웹 애플리케이션 [] 내의 서블릿 [dispatcher]이(가) load() 예외를 발생시켰습니다.
	java.lang.IllegalArgumentException: Could not resolve resource location pattern [classpath:mappers/*.xml]: class path resource [mappers/] cannot be resolved to URL because it does not exist
		at org.springframework.core.io.support.ResourceArrayPropertyEditor.setAsText(ResourceArrayPropertyEditor.java:121)
		at org.springframework.beans.TypeConverterDelegate.doConvertTextValue(TypeConverterDelegate.java:429)
		at org.springframework.beans.TypeConverterDelegate.doConvertValue(TypeConverterDelegate.java:402)
		at org.springframework.beans.TypeConverterDelegate.convertIfNecessary(TypeConverterDelegate.java:155)
		at org.springframework.beans.AbstractNestablePropertyAccessor.convertIfNecessary(AbstractNestablePropertyAccessor.java:590)
		at org.springframework.beans.AbstractNestablePropertyAccessor.convertForProperty(AbstractNestablePropertyAccessor.java:609)
		at org.springframework.beans.BeanWrapperImpl.convertForProperty(BeanWrapperImpl.java:219)
		at org.springframework.beans.factory.support.AbstractAutowireCapableBeanFactory.convertForProperty(AbstractAutowireCapableBeanFactory.java:1756)
		at org.springframework.beans.factory.support.AbstractAutowireCapableBeanFactory.applyPropertyValues(AbstractAutowireCapableBeanFactory.java:1712)
		at org.springframework.beans.factory.support.AbstractAutowireCapableBeanFactory.populateBean(AbstractAutowireCapableBeanFactory.java:1452)
		at org.springframework.beans.factory.support.AbstractAutowireCapableBeanFactory.doCreateBean(AbstractAutowireCapableBeanFactory.java:619)
		at org.springframework.beans.factory.support.AbstractAutowireCapableBeanFactory.createBean(AbstractAutowireCapableBeanFactory.java:542)
		at org.springframework.beans.factory.support.AbstractBeanFactory.lambda$doGetBean$0(AbstractBeanFactory.java:336)
		at org.springframework.beans.factory.support.DefaultSingletonBeanRegistry.getSingleton(DefaultSingletonBeanRegistry.java:234)
		at org.springframework.beans.factory.support.AbstractBeanFactory.doGetBean(AbstractBeanFactory.java:334)
		at org.springframework.beans.factory.support.AbstractBeanFactory.getBean(AbstractBeanFactory.java:209)
		at org.springframework.beans.factory.support.DefaultListableBeanFactory.preInstantiateSingletons(DefaultListableBeanFactory.java:936)
		at org.springframework.context.support.AbstractApplicationContext.finishBeanFactoryInitialization(AbstractApplicationContext.java:932)
		at org.springframework.context.support.AbstractApplicationContext.refresh(AbstractApplicationContext.java:591)
		at org.springframework.web.servlet.FrameworkServlet.configureAndRefreshWebApplicationContext(FrameworkServlet.java:702)
		at org.springframework.web.servlet.FrameworkServlet.createWebApplicationContext(FrameworkServlet.java:668)
		at org.springframework.web.servlet.FrameworkServlet.createWebApplicationContext(FrameworkServlet.java:716)
		at org.springframework.web.servlet.FrameworkServlet.initWebApplicationContext(FrameworkServlet.java:591)
		at org.springframework.web.servlet.FrameworkServlet.initServletBean(FrameworkServlet.java:530)
		at org.springframework.web.servlet.HttpServletBean.init(HttpServletBean.java:170)
		at javax.servlet.GenericServlet.init(GenericServlet.java:143)
		at org.apache.catalina.core.StandardWrapper.initServlet(StandardWrapper.java:986)
		at org.apache.catalina.core.StandardWrapper.loadServlet(StandardWrapper.java:943)
		at org.apache.catalina.core.StandardWrapper.load(StandardWrapper.java:840)
		at org.apache.catalina.core.StandardContext.loadOnStartup(StandardContext.java:4226)
		at org.apache.catalina.core.StandardContext.startInternal(StandardContext.java:4527)
		at org.apache.catalina.util.LifecycleBase.start(LifecycleBase.java:164)
		at org.apache.catalina.core.ContainerBase.addChildInternal(ContainerBase.java:597)
		at org.apache.catalina.core.ContainerBase.addChild(ContainerBase.java:569)
		at org.apache.catalina.core.StandardHost.addChild(StandardHost.java:608)
		at org.apache.catalina.startup.HostConfig.deployDescriptor(HostConfig.java:677)
		at org.apache.catalina.startup.HostConfig$DeployDescriptor.run(HostConfig.java:1836)
		at java.util.concurrent.Executors$RunnableAdapter.call(Executors.java:511)
		at java.util.concurrent.FutureTask.run(FutureTask.java:266)
		at org.apache.tomcat.util.threads.InlineExecutorService.execute(InlineExecutorService.java:82)
		at java.util.concurrent.AbstractExecutorService.submit(AbstractExecutorService.java:112)
		at org.apache.catalina.startup.HostConfig.deployDescriptors(HostConfig.java:572)
		at org.apache.catalina.startup.HostConfig.deployApps(HostConfig.java:463)
		at org.apache.catalina.startup.HostConfig.start(HostConfig.java:1576)
		at org.apache.catalina.startup.HostConfig.lifecycleEvent(HostConfig.java:309)
		at org.apache.catalina.util.LifecycleBase.fireLifecycleEvent(LifecycleBase.java:109)
		at org.apache.catalina.util.LifecycleBase.setStateInternal(LifecycleBase.java:389)
		at org.apache.catalina.util.LifecycleBase.setState(LifecycleBase.java:336)
		at org.apache.catalina.core.ContainerBase.startInternal(ContainerBase.java:774)
		at org.apache.catalina.core.StandardHost.startInternal(StandardHost.java:726)
		at org.apache.catalina.util.LifecycleBase.start(LifecycleBase.java:164)
		at org.apache.catalina.core.ContainerBase$StartChild.call(ContainerBase.java:1201)
		at org.apache.catalina.core.ContainerBase$StartChild.call(ContainerBase.java:1191)
		at java.util.concurrent.FutureTask.run(FutureTask.java:266)
		at org.apache.tomcat.util.threads.InlineExecutorService.execute(InlineExecutorService.java:82)
		at java.util.concurrent.AbstractExecutorService.submit(AbstractExecutorService.java:134)
		at org.apache.catalina.core.ContainerBase.startInternal(ContainerBase.java:747)
		at org.apache.catalina.core.StandardEngine.startInternal(StandardEngine.java:209)
		at org.apache.catalina.util.LifecycleBase.start(LifecycleBase.java:164)
		at org.apache.catalina.core.StandardService.startInternal(StandardService.java:410)
		at org.apache.catalina.util.LifecycleBase.start(LifecycleBase.java:164)
		at org.apache.catalina.core.StandardServer.startInternal(StandardServer.java:872)
		at org.apache.catalina.util.LifecycleBase.start(LifecycleBase.java:164)
		at org.apache.catalina.startup.Catalina.start(Catalina.java:736)
		at sun.reflect.NativeMethodAccessorImpl.invoke0(Native Method)
		at sun.reflect.NativeMethodAccessorImpl.invoke(NativeMethodAccessorImpl.java:62)
		at sun.reflect.DelegatingMethodAccessorImpl.invoke(DelegatingMethodAccessorImpl.java:43)
		at java.lang.reflect.Method.invoke(Method.java:498)
		at org.apache.catalina.startup.Bootstrap.start(Bootstrap.java:342)
		at org.apache.catalina.startup.Bootstrap.main(Bootstrap.java:473)
10-Jun-2026 00:07:36.886 정보 [http-nio-8080-exec-1] org.apache.catalina.core.ApplicationContext.log Initializing Spring DispatcherServlet 'dispatcher'
10-Jun-2026 00:07:36.995 심각 [http-nio-8080-exec-1] org.apache.catalina.core.ApplicationContext.log 서블릿 [dispatcher]을(를) 위한 Servlet.init() 호출이 예외를 발생시켰습니다.
	org.springframework.beans.factory.BeanCreationException: Error creating bean with name 'sqlSessionFactory' defined in ServletContext resource [/WEB-INF/dispatcher-servlet.xml]: Initialization of bean failed; nested exception is org.springframework.beans.TypeMismatchException: Failed to convert property value of type 'java.lang.String' to required type 'org.springframework.core.io.Resource[]' for property 'mapperLocations'; nested exception is java.lang.IllegalArgumentException: Could not resolve resource location pattern [classpath:mappers/*.xml]: class path resource [mappers/] cannot be resolved to URL because it does not exist
		at org.springframework.beans.factory.support.AbstractAutowireCapableBeanFactory.doCreateBean(AbstractAutowireCapableBeanFactory.java:628)
		at org.springframework.beans.factory.support.AbstractAutowireCapableBeanFactory.createBean(AbstractAutowireCapableBeanFactory.java:542)
		at org.springframework.beans.factory.support.AbstractBeanFactory.lambda$doGetBean$0(AbstractBeanFactory.java:336)
		at org.springframework.beans.factory.support.DefaultSingletonBeanRegistry.getSingleton(DefaultSingletonBeanRegistry.java:234)
		at org.springframework.beans.factory.support.AbstractBeanFactory.doGetBean(AbstractBeanFactory.java:334)
		at org.springframework.beans.factory.support.AbstractBeanFactory.getBean(AbstractBeanFactory.java:209)
		at org.springframework.beans.factory.support.DefaultListableBeanFactory.preInstantiateSingletons(DefaultListableBeanFactory.java:936)
		at org.springframework.context.support.AbstractApplicationContext.finishBeanFactoryInitialization(AbstractApplicationContext.java:932)
		at org.springframework.context.support.AbstractApplicationContext.refresh(AbstractApplicationContext.java:591)
		at org.springframework.web.servlet.FrameworkServlet.configureAndRefreshWebApplicationContext(FrameworkServlet.java:702)
		at org.springframework.web.servlet.FrameworkServlet.createWebApplicationContext(FrameworkServlet.java:668)
		at org.springframework.web.servlet.FrameworkServlet.createWebApplicationContext(FrameworkServlet.java:716)
		at org.springframework.web.servlet.FrameworkServlet.initWebApplicationContext(FrameworkServlet.java:591)
		at org.springframework.web.servlet.FrameworkServlet.initServletBean(FrameworkServlet.java:530)
		at org.springframework.web.servlet.HttpServletBean.init(HttpServletBean.java:170)
		at javax.servlet.GenericServlet.init(GenericServlet.java:143)
		at org.apache.catalina.core.StandardWrapper.initServlet(StandardWrapper.java:986)
		at org.apache.catalina.core.StandardWrapper.loadServlet(StandardWrapper.java:943)
		at org.apache.catalina.core.StandardWrapper.allocate(StandardWrapper.java:661)
		at org.apache.catalina.core.StandardWrapperValve.invoke(StandardWrapperValve.java:114)
		at org.apache.catalina.core.StandardContextValve.invoke(StandardContextValve.java:88)
		at org.apache.catalina.authenticator.AuthenticatorBase.invoke(AuthenticatorBase.java:491)
		at org.apache.catalina.core.StandardHostValve.invoke(StandardHostValve.java:127)
		at org.apache.catalina.valves.ErrorReportValve.invoke(ErrorReportValve.java:83)
		at org.apache.catalina.valves.AbstractAccessLogValve.invoke(AbstractAccessLogValve.java:764)
		at org.apache.catalina.core.StandardEngineValve.invoke(StandardEngineValve.java:72)
		at org.apache.catalina.connector.CoyoteAdapter.service(CoyoteAdapter.java:344)
		at org.apache.coyote.http11.Http11Processor.service(Http11Processor.java:398)
		at org.apache.coyote.AbstractProcessorLight.process(AbstractProcessorLight.java:63)
		at org.apache.coyote.AbstractProtocol$ConnectionHandler.process(AbstractProtocol.java:1309)
		at org.apache.tomcat.util.net.NioEndpoint$SocketProcessor.doRun(NioEndpoint.java:1854)
		at org.apache.tomcat.util.net.SocketProcessorBase.run(SocketProcessorBase.java:52)
		at org.apache.tomcat.util.threads.ThreadPoolExecutor.runWorker(ThreadPoolExecutor.java:973)
		at org.apache.tomcat.util.threads.ThreadPoolExecutor$Worker.run(ThreadPoolExecutor.java:491)
		at org.apache.tomcat.util.threads.TaskThread$WrappingRunnable.run(TaskThread.java:63)
		at java.lang.Thread.run(Thread.java:750)
	Caused by: org.springframework.beans.TypeMismatchException: Failed to convert property value of type 'java.lang.String' to required type 'org.springframework.core.io.Resource[]' for property 'mapperLocations'; nested exception is java.lang.IllegalArgumentException: Could not resolve resource location pattern [classpath:mappers/*.xml]: class path resource [mappers/] cannot be resolved to URL because it does not exist
		at org.springframework.beans.AbstractNestablePropertyAccessor.convertIfNecessary(AbstractNestablePropertyAccessor.java:600)
		at org.springframework.beans.AbstractNestablePropertyAccessor.convertForProperty(AbstractNestablePropertyAccessor.java:609)
		at org.springframework.beans.BeanWrapperImpl.convertForProperty(BeanWrapperImpl.java:219)
		at org.springframework.beans.factory.support.AbstractAutowireCapableBeanFactory.convertForProperty(AbstractAutowireCapableBeanFactory.java:1756)
		at org.springframework.beans.factory.support.AbstractAutowireCapableBeanFactory.applyPropertyValues(AbstractAutowireCapableBeanFactory.java:1712)
		at org.springframework.beans.factory.support.AbstractAutowireCapableBeanFactory.populateBean(AbstractAutowireCapableBeanFactory.java:1452)
		at org.springframework.beans.factory.support.AbstractAutowireCapableBeanFactory.doCreateBean(AbstractAutowireCapableBeanFactory.java:619)
		... 35 more
	Caused by: java.lang.IllegalArgumentException: Could not resolve resource location pattern [classpath:mappers/*.xml]: class path resource [mappers/] cannot be resolved to URL because it does not exist
		at org.springframework.core.io.support.ResourceArrayPropertyEditor.setAsText(ResourceArrayPropertyEditor.java:121)
		at org.springframework.beans.TypeConverterDelegate.doConvertTextValue(TypeConverterDelegate.java:429)
		at org.springframework.beans.TypeConverterDelegate.doConvertValue(TypeConverterDelegate.java:402)
		at org.springframework.beans.TypeConverterDelegate.convertIfNecessary(TypeConverterDelegate.java:155)
		at org.springframework.beans.AbstractNestablePropertyAccessor.convertIfNecessary(AbstractNestablePropertyAccessor.java:590)
		... 41 more
10-Jun-2026 00:07:36.995 심각 [http-nio-8080-exec-1] org.apache.catalina.core.StandardWrapperValve.invoke 서블릿 [dispatcher]을(를) 위해 할당하던 중 예외 발생
	java.lang.IllegalArgumentException: Could not resolve resource location pattern [classpath:mappers/*.xml]: class path resource [mappers/] cannot be resolved to URL because it does not exist
		at org.springframework.core.io.support.ResourceArrayPropertyEditor.setAsText(ResourceArrayPropertyEditor.java:121)
		at org.springframework.beans.TypeConverterDelegate.doConvertTextValue(TypeConverterDelegate.java:429)
		at org.springframework.beans.TypeConverterDelegate.doConvertValue(TypeConverterDelegate.java:402)
		at org.springframework.beans.TypeConverterDelegate.convertIfNecessary(TypeConverterDelegate.java:155)
		at org.springframework.beans.AbstractNestablePropertyAccessor.convertIfNecessary(AbstractNestablePropertyAccessor.java:590)
		at org.springframework.beans.AbstractNestablePropertyAccessor.convertForProperty(AbstractNestablePropertyAccessor.java:609)
		at org.springframework.beans.BeanWrapperImpl.convertForProperty(BeanWrapperImpl.java:219)
		at org.springframework.beans.factory.support.AbstractAutowireCapableBeanFactory.convertForProperty(AbstractAutowireCapableBeanFactory.java:1756)
		at org.springframework.beans.factory.support.AbstractAutowireCapableBeanFactory.applyPropertyValues(AbstractAutowireCapableBeanFactory.java:1712)
		at org.springframework.beans.factory.support.AbstractAutowireCapableBeanFactory.populateBean(AbstractAutowireCapableBeanFactory.java:1452)
		at org.springframework.beans.factory.support.AbstractAutowireCapableBeanFactory.doCreateBean(AbstractAutowireCapableBeanFactory.java:619)
		at org.springframework.beans.factory.support.AbstractAutowireCapableBeanFactory.createBean(AbstractAutowireCapableBeanFactory.java:542)
		at org.springframework.beans.factory.support.AbstractBeanFactory.lambda$doGetBean$0(AbstractBeanFactory.java:336)
		at org.springframework.beans.factory.support.DefaultSingletonBeanRegistry.getSingleton(DefaultSingletonBeanRegistry.java:234)
		at org.springframework.beans.factory.support.AbstractBeanFactory.doGetBean(AbstractBeanFactory.java:334)
		at org.springframework.beans.factory.support.AbstractBeanFactory.getBean(AbstractBeanFactory.java:209)
		at org.springframework.beans.factory.support.DefaultListableBeanFactory.preInstantiateSingletons(DefaultListableBeanFactory.java:936)
		at org.springframework.context.support.AbstractApplicationContext.finishBeanFactoryInitialization(AbstractApplicationContext.java:932)
		at org.springframework.context.support.AbstractApplicationContext.refresh(AbstractApplicationContext.java:591)
		at org.springframework.web.servlet.FrameworkServlet.configureAndRefreshWebApplicationContext(FrameworkServlet.java:702)
		at org.springframework.web.servlet.FrameworkServlet.createWebApplicationContext(FrameworkServlet.java:668)
		at org.springframework.web.servlet.FrameworkServlet.createWebApplicationContext(FrameworkServlet.java:716)
		at org.springframework.web.servlet.FrameworkServlet.initWebApplicationContext(FrameworkServlet.java:591)
		at org.springframework.web.servlet.FrameworkServlet.initServletBean(FrameworkServlet.java:530)
		at org.springframework.web.servlet.HttpServletBean.init(HttpServletBean.java:170)
		at javax.servlet.GenericServlet.init(GenericServlet.java:143)
		at org.apache.catalina.core.StandardWrapper.initServlet(StandardWrapper.java:986)
		at org.apache.catalina.core.StandardWrapper.loadServlet(StandardWrapper.java:943)
		at org.apache.catalina.core.StandardWrapper.allocate(StandardWrapper.java:661)
		at org.apache.catalina.core.StandardWrapperValve.invoke(StandardWrapperValve.java:114)
		at org.apache.catalina.core.StandardContextValve.invoke(StandardContextValve.java:88)
		at org.apache.catalina.authenticator.AuthenticatorBase.invoke(AuthenticatorBase.java:491)
		at org.apache.catalina.core.StandardHostValve.invoke(StandardHostValve.java:127)
		at org.apache.catalina.valves.ErrorReportValve.invoke(ErrorReportValve.java:83)
		at org.apache.catalina.valves.AbstractAccessLogValve.invoke(AbstractAccessLogValve.java:764)
		at org.apache.catalina.core.StandardEngineValve.invoke(StandardEngineValve.java:72)
		at org.apache.catalina.connector.CoyoteAdapter.service(CoyoteAdapter.java:344)
		at org.apache.coyote.http11.Http11Processor.service(Http11Processor.java:398)
		at org.apache.coyote.AbstractProcessorLight.process(AbstractProcessorLight.java:63)
		at org.apache.coyote.AbstractProtocol$ConnectionHandler.process(AbstractProtocol.java:1309)
		at org.apache.tomcat.util.net.NioEndpoint$SocketProcessor.doRun(NioEndpoint.java:1854)
		at org.apache.tomcat.util.net.SocketProcessorBase.run(SocketProcessorBase.java:52)
		at org.apache.tomcat.util.threads.ThreadPoolExecutor.runWorker(ThreadPoolExecutor.java:973)
		at org.apache.tomcat.util.threads.ThreadPoolExecutor$Worker.run(ThreadPoolExecutor.java:491)
		at org.apache.tomcat.util.threads.TaskThread$WrappingRunnable.run(TaskThread.java:63)
		at java.lang.Thread.run(Thread.java:750)
10-Jun-2026 00:07:37.023 정보 [http-nio-8080-exec-2] org.apache.catalina.core.ApplicationContext.log Initializing Spring DispatcherServlet 'dispatcher'
10-Jun-2026 00:07:37.098 심각 [http-nio-8080-exec-2] org.apache.catalina.core.ApplicationContext.log 서블릿 [dispatcher]을(를) 위한 Servlet.init() 호출이 예외를 발생시켰습니다.
	org.springframework.beans.factory.BeanCreationException: Error creating bean with name 'sqlSessionFactory' defined in ServletContext resource [/WEB-INF/dispatcher-servlet.xml]: Initialization of bean failed; nested exception is org.springframework.beans.TypeMismatchException: Failed to convert property value of type 'java.lang.String' to required type 'org.springframework.core.io.Resource[]' for property 'mapperLocations'; nested exception is java.lang.IllegalArgumentException: Could not resolve resource location pattern [classpath:mappers/*.xml]: class path resource [mappers/] cannot be resolved to URL because it does not exist
		at org.springframework.beans.factory.support.AbstractAutowireCapableBeanFactory.doCreateBean(AbstractAutowireCapableBeanFactory.java:628)
		at org.springframework.beans.factory.support.AbstractAutowireCapableBeanFactory.createBean(AbstractAutowireCapableBeanFactory.java:542)
		at org.springframework.beans.factory.support.AbstractBeanFactory.lambda$doGetBean$0(AbstractBeanFactory.java:336)
		at org.springframework.beans.factory.support.DefaultSingletonBeanRegistry.getSingleton(DefaultSingletonBeanRegistry.java:234)
		at org.springframework.beans.factory.support.AbstractBeanFactory.doGetBean(AbstractBeanFactory.java:334)
		at org.springframework.beans.factory.support.AbstractBeanFactory.getBean(AbstractBeanFactory.java:209)
		at org.springframework.beans.factory.support.DefaultListableBeanFactory.preInstantiateSingletons(DefaultListableBeanFactory.java:936)
		at org.springframework.context.support.AbstractApplicationContext.finishBeanFactoryInitialization(AbstractApplicationContext.java:932)
		at org.springframework.context.support.AbstractApplicationContext.refresh(AbstractApplicationContext.java:591)
		at org.springframework.web.servlet.FrameworkServlet.configureAndRefreshWebApplicationContext(FrameworkServlet.java:702)
		at org.springframework.web.servlet.FrameworkServlet.createWebApplicationContext(FrameworkServlet.java:668)
		at org.springframework.web.servlet.FrameworkServlet.createWebApplicationContext(FrameworkServlet.java:716)
		at org.springframework.web.servlet.FrameworkServlet.initWebApplicationContext(FrameworkServlet.java:591)
		at org.springframework.web.servlet.FrameworkServlet.initServletBean(FrameworkServlet.java:530)
		at org.springframework.web.servlet.HttpServletBean.init(HttpServletBean.java:170)
		at javax.servlet.GenericServlet.init(GenericServlet.java:143)
		at org.apache.catalina.core.StandardWrapper.initServlet(StandardWrapper.java:986)
		at org.apache.catalina.core.StandardWrapper.loadServlet(StandardWrapper.java:943)
		at org.apache.catalina.core.StandardWrapper.allocate(StandardWrapper.java:661)
		at org.apache.catalina.core.StandardWrapperValve.invoke(StandardWrapperValve.java:114)
		at org.apache.catalina.core.StandardContextValve.invoke(StandardContextValve.java:88)
		at org.apache.catalina.authenticator.AuthenticatorBase.invoke(AuthenticatorBase.java:491)
		at org.apache.catalina.core.StandardHostValve.invoke(StandardHostValve.java:127)
		at org.apache.catalina.valves.ErrorReportValve.invoke(ErrorReportValve.java:83)
		at org.apache.catalina.valves.AbstractAccessLogValve.invoke(AbstractAccessLogValve.java:764)
		at org.apache.catalina.core.StandardEngineValve.invoke(StandardEngineValve.java:72)
		at org.apache.catalina.connector.CoyoteAdapter.service(CoyoteAdapter.java:344)
		at org.apache.coyote.http11.Http11Processor.service(Http11Processor.java:398)
		at org.apache.coyote.AbstractProcessorLight.process(AbstractProcessorLight.java:63)
		at org.apache.coyote.AbstractProtocol$ConnectionHandler.process(AbstractProtocol.java:1309)
		at org.apache.tomcat.util.net.NioEndpoint$SocketProcessor.doRun(NioEndpoint.java:1854)
		at org.apache.tomcat.util.net.SocketProcessorBase.run(SocketProcessorBase.java:52)
		at org.apache.tomcat.util.threads.ThreadPoolExecutor.runWorker(ThreadPoolExecutor.java:973)
		at org.apache.tomcat.util.threads.ThreadPoolExecutor$Worker.run(ThreadPoolExecutor.java:491)
		at org.apache.tomcat.util.threads.TaskThread$WrappingRunnable.run(TaskThread.java:63)
		at java.lang.Thread.run(Thread.java:750)
	Caused by: org.springframework.beans.TypeMismatchException: Failed to convert property value of type 'java.lang.String' to required type 'org.springframework.core.io.Resource[]' for property 'mapperLocations'; nested exception is java.lang.IllegalArgumentException: Could not resolve resource location pattern [classpath:mappers/*.xml]: class path resource [mappers/] cannot be resolved to URL because it does not exist
		at org.springframework.beans.AbstractNestablePropertyAccessor.convertIfNecessary(AbstractNestablePropertyAccessor.java:600)
		at org.springframework.beans.AbstractNestablePropertyAccessor.convertForProperty(AbstractNestablePropertyAccessor.java:609)
		at org.springframework.beans.BeanWrapperImpl.convertForProperty(BeanWrapperImpl.java:219)
		at org.springframework.beans.factory.support.AbstractAutowireCapableBeanFactory.convertForProperty(AbstractAutowireCapableBeanFactory.java:1756)
		at org.springframework.beans.factory.support.AbstractAutowireCapableBeanFactory.applyPropertyValues(AbstractAutowireCapableBeanFactory.java:1712)
		at org.springframework.beans.factory.support.AbstractAutowireCapableBeanFactory.populateBean(AbstractAutowireCapableBeanFactory.java:1452)
		at org.springframework.beans.factory.support.AbstractAutowireCapableBeanFactory.doCreateBean(AbstractAutowireCapableBeanFactory.java:619)
		... 35 more
	Caused by: java.lang.IllegalArgumentException: Could not resolve resource location pattern [classpath:mappers/*.xml]: class path resource [mappers/] cannot be resolved to URL because it does not exist
		at org.springframework.core.io.support.ResourceArrayPropertyEditor.setAsText(ResourceArrayPropertyEditor.java:121)
		at org.springframework.beans.TypeConverterDelegate.doConvertTextValue(TypeConverterDelegate.java:429)
		at org.springframework.beans.TypeConverterDelegate.doConvertValue(TypeConverterDelegate.java:402)
		at org.springframework.beans.TypeConverterDelegate.convertIfNecessary(TypeConverterDelegate.java:155)
		at org.springframework.beans.AbstractNestablePropertyAccessor.convertIfNecessary(AbstractNestablePropertyAccessor.java:590)
		... 41 more
10-Jun-2026 00:07:37.098 심각 [http-nio-8080-exec-2] org.apache.catalina.core.StandardWrapperValve.invoke 서블릿 [dispatcher]을(를) 위해 할당하던 중 예외 발생
	java.lang.IllegalArgumentException: Could not resolve resource location pattern [classpath:mappers/*.xml]: class path resource [mappers/] cannot be resolved to URL because it does not exist
		at org.springframework.core.io.support.ResourceArrayPropertyEditor.setAsText(ResourceArrayPropertyEditor.java:121)
		at org.springframework.beans.TypeConverterDelegate.doConvertTextValue(TypeConverterDelegate.java:429)
		at org.springframework.beans.TypeConverterDelegate.doConvertValue(TypeConverterDelegate.java:402)
		at org.springframework.beans.TypeConverterDelegate.convertIfNecessary(TypeConverterDelegate.java:155)
		at org.springframework.beans.AbstractNestablePropertyAccessor.convertIfNecessary(AbstractNestablePropertyAccessor.java:590)
		at org.springframework.beans.AbstractNestablePropertyAccessor.convertForProperty(AbstractNestablePropertyAccessor.java:609)
		at org.springframework.beans.BeanWrapperImpl.convertForProperty(BeanWrapperImpl.java:219)
		at org.springframework.beans.factory.support.AbstractAutowireCapableBeanFactory.convertForProperty(AbstractAutowireCapableBeanFactory.java:1756)
		at org.springframework.beans.factory.support.AbstractAutowireCapableBeanFactory.applyPropertyValues(AbstractAutowireCapableBeanFactory.java:1712)
		at org.springframework.beans.factory.support.AbstractAutowireCapableBeanFactory.populateBean(AbstractAutowireCapableBeanFactory.java:1452)
		at org.springframework.beans.factory.support.AbstractAutowireCapableBeanFactory.doCreateBean(AbstractAutowireCapableBeanFactory.java:619)
		at org.springframework.beans.factory.support.AbstractAutowireCapableBeanFactory.createBean(AbstractAutowireCapableBeanFactory.java:542)
		at org.springframework.beans.factory.support.AbstractBeanFactory.lambda$doGetBean$0(AbstractBeanFactory.java:336)
		at org.springframework.beans.factory.support.DefaultSingletonBeanRegistry.getSingleton(DefaultSingletonBeanRegistry.java:234)
		at org.springframework.beans.factory.support.AbstractBeanFactory.doGetBean(AbstractBeanFactory.java:334)
		at org.springframework.beans.factory.support.AbstractBeanFactory.getBean(AbstractBeanFactory.java:209)
		at org.springframework.beans.factory.support.DefaultListableBeanFactory.preInstantiateSingletons(DefaultListableBeanFactory.java:936)
		at org.springframework.context.support.AbstractApplicationContext.finishBeanFactoryInitialization(AbstractApplicationContext.java:932)
		at org.springframework.context.support.AbstractApplicationContext.refresh(AbstractApplicationContext.java:591)
		at org.springframework.web.servlet.FrameworkServlet.configureAndRefreshWebApplicationContext(FrameworkServlet.java:702)
		at org.springframework.web.servlet.FrameworkServlet.createWebApplicationContext(FrameworkServlet.java:668)
		at org.springframework.web.servlet.FrameworkServlet.createWebApplicationContext(FrameworkServlet.java:716)
		at org.springframework.web.servlet.FrameworkServlet.initWebApplicationContext(FrameworkServlet.java:591)
		at org.springframework.web.servlet.FrameworkServlet.initServletBean(FrameworkServlet.java:530)
		at org.springframework.web.servlet.HttpServletBean.init(HttpServletBean.java:170)
		at javax.servlet.GenericServlet.init(GenericServlet.java:143)
		at org.apache.catalina.core.StandardWrapper.initServlet(StandardWrapper.java:986)
		at org.apache.catalina.core.StandardWrapper.loadServlet(StandardWrapper.java:943)
		at org.apache.catalina.core.StandardWrapper.allocate(StandardWrapper.java:661)
		at org.apache.catalina.core.StandardWrapperValve.invoke(StandardWrapperValve.java:114)
		at org.apache.catalina.core.StandardContextValve.invoke(StandardContextValve.java:88)
		at org.apache.catalina.authenticator.AuthenticatorBase.invoke(AuthenticatorBase.java:491)
		at org.apache.catalina.core.StandardHostValve.invoke(StandardHostValve.java:127)
		at org.apache.catalina.valves.ErrorReportValve.invoke(ErrorReportValve.java:83)
		at org.apache.catalina.valves.AbstractAccessLogValve.invoke(AbstractAccessLogValve.java:764)
		at org.apache.catalina.core.StandardEngineValve.invoke(StandardEngineValve.java:72)
		at org.apache.catalina.connector.CoyoteAdapter.service(CoyoteAdapter.java:344)
		at org.apache.coyote.http11.Http11Processor.service(Http11Processor.java:398)
		at org.apache.coyote.AbstractProcessorLight.process(AbstractProcessorLight.java:63)
		at org.apache.coyote.AbstractProtocol$ConnectionHandler.process(AbstractProtocol.java:1309)
		at org.apache.tomcat.util.net.NioEndpoint$SocketProcessor.doRun(NioEndpoint.java:1854)
		at org.apache.tomcat.util.net.SocketProcessorBase.run(SocketProcessorBase.java:52)
		at org.apache.tomcat.util.threads.ThreadPoolExecutor.runWorker(ThreadPoolExecutor.java:973)
		at org.apache.tomcat.util.threads.ThreadPoolExecutor$Worker.run(ThreadPoolExecutor.java:491)
		at org.apache.tomcat.util.threads.TaskThread$WrappingRunnable.run(TaskThread.java:63)
		at java.lang.Thread.run(Thread.java:750)
10-Jun-2026 00:08:53.435 정보 [http-nio-8080-exec-3] org.apache.catalina.core.ApplicationContext.log Initializing Spring DispatcherServlet 'dispatcher'
10-Jun-2026 00:08:53.697 심각 [http-nio-8080-exec-3] org.apache.catalina.core.ApplicationContext.log 서블릿 [dispatcher]을(를) 위한 Servlet.init() 호출이 예외를 발생시켰습니다.
	org.springframework.beans.factory.BeanCreationException: Error creating bean with name 'sqlSessionFactory' defined in ServletContext resource [/WEB-INF/dispatcher-servlet.xml]: Initialization of bean failed; nested exception is org.springframework.beans.TypeMismatchException: Failed to convert property value of type 'java.lang.String' to required type 'org.springframework.core.io.Resource[]' for property 'mapperLocations'; nested exception is java.lang.IllegalArgumentException: Could not resolve resource location pattern [classpath:mappers/*.xml]: class path resource [mappers/] cannot be resolved to URL because it does not exist
		at org.springframework.beans.factory.support.AbstractAutowireCapableBeanFactory.doCreateBean(AbstractAutowireCapableBeanFactory.java:628)
		at org.springframework.beans.factory.support.AbstractAutowireCapableBeanFactory.createBean(AbstractAutowireCapableBeanFactory.java:542)
		at org.springframework.beans.factory.support.AbstractBeanFactory.lambda$doGetBean$0(AbstractBeanFactory.java:336)
		at org.springframework.beans.factory.support.DefaultSingletonBeanRegistry.getSingleton(DefaultSingletonBeanRegistry.java:234)
		at org.springframework.beans.factory.support.AbstractBeanFactory.doGetBean(AbstractBeanFactory.java:334)
		at org.springframework.beans.factory.support.AbstractBeanFactory.getBean(AbstractBeanFactory.java:209)
		at org.springframework.beans.factory.support.DefaultListableBeanFactory.preInstantiateSingletons(DefaultListableBeanFactory.java:936)
		at org.springframework.context.support.AbstractApplicationContext.finishBeanFactoryInitialization(AbstractApplicationContext.java:932)
		at org.springframework.context.support.AbstractApplicationContext.refresh(AbstractApplicationContext.java:591)
		at org.springframework.web.servlet.FrameworkServlet.configureAndRefreshWebApplicationContext(FrameworkServlet.java:702)
		at org.springframework.web.servlet.FrameworkServlet.createWebApplicationContext(FrameworkServlet.java:668)
		at org.springframework.web.servlet.FrameworkServlet.createWebApplicationContext(FrameworkServlet.java:716)
		at org.springframework.web.servlet.FrameworkServlet.initWebApplicationContext(FrameworkServlet.java:591)
		at org.springframework.web.servlet.FrameworkServlet.initServletBean(FrameworkServlet.java:530)
		at org.springframework.web.servlet.HttpServletBean.init(HttpServletBean.java:170)
		at javax.servlet.GenericServlet.init(GenericServlet.java:143)
		at org.apache.catalina.core.StandardWrapper.initServlet(StandardWrapper.java:986)
		at org.apache.catalina.core.StandardWrapper.loadServlet(StandardWrapper.java:943)
		at org.apache.catalina.core.StandardWrapper.allocate(StandardWrapper.java:661)
		at org.apache.catalina.core.StandardWrapperValve.invoke(StandardWrapperValve.java:114)
		at org.apache.catalina.core.StandardContextValve.invoke(StandardContextValve.java:88)
		at org.apache.catalina.authenticator.AuthenticatorBase.invoke(AuthenticatorBase.java:491)
		at org.apache.catalina.core.StandardHostValve.invoke(StandardHostValve.java:127)
		at org.apache.catalina.valves.ErrorReportValve.invoke(ErrorReportValve.java:83)
		at org.apache.catalina.valves.AbstractAccessLogValve.invoke(AbstractAccessLogValve.java:764)
		at org.apache.catalina.core.StandardEngineValve.invoke(StandardEngineValve.java:72)
		at org.apache.catalina.connector.CoyoteAdapter.service(CoyoteAdapter.java:344)
		at org.apache.coyote.http11.Http11Processor.service(Http11Processor.java:398)
		at org.apache.coyote.AbstractProcessorLight.process(AbstractProcessorLight.java:63)
		at org.apache.coyote.AbstractProtocol$ConnectionHandler.process(AbstractProtocol.java:1309)
		at org.apache.tomcat.util.net.NioEndpoint$SocketProcessor.doRun(NioEndpoint.java:1854)
		at org.apache.tomcat.util.net.SocketProcessorBase.run(SocketProcessorBase.java:52)
		at org.apache.tomcat.util.threads.ThreadPoolExecutor.runWorker(ThreadPoolExecutor.java:973)
		at org.apache.tomcat.util.threads.ThreadPoolExecutor$Worker.run(ThreadPoolExecutor.java:491)
		at org.apache.tomcat.util.threads.TaskThread$WrappingRunnable.run(TaskThread.java:63)
		at java.lang.Thread.run(Thread.java:750)
	Caused by: org.springframework.beans.TypeMismatchException: Failed to convert property value of type 'java.lang.String' to required type 'org.springframework.core.io.Resource[]' for property 'mapperLocations'; nested exception is java.lang.IllegalArgumentException: Could not resolve resource location pattern [classpath:mappers/*.xml]: class path resource [mappers/] cannot be resolved to URL because it does not exist
		at org.springframework.beans.AbstractNestablePropertyAccessor.convertIfNecessary(AbstractNestablePropertyAccessor.java:600)
		at org.springframework.beans.AbstractNestablePropertyAccessor.convertForProperty(AbstractNestablePropertyAccessor.java:609)
		at org.springframework.beans.BeanWrapperImpl.convertForProperty(BeanWrapperImpl.java:219)
		at org.springframework.beans.factory.support.AbstractAutowireCapableBeanFactory.convertForProperty(AbstractAutowireCapableBeanFactory.java:1756)
		at org.springframework.beans.factory.support.AbstractAutowireCapableBeanFactory.applyPropertyValues(AbstractAutowireCapableBeanFactory.java:1712)
		at org.springframework.beans.factory.support.AbstractAutowireCapableBeanFactory.populateBean(AbstractAutowireCapableBeanFactory.java:1452)
		at org.springframework.beans.factory.support.AbstractAutowireCapableBeanFactory.doCreateBean(AbstractAutowireCapableBeanFactory.java:619)
		... 35 more
	Caused by: java.lang.IllegalArgumentException: Could not resolve resource location pattern [classpath:mappers/*.xml]: class path resource [mappers/] cannot be resolved to URL because it does not exist
		at org.springframework.core.io.support.ResourceArrayPropertyEditor.setAsText(ResourceArrayPropertyEditor.java:121)
		at org.springframework.beans.TypeConverterDelegate.doConvertTextValue(TypeConverterDelegate.java:429)
		at org.springframework.beans.TypeConverterDelegate.doConvertValue(TypeConverterDelegate.java:402)
		at org.springframework.beans.TypeConverterDelegate.convertIfNecessary(TypeConverterDelegate.java:155)
		at org.springframework.beans.AbstractNestablePropertyAccessor.convertIfNecessary(AbstractNestablePropertyAccessor.java:590)
		... 41 more
10-Jun-2026 00:08:53.697 심각 [http-nio-8080-exec-3] org.apache.catalina.core.StandardWrapperValve.invoke 서블릿 [dispatcher]을(를) 위해 할당하던 중 예외 발생
	java.lang.IllegalArgumentException: Could not resolve resource location pattern [classpath:mappers/*.xml]: class path resource [mappers/] cannot be resolved to URL because it does not exist
		at org.springframework.core.io.support.ResourceArrayPropertyEditor.setAsText(ResourceArrayPropertyEditor.java:121)
		at org.springframework.beans.TypeConverterDelegate.doConvertTextValue(TypeConverterDelegate.java:429)
		at org.springframework.beans.TypeConverterDelegate.doConvertValue(TypeConverterDelegate.java:402)
		at org.springframework.beans.TypeConverterDelegate.convertIfNecessary(TypeConverterDelegate.java:155)
		at org.springframework.beans.AbstractNestablePropertyAccessor.convertIfNecessary(AbstractNestablePropertyAccessor.java:590)
		at org.springframework.beans.AbstractNestablePropertyAccessor.convertForProperty(AbstractNestablePropertyAccessor.java:609)
		at org.springframework.beans.BeanWrapperImpl.convertForProperty(BeanWrapperImpl.java:219)
		at org.springframework.beans.factory.support.AbstractAutowireCapableBeanFactory.convertForProperty(AbstractAutowireCapableBeanFactory.java:1756)
		at org.springframework.beans.factory.support.AbstractAutowireCapableBeanFactory.applyPropertyValues(AbstractAutowireCapableBeanFactory.java:1712)
		at org.springframework.beans.factory.support.AbstractAutowireCapableBeanFactory.populateBean(AbstractAutowireCapableBeanFactory.java:1452)
		at org.springframework.beans.factory.support.AbstractAutowireCapableBeanFactory.doCreateBean(AbstractAutowireCapableBeanFactory.java:619)
		at org.springframework.beans.factory.support.AbstractAutowireCapableBeanFactory.createBean(AbstractAutowireCapableBeanFactory.java:542)
		at org.springframework.beans.factory.support.AbstractBeanFactory.lambda$doGetBean$0(AbstractBeanFactory.java:336)
		at org.springframework.beans.factory.support.DefaultSingletonBeanRegistry.getSingleton(DefaultSingletonBeanRegistry.java:234)
		at org.springframework.beans.factory.support.AbstractBeanFactory.doGetBean(AbstractBeanFactory.java:334)
		at org.springframework.beans.factory.support.AbstractBeanFactory.getBean(AbstractBeanFactory.java:209)
		at org.springframework.beans.factory.support.DefaultListableBeanFactory.preInstantiateSingletons(DefaultListableBeanFactory.java:936)
		at org.springframework.context.support.AbstractApplicationContext.finishBeanFactoryInitialization(AbstractApplicationContext.java:932)
		at org.springframework.context.support.AbstractApplicationContext.refresh(AbstractApplicationContext.java:591)
		at org.springframework.web.servlet.FrameworkServlet.configureAndRefreshWebApplicationContext(FrameworkServlet.java:702)
		at org.springframework.web.servlet.FrameworkServlet.createWebApplicationContext(FrameworkServlet.java:668)
		at org.springframework.web.servlet.FrameworkServlet.createWebApplicationContext(FrameworkServlet.java:716)
		at org.springframework.web.servlet.FrameworkServlet.initWebApplicationContext(FrameworkServlet.java:591)
		at org.springframework.web.servlet.FrameworkServlet.initServletBean(FrameworkServlet.java:530)
		at org.springframework.web.servlet.HttpServletBean.init(HttpServletBean.java:170)
		at javax.servlet.GenericServlet.init(GenericServlet.java:143)
		at org.apache.catalina.core.StandardWrapper.initServlet(StandardWrapper.java:986)
		at org.apache.catalina.core.StandardWrapper.loadServlet(StandardWrapper.java:943)
		at org.apache.catalina.core.StandardWrapper.allocate(StandardWrapper.java:661)
		at org.apache.catalina.core.StandardWrapperValve.invoke(StandardWrapperValve.java:114)
		at org.apache.catalina.core.StandardContextValve.invoke(StandardContextValve.java:88)
		at org.apache.catalina.authenticator.AuthenticatorBase.invoke(AuthenticatorBase.java:491)
		at org.apache.catalina.core.StandardHostValve.invoke(StandardHostValve.java:127)
		at org.apache.catalina.valves.ErrorReportValve.invoke(ErrorReportValve.java:83)
		at org.apache.catalina.valves.AbstractAccessLogValve.invoke(AbstractAccessLogValve.java:764)
		at org.apache.catalina.core.StandardEngineValve.invoke(StandardEngineValve.java:72)
		at org.apache.catalina.connector.CoyoteAdapter.service(CoyoteAdapter.java:344)
		at org.apache.coyote.http11.Http11Processor.service(Http11Processor.java:398)
		at org.apache.coyote.AbstractProcessorLight.process(AbstractProcessorLight.java:63)
		at org.apache.coyote.AbstractProtocol$ConnectionHandler.process(AbstractProtocol.java:1309)
		at org.apache.tomcat.util.net.NioEndpoint$SocketProcessor.doRun(NioEndpoint.java:1854)
		at org.apache.tomcat.util.net.SocketProcessorBase.run(SocketProcessorBase.java:52)
		at org.apache.tomcat.util.threads.ThreadPoolExecutor.runWorker(ThreadPoolExecutor.java:973)
		at org.apache.tomcat.util.threads.ThreadPoolExecutor$Worker.run(ThreadPoolExecutor.java:491)
		at org.apache.tomcat.util.threads.TaskThread$WrappingRunnable.run(TaskThread.java:63)
		at java.lang.Thread.run(Thread.java:750)
10-Jun-2026 00:08:53.722 정보 [http-nio-8080-exec-4] org.apache.catalina.core.ApplicationContext.log Initializing Spring DispatcherServlet 'dispatcher'
10-Jun-2026 00:08:53.849 심각 [http-nio-8080-exec-4] org.apache.catalina.core.ApplicationContext.log 서블릿 [dispatcher]을(를) 위한 Servlet.init() 호출이 예외를 발생시켰습니다.
	org.springframework.beans.factory.BeanCreationException: Error creating bean with name 'sqlSessionFactory' defined in ServletContext resource [/WEB-INF/dispatcher-servlet.xml]: Initialization of bean failed; nested exception is org.springframework.beans.TypeMismatchException: Failed to convert property value of type 'java.lang.String' to required type 'org.springframework.core.io.Resource[]' for property 'mapperLocations'; nested exception is java.lang.IllegalArgumentException: Could not resolve resource location pattern [classpath:mappers/*.xml]: class path resource [mappers/] cannot be resolved to URL because it does not exist
		at org.springframework.beans.factory.support.AbstractAutowireCapableBeanFactory.doCreateBean(AbstractAutowireCapableBeanFactory.java:628)
		at org.springframework.beans.factory.support.AbstractAutowireCapableBeanFactory.createBean(AbstractAutowireCapableBeanFactory.java:542)
		at org.springframework.beans.factory.support.AbstractBeanFactory.lambda$doGetBean$0(AbstractBeanFactory.java:336)
		at org.springframework.beans.factory.support.DefaultSingletonBeanRegistry.getSingleton(DefaultSingletonBeanRegistry.java:234)
		at org.springframework.beans.factory.support.AbstractBeanFactory.doGetBean(AbstractBeanFactory.java:334)
		at org.springframework.beans.factory.support.AbstractBeanFactory.getBean(AbstractBeanFactory.java:209)
		at org.springframework.beans.factory.support.DefaultListableBeanFactory.preInstantiateSingletons(DefaultListableBeanFactory.java:936)
		at org.springframework.context.support.AbstractApplicationContext.finishBeanFactoryInitialization(AbstractApplicationContext.java:932)
		at org.springframework.context.support.AbstractApplicationContext.refresh(AbstractApplicationContext.java:591)
		at org.springframework.web.servlet.FrameworkServlet.configureAndRefreshWebApplicationContext(FrameworkServlet.java:702)
		at org.springframework.web.servlet.FrameworkServlet.createWebApplicationContext(FrameworkServlet.java:668)
		at org.springframework.web.servlet.FrameworkServlet.createWebApplicationContext(FrameworkServlet.java:716)
		at org.springframework.web.servlet.FrameworkServlet.initWebApplicationContext(FrameworkServlet.java:591)
		at org.springframework.web.servlet.FrameworkServlet.initServletBean(FrameworkServlet.java:530)
		at org.springframework.web.servlet.HttpServletBean.init(HttpServletBean.java:170)
		at javax.servlet.GenericServlet.init(GenericServlet.java:143)
		at org.apache.catalina.core.StandardWrapper.initServlet(StandardWrapper.java:986)
		at org.apache.catalina.core.StandardWrapper.loadServlet(StandardWrapper.java:943)
		at org.apache.catalina.core.StandardWrapper.allocate(StandardWrapper.java:661)
		at org.apache.catalina.core.StandardWrapperValve.invoke(StandardWrapperValve.java:114)
		at org.apache.catalina.core.StandardContextValve.invoke(StandardContextValve.java:88)
		at org.apache.catalina.authenticator.AuthenticatorBase.invoke(AuthenticatorBase.java:491)
		at org.apache.catalina.core.StandardHostValve.invoke(StandardHostValve.java:127)
		at org.apache.catalina.valves.ErrorReportValve.invoke(ErrorReportValve.java:83)
		at org.apache.catalina.valves.AbstractAccessLogValve.invoke(AbstractAccessLogValve.java:764)
		at org.apache.catalina.core.StandardEngineValve.invoke(StandardEngineValve.java:72)
		at org.apache.catalina.connector.CoyoteAdapter.service(CoyoteAdapter.java:344)
		at org.apache.coyote.http11.Http11Processor.service(Http11Processor.java:398)
		at org.apache.coyote.AbstractProcessorLight.process(AbstractProcessorLight.java:63)
		at org.apache.coyote.AbstractProtocol$ConnectionHandler.process(AbstractProtocol.java:1309)
		at org.apache.tomcat.util.net.NioEndpoint$SocketProcessor.doRun(NioEndpoint.java:1854)
		at org.apache.tomcat.util.net.SocketProcessorBase.run(SocketProcessorBase.java:52)
		at org.apache.tomcat.util.threads.ThreadPoolExecutor.runWorker(ThreadPoolExecutor.java:973)
		at org.apache.tomcat.util.threads.ThreadPoolExecutor$Worker.run(ThreadPoolExecutor.java:491)
		at org.apache.tomcat.util.threads.TaskThread$WrappingRunnable.run(TaskThread.java:63)
		at java.lang.Thread.run(Thread.java:750)
	Caused by: org.springframework.beans.TypeMismatchException: Failed to convert property value of type 'java.lang.String' to required type 'org.springframework.core.io.Resource[]' for property 'mapperLocations'; nested exception is java.lang.IllegalArgumentException: Could not resolve resource location pattern [classpath:mappers/*.xml]: class path resource [mappers/] cannot be resolved to URL because it does not exist
		at org.springframework.beans.AbstractNestablePropertyAccessor.convertIfNecessary(AbstractNestablePropertyAccessor.java:600)
		at org.springframework.beans.AbstractNestablePropertyAccessor.convertForProperty(AbstractNestablePropertyAccessor.java:609)
		at org.springframework.beans.BeanWrapperImpl.convertForProperty(BeanWrapperImpl.java:219)
		at org.springframework.beans.factory.support.AbstractAutowireCapableBeanFactory.convertForProperty(AbstractAutowireCapableBeanFactory.java:1756)
		at org.springframework.beans.factory.support.AbstractAutowireCapableBeanFactory.applyPropertyValues(AbstractAutowireCapableBeanFactory.java:1712)
		at org.springframework.beans.factory.support.AbstractAutowireCapableBeanFactory.populateBean(AbstractAutowireCapableBeanFactory.java:1452)
		at org.springframework.beans.factory.support.AbstractAutowireCapableBeanFactory.doCreateBean(AbstractAutowireCapableBeanFactory.java:619)
		... 35 more
	Caused by: java.lang.IllegalArgumentException: Could not resolve resource location pattern [classpath:mappers/*.xml]: class path resource [mappers/] cannot be resolved to URL because it does not exist
		at org.springframework.core.io.support.ResourceArrayPropertyEditor.setAsText(ResourceArrayPropertyEditor.java:121)
		at org.springframework.beans.TypeConverterDelegate.doConvertTextValue(TypeConverterDelegate.java:429)
		at org.springframework.beans.TypeConverterDelegate.doConvertValue(TypeConverterDelegate.java:402)
		at org.springframework.beans.TypeConverterDelegate.convertIfNecessary(TypeConverterDelegate.java:155)
		at org.springframework.beans.AbstractNestablePropertyAccessor.convertIfNecessary(AbstractNestablePropertyAccessor.java:590)
		... 41 more
10-Jun-2026 00:08:53.849 심각 [http-nio-8080-exec-4] org.apache.catalina.core.StandardWrapperValve.invoke 서블릿 [dispatcher]을(를) 위해 할당하던 중 예외 발생
	java.lang.IllegalArgumentException: Could not resolve resource location pattern [classpath:mappers/*.xml]: class path resource [mappers/] cannot be resolved to URL because it does not exist
		at org.springframework.core.io.support.ResourceArrayPropertyEditor.setAsText(ResourceArrayPropertyEditor.java:121)
		at org.springframework.beans.TypeConverterDelegate.doConvertTextValue(TypeConverterDelegate.java:429)
		at org.springframework.beans.TypeConverterDelegate.doConvertValue(TypeConverterDelegate.java:402)
		at org.springframework.beans.TypeConverterDelegate.convertIfNecessary(TypeConverterDelegate.java:155)
		at org.springframework.beans.AbstractNestablePropertyAccessor.convertIfNecessary(AbstractNestablePropertyAccessor.java:590)
		at org.springframework.beans.AbstractNestablePropertyAccessor.convertForProperty(AbstractNestablePropertyAccessor.java:609)
		at org.springframework.beans.BeanWrapperImpl.convertForProperty(BeanWrapperImpl.java:219)
		at org.springframework.beans.factory.support.AbstractAutowireCapableBeanFactory.convertForProperty(AbstractAutowireCapableBeanFactory.java:1756)
		at org.springframework.beans.factory.support.AbstractAutowireCapableBeanFactory.applyPropertyValues(AbstractAutowireCapableBeanFactory.java:1712)
		at org.springframework.beans.factory.support.AbstractAutowireCapableBeanFactory.populateBean(AbstractAutowireCapableBeanFactory.java:1452)
		at org.springframework.beans.factory.support.AbstractAutowireCapableBeanFactory.doCreateBean(AbstractAutowireCapableBeanFactory.java:619)
		at org.springframework.beans.factory.support.AbstractAutowireCapableBeanFactory.createBean(AbstractAutowireCapableBeanFactory.java:542)
		at org.springframework.beans.factory.support.AbstractBeanFactory.lambda$doGetBean$0(AbstractBeanFactory.java:336)
		at org.springframework.beans.factory.support.DefaultSingletonBeanRegistry.getSingleton(DefaultSingletonBeanRegistry.java:234)
		at org.springframework.beans.factory.support.AbstractBeanFactory.doGetBean(AbstractBeanFactory.java:334)
		at org.springframework.beans.factory.support.AbstractBeanFactory.getBean(AbstractBeanFactory.java:209)
		at org.springframework.beans.factory.support.DefaultListableBeanFactory.preInstantiateSingletons(DefaultListableBeanFactory.java:936)
		at org.springframework.context.support.AbstractApplicationContext.finishBeanFactoryInitialization(AbstractApplicationContext.java:932)
		at org.springframework.context.support.AbstractApplicationContext.refresh(AbstractApplicationContext.java:591)
		at org.springframework.web.servlet.FrameworkServlet.configureAndRefreshWebApplicationContext(FrameworkServlet.java:702)
		at org.springframework.web.servlet.FrameworkServlet.createWebApplicationContext(FrameworkServlet.java:668)
		at org.springframework.web.servlet.FrameworkServlet.createWebApplicationContext(FrameworkServlet.java:716)
		at org.springframework.web.servlet.FrameworkServlet.initWebApplicationContext(FrameworkServlet.java:591)
		at org.springframework.web.servlet.FrameworkServlet.initServletBean(FrameworkServlet.java:530)
		at org.springframework.web.servlet.HttpServletBean.init(HttpServletBean.java:170)
		at javax.servlet.GenericServlet.init(GenericServlet.java:143)
		at org.apache.catalina.core.StandardWrapper.initServlet(StandardWrapper.java:986)
		at org.apache.catalina.core.StandardWrapper.loadServlet(StandardWrapper.java:943)
		at org.apache.catalina.core.StandardWrapper.allocate(StandardWrapper.java:661)
		at org.apache.catalina.core.StandardWrapperValve.invoke(StandardWrapperValve.java:114)
		at org.apache.catalina.core.StandardContextValve.invoke(StandardContextValve.java:88)
		at org.apache.catalina.authenticator.AuthenticatorBase.invoke(AuthenticatorBase.java:491)
		at org.apache.catalina.core.StandardHostValve.invoke(StandardHostValve.java:127)
		at org.apache.catalina.valves.ErrorReportValve.invoke(ErrorReportValve.java:83)
		at org.apache.catalina.valves.AbstractAccessLogValve.invoke(AbstractAccessLogValve.java:764)
		at org.apache.catalina.core.StandardEngineValve.invoke(StandardEngineValve.java:72)
		at org.apache.catalina.connector.CoyoteAdapter.service(CoyoteAdapter.java:344)
		at org.apache.coyote.http11.Http11Processor.service(Http11Processor.java:398)
		at org.apache.coyote.AbstractProcessorLight.process(AbstractProcessorLight.java:63)
		at org.apache.coyote.AbstractProtocol$ConnectionHandler.process(AbstractProtocol.java:1309)
		at org.apache.tomcat.util.net.NioEndpoint$SocketProcessor.doRun(NioEndpoint.java:1854)
		at org.apache.tomcat.util.net.SocketProcessorBase.run(SocketProcessorBase.java:52)
		at org.apache.tomcat.util.threads.ThreadPoolExecutor.runWorker(ThreadPoolExecutor.java:973)
		at org.apache.tomcat.util.threads.ThreadPoolExecutor$Worker.run(ThreadPoolExecutor.java:491)
		at org.apache.tomcat.util.threads.TaskThread$WrappingRunnable.run(TaskThread.java:63)
		at java.lang.Thread.run(Thread.java:750)
10-Jun-2026 00:09:04.548 정보 [main] org.apache.catalina.core.ApplicationContext.log No Spring WebApplicationInitializer types detected on classpath
10-Jun-2026 00:09:04.721 정보 [main] org.apache.catalina.core.ApplicationContext.log Initializing Spring DispatcherServlet 'dispatcher'
10-Jun-2026 00:09:05.368 심각 [main] org.apache.catalina.core.ApplicationContext.log 서블릿 [dispatcher]을(를) 위한 Servlet.init() 호출이 예외를 발생시켰습니다.
	org.springframework.beans.factory.BeanCreationException: Error creating bean with name 'sqlSessionFactory' defined in ServletContext resource [/WEB-INF/dispatcher-servlet.xml]: Initialization of bean failed; nested exception is org.springframework.beans.TypeMismatchException: Failed to convert property value of type 'java.lang.String' to required type 'org.springframework.core.io.Resource[]' for property 'mapperLocations'; nested exception is java.lang.IllegalArgumentException: Could not resolve resource location pattern [classpath:mappers/*.xml]: class path resource [mappers/] cannot be resolved to URL because it does not exist
		at org.springframework.beans.factory.support.AbstractAutowireCapableBeanFactory.doCreateBean(AbstractAutowireCapableBeanFactory.java:628)
		at org.springframework.beans.factory.support.AbstractAutowireCapableBeanFactory.createBean(AbstractAutowireCapableBeanFactory.java:542)
		at org.springframework.beans.factory.support.AbstractBeanFactory.lambda$doGetBean$0(AbstractBeanFactory.java:336)
		at org.springframework.beans.factory.support.DefaultSingletonBeanRegistry.getSingleton(DefaultSingletonBeanRegistry.java:234)
		at org.springframework.beans.factory.support.AbstractBeanFactory.doGetBean(AbstractBeanFactory.java:334)
		at org.springframework.beans.factory.support.AbstractBeanFactory.getBean(AbstractBeanFactory.java:209)
		at org.springframework.beans.factory.support.DefaultListableBeanFactory.preInstantiateSingletons(DefaultListableBeanFactory.java:936)
		at org.springframework.context.support.AbstractApplicationContext.finishBeanFactoryInitialization(AbstractApplicationContext.java:932)
		at org.springframework.context.support.AbstractApplicationContext.refresh(AbstractApplicationContext.java:591)
		at org.springframework.web.servlet.FrameworkServlet.configureAndRefreshWebApplicationContext(FrameworkServlet.java:702)
		at org.springframework.web.servlet.FrameworkServlet.createWebApplicationContext(FrameworkServlet.java:668)
		at org.springframework.web.servlet.FrameworkServlet.createWebApplicationContext(FrameworkServlet.java:716)
		at org.springframework.web.servlet.FrameworkServlet.initWebApplicationContext(FrameworkServlet.java:591)
		at org.springframework.web.servlet.FrameworkServlet.initServletBean(FrameworkServlet.java:530)
		at org.springframework.web.servlet.HttpServletBean.init(HttpServletBean.java:170)
		at javax.servlet.GenericServlet.init(GenericServlet.java:143)
		at org.apache.catalina.core.StandardWrapper.initServlet(StandardWrapper.java:986)
		at org.apache.catalina.core.StandardWrapper.loadServlet(StandardWrapper.java:943)
		at org.apache.catalina.core.StandardWrapper.load(StandardWrapper.java:840)
		at org.apache.catalina.core.StandardContext.loadOnStartup(StandardContext.java:4226)
		at org.apache.catalina.core.StandardContext.startInternal(StandardContext.java:4527)
		at org.apache.catalina.util.LifecycleBase.start(LifecycleBase.java:164)
		at org.apache.catalina.core.ContainerBase.addChildInternal(ContainerBase.java:597)
		at org.apache.catalina.core.ContainerBase.addChild(ContainerBase.java:569)
		at org.apache.catalina.core.StandardHost.addChild(StandardHost.java:608)
		at org.apache.catalina.startup.HostConfig.deployDescriptor(HostConfig.java:677)
		at org.apache.catalina.startup.HostConfig$DeployDescriptor.run(HostConfig.java:1836)
		at java.util.concurrent.Executors$RunnableAdapter.call(Executors.java:511)
		at java.util.concurrent.FutureTask.run(FutureTask.java:266)
		at org.apache.tomcat.util.threads.InlineExecutorService.execute(InlineExecutorService.java:82)
		at java.util.concurrent.AbstractExecutorService.submit(AbstractExecutorService.java:112)
		at org.apache.catalina.startup.HostConfig.deployDescriptors(HostConfig.java:572)
		at org.apache.catalina.startup.HostConfig.deployApps(HostConfig.java:463)
		at org.apache.catalina.startup.HostConfig.start(HostConfig.java:1576)
		at org.apache.catalina.startup.HostConfig.lifecycleEvent(HostConfig.java:309)
		at org.apache.catalina.util.LifecycleBase.fireLifecycleEvent(LifecycleBase.java:109)
		at org.apache.catalina.util.LifecycleBase.setStateInternal(LifecycleBase.java:389)
		at org.apache.catalina.util.LifecycleBase.setState(LifecycleBase.java:336)
		at org.apache.catalina.core.ContainerBase.startInternal(ContainerBase.java:774)
		at org.apache.catalina.core.StandardHost.startInternal(StandardHost.java:726)
		at org.apache.catalina.util.LifecycleBase.start(LifecycleBase.java:164)
		at org.apache.catalina.core.ContainerBase$StartChild.call(ContainerBase.java:1201)
		at org.apache.catalina.core.ContainerBase$StartChild.call(ContainerBase.java:1191)
		at java.util.concurrent.FutureTask.run(FutureTask.java:266)
		at org.apache.tomcat.util.threads.InlineExecutorService.execute(InlineExecutorService.java:82)
		at java.util.concurrent.AbstractExecutorService.submit(AbstractExecutorService.java:134)
		at org.apache.catalina.core.ContainerBase.startInternal(ContainerBase.java:747)
		at org.apache.catalina.core.StandardEngine.startInternal(StandardEngine.java:209)
		at org.apache.catalina.util.LifecycleBase.start(LifecycleBase.java:164)
		at org.apache.catalina.core.StandardService.startInternal(StandardService.java:410)
		at org.apache.catalina.util.LifecycleBase.start(LifecycleBase.java:164)
		at org.apache.catalina.core.StandardServer.startInternal(StandardServer.java:872)
		at org.apache.catalina.util.LifecycleBase.start(LifecycleBase.java:164)
		at org.apache.catalina.startup.Catalina.start(Catalina.java:736)
		at sun.reflect.NativeMethodAccessorImpl.invoke0(Native Method)
		at sun.reflect.NativeMethodAccessorImpl.invoke(NativeMethodAccessorImpl.java:62)
		at sun.reflect.DelegatingMethodAccessorImpl.invoke(DelegatingMethodAccessorImpl.java:43)
		at java.lang.reflect.Method.invoke(Method.java:498)
		at org.apache.catalina.startup.Bootstrap.start(Bootstrap.java:342)
		at org.apache.catalina.startup.Bootstrap.main(Bootstrap.java:473)
	Caused by: org.springframework.beans.TypeMismatchException: Failed to convert property value of type 'java.lang.String' to required type 'org.springframework.core.io.Resource[]' for property 'mapperLocations'; nested exception is java.lang.IllegalArgumentException: Could not resolve resource location pattern [classpath:mappers/*.xml]: class path resource [mappers/] cannot be resolved to URL because it does not exist
		at org.springframework.beans.AbstractNestablePropertyAccessor.convertIfNecessary(AbstractNestablePropertyAccessor.java:600)
		at org.springframework.beans.AbstractNestablePropertyAccessor.convertForProperty(AbstractNestablePropertyAccessor.java:609)
		at org.springframework.beans.BeanWrapperImpl.convertForProperty(BeanWrapperImpl.java:219)
		at org.springframework.beans.factory.support.AbstractAutowireCapableBeanFactory.convertForProperty(AbstractAutowireCapableBeanFactory.java:1756)
		at org.springframework.beans.factory.support.AbstractAutowireCapableBeanFactory.applyPropertyValues(AbstractAutowireCapableBeanFactory.java:1712)
		at org.springframework.beans.factory.support.AbstractAutowireCapableBeanFactory.populateBean(AbstractAutowireCapableBeanFactory.java:1452)
		at org.springframework.beans.factory.support.AbstractAutowireCapableBeanFactory.doCreateBean(AbstractAutowireCapableBeanFactory.java:619)
		... 59 more
	Caused by: java.lang.IllegalArgumentException: Could not resolve resource location pattern [classpath:mappers/*.xml]: class path resource [mappers/] cannot be resolved to URL because it does not exist
		at org.springframework.core.io.support.ResourceArrayPropertyEditor.setAsText(ResourceArrayPropertyEditor.java:121)
		at org.springframework.beans.TypeConverterDelegate.doConvertTextValue(TypeConverterDelegate.java:429)
		at org.springframework.beans.TypeConverterDelegate.doConvertValue(TypeConverterDelegate.java:402)
		at org.springframework.beans.TypeConverterDelegate.convertIfNecessary(TypeConverterDelegate.java:155)
		at org.springframework.beans.AbstractNestablePropertyAccessor.convertIfNecessary(AbstractNestablePropertyAccessor.java:590)
		... 65 more
10-Jun-2026 00:09:05.368 심각 [main] org.apache.catalina.core.StandardContext.loadOnStartup 웹 애플리케이션 [] 내의 서블릿 [dispatcher]이(가) load() 예외를 발생시켰습니다.
	java.lang.IllegalArgumentException: Could not resolve resource location pattern [classpath:mappers/*.xml]: class path resource [mappers/] cannot be resolved to URL because it does not exist
		at org.springframework.core.io.support.ResourceArrayPropertyEditor.setAsText(ResourceArrayPropertyEditor.java:121)
		at org.springframework.beans.TypeConverterDelegate.doConvertTextValue(TypeConverterDelegate.java:429)
		at org.springframework.beans.TypeConverterDelegate.doConvertValue(TypeConverterDelegate.java:402)
		at org.springframework.beans.TypeConverterDelegate.convertIfNecessary(TypeConverterDelegate.java:155)
		at org.springframework.beans.AbstractNestablePropertyAccessor.convertIfNecessary(AbstractNestablePropertyAccessor.java:590)
		at org.springframework.beans.AbstractNestablePropertyAccessor.convertForProperty(AbstractNestablePropertyAccessor.java:609)
		at org.springframework.beans.BeanWrapperImpl.convertForProperty(BeanWrapperImpl.java:219)
		at org.springframework.beans.factory.support.AbstractAutowireCapableBeanFactory.convertForProperty(AbstractAutowireCapableBeanFactory.java:1756)
		at org.springframework.beans.factory.support.AbstractAutowireCapableBeanFactory.applyPropertyValues(AbstractAutowireCapableBeanFactory.java:1712)
		at org.springframework.beans.factory.support.AbstractAutowireCapableBeanFactory.populateBean(AbstractAutowireCapableBeanFactory.java:1452)
		at org.springframework.beans.factory.support.AbstractAutowireCapableBeanFactory.doCreateBean(AbstractAutowireCapableBeanFactory.java:619)
		at org.springframework.beans.factory.support.AbstractAutowireCapableBeanFactory.createBean(AbstractAutowireCapableBeanFactory.java:542)
		at org.springframework.beans.factory.support.AbstractBeanFactory.lambda$doGetBean$0(AbstractBeanFactory.java:336)
		at org.springframework.beans.factory.support.DefaultSingletonBeanRegistry.getSingleton(DefaultSingletonBeanRegistry.java:234)
		at org.springframework.beans.factory.support.AbstractBeanFactory.doGetBean(AbstractBeanFactory.java:334)
		at org.springframework.beans.factory.support.AbstractBeanFactory.getBean(AbstractBeanFactory.java:209)
		at org.springframework.beans.factory.support.DefaultListableBeanFactory.preInstantiateSingletons(DefaultListableBeanFactory.java:936)
		at org.springframework.context.support.AbstractApplicationContext.finishBeanFactoryInitialization(AbstractApplicationContext.java:932)
		at org.springframework.context.support.AbstractApplicationContext.refresh(AbstractApplicationContext.java:591)
		at org.springframework.web.servlet.FrameworkServlet.configureAndRefreshWebApplicationContext(FrameworkServlet.java:702)
		at org.springframework.web.servlet.FrameworkServlet.createWebApplicationContext(FrameworkServlet.java:668)
		at org.springframework.web.servlet.FrameworkServlet.createWebApplicationContext(FrameworkServlet.java:716)
		at org.springframework.web.servlet.FrameworkServlet.initWebApplicationContext(FrameworkServlet.java:591)
		at org.springframework.web.servlet.FrameworkServlet.initServletBean(FrameworkServlet.java:530)
		at org.springframework.web.servlet.HttpServletBean.init(HttpServletBean.java:170)
		at javax.servlet.GenericServlet.init(GenericServlet.java:143)
		at org.apache.catalina.core.StandardWrapper.initServlet(StandardWrapper.java:986)
		at org.apache.catalina.core.StandardWrapper.loadServlet(StandardWrapper.java:943)
		at org.apache.catalina.core.StandardWrapper.load(StandardWrapper.java:840)
		at org.apache.catalina.core.StandardContext.loadOnStartup(StandardContext.java:4226)
		at org.apache.catalina.core.StandardContext.startInternal(StandardContext.java:4527)
		at org.apache.catalina.util.LifecycleBase.start(LifecycleBase.java:164)
		at org.apache.catalina.core.ContainerBase.addChildInternal(ContainerBase.java:597)
		at org.apache.catalina.core.ContainerBase.addChild(ContainerBase.java:569)
		at org.apache.catalina.core.StandardHost.addChild(StandardHost.java:608)
		at org.apache.catalina.startup.HostConfig.deployDescriptor(HostConfig.java:677)
		at org.apache.catalina.startup.HostConfig$DeployDescriptor.run(HostConfig.java:1836)
		at java.util.concurrent.Executors$RunnableAdapter.call(Executors.java:511)
		at java.util.concurrent.FutureTask.run(FutureTask.java:266)
		at org.apache.tomcat.util.threads.InlineExecutorService.execute(InlineExecutorService.java:82)
		at java.util.concurrent.AbstractExecutorService.submit(AbstractExecutorService.java:112)
		at org.apache.catalina.startup.HostConfig.deployDescriptors(HostConfig.java:572)
		at org.apache.catalina.startup.HostConfig.deployApps(HostConfig.java:463)
		at org.apache.catalina.startup.HostConfig.start(HostConfig.java:1576)
		at org.apache.catalina.startup.HostConfig.lifecycleEvent(HostConfig.java:309)
		at org.apache.catalina.util.LifecycleBase.fireLifecycleEvent(LifecycleBase.java:109)
		at org.apache.catalina.util.LifecycleBase.setStateInternal(LifecycleBase.java:389)
		at org.apache.catalina.util.LifecycleBase.setState(LifecycleBase.java:336)
		at org.apache.catalina.core.ContainerBase.startInternal(ContainerBase.java:774)
		at org.apache.catalina.core.StandardHost.startInternal(StandardHost.java:726)
		at org.apache.catalina.util.LifecycleBase.start(LifecycleBase.java:164)
		at org.apache.catalina.core.ContainerBase$StartChild.call(ContainerBase.java:1201)
		at org.apache.catalina.core.ContainerBase$StartChild.call(ContainerBase.java:1191)
		at java.util.concurrent.FutureTask.run(FutureTask.java:266)
		at org.apache.tomcat.util.threads.InlineExecutorService.execute(InlineExecutorService.java:82)
		at java.util.concurrent.AbstractExecutorService.submit(AbstractExecutorService.java:134)
		at org.apache.catalina.core.ContainerBase.startInternal(ContainerBase.java:747)
		at org.apache.catalina.core.StandardEngine.startInternal(StandardEngine.java:209)
		at org.apache.catalina.util.LifecycleBase.start(LifecycleBase.java:164)
		at org.apache.catalina.core.StandardService.startInternal(StandardService.java:410)
		at org.apache.catalina.util.LifecycleBase.start(LifecycleBase.java:164)
		at org.apache.catalina.core.StandardServer.startInternal(StandardServer.java:872)
		at org.apache.catalina.util.LifecycleBase.start(LifecycleBase.java:164)
		at org.apache.catalina.startup.Catalina.start(Catalina.java:736)
		at sun.reflect.NativeMethodAccessorImpl.invoke0(Native Method)
		at sun.reflect.NativeMethodAccessorImpl.invoke(NativeMethodAccessorImpl.java:62)
		at sun.reflect.DelegatingMethodAccessorImpl.invoke(DelegatingMethodAccessorImpl.java:43)
		at java.lang.reflect.Method.invoke(Method.java:498)
		at org.apache.catalina.startup.Bootstrap.start(Bootstrap.java:342)
		at org.apache.catalina.startup.Bootstrap.main(Bootstrap.java:473)
10-Jun-2026 00:09:12.732 정보 [http-nio-8080-exec-1] org.apache.catalina.core.ApplicationContext.log Initializing Spring DispatcherServlet 'dispatcher'
10-Jun-2026 00:09:12.846 심각 [http-nio-8080-exec-1] org.apache.catalina.core.ApplicationContext.log 서블릿 [dispatcher]을(를) 위한 Servlet.init() 호출이 예외를 발생시켰습니다.
	org.springframework.beans.factory.BeanCreationException: Error creating bean with name 'sqlSessionFactory' defined in ServletContext resource [/WEB-INF/dispatcher-servlet.xml]: Initialization of bean failed; nested exception is org.springframework.beans.TypeMismatchException: Failed to convert property value of type 'java.lang.String' to required type 'org.springframework.core.io.Resource[]' for property 'mapperLocations'; nested exception is java.lang.IllegalArgumentException: Could not resolve resource location pattern [classpath:mappers/*.xml]: class path resource [mappers/] cannot be resolved to URL because it does not exist
		at org.springframework.beans.factory.support.AbstractAutowireCapableBeanFactory.doCreateBean(AbstractAutowireCapableBeanFactory.java:628)
		at org.springframework.beans.factory.support.AbstractAutowireCapableBeanFactory.createBean(AbstractAutowireCapableBeanFactory.java:542)
		at org.springframework.beans.factory.support.AbstractBeanFactory.lambda$doGetBean$0(AbstractBeanFactory.java:336)
		at org.springframework.beans.factory.support.DefaultSingletonBeanRegistry.getSingleton(DefaultSingletonBeanRegistry.java:234)
		at org.springframework.beans.factory.support.AbstractBeanFactory.doGetBean(AbstractBeanFactory.java:334)
		at org.springframework.beans.factory.support.AbstractBeanFactory.getBean(AbstractBeanFactory.java:209)
		at org.springframework.beans.factory.support.DefaultListableBeanFactory.preInstantiateSingletons(DefaultListableBeanFactory.java:936)
		at org.springframework.context.support.AbstractApplicationContext.finishBeanFactoryInitialization(AbstractApplicationContext.java:932)
		at org.springframework.context.support.AbstractApplicationContext.refresh(AbstractApplicationContext.java:591)
		at org.springframework.web.servlet.FrameworkServlet.configureAndRefreshWebApplicationContext(FrameworkServlet.java:702)
		at org.springframework.web.servlet.FrameworkServlet.createWebApplicationContext(FrameworkServlet.java:668)
		at org.springframework.web.servlet.FrameworkServlet.createWebApplicationContext(FrameworkServlet.java:716)
		at org.springframework.web.servlet.FrameworkServlet.initWebApplicationContext(FrameworkServlet.java:591)
		at org.springframework.web.servlet.FrameworkServlet.initServletBean(FrameworkServlet.java:530)
		at org.springframework.web.servlet.HttpServletBean.init(HttpServletBean.java:170)
		at javax.servlet.GenericServlet.init(GenericServlet.java:143)
		at org.apache.catalina.core.StandardWrapper.initServlet(StandardWrapper.java:986)
		at org.apache.catalina.core.StandardWrapper.loadServlet(StandardWrapper.java:943)
		at org.apache.catalina.core.StandardWrapper.allocate(StandardWrapper.java:661)
		at org.apache.catalina.core.StandardWrapperValve.invoke(StandardWrapperValve.java:114)
		at org.apache.catalina.core.StandardContextValve.invoke(StandardContextValve.java:88)
		at org.apache.catalina.authenticator.AuthenticatorBase.invoke(AuthenticatorBase.java:491)
		at org.apache.catalina.core.StandardHostValve.invoke(StandardHostValve.java:127)
		at org.apache.catalina.valves.ErrorReportValve.invoke(ErrorReportValve.java:83)
		at org.apache.catalina.valves.AbstractAccessLogValve.invoke(AbstractAccessLogValve.java:764)
		at org.apache.catalina.core.StandardEngineValve.invoke(StandardEngineValve.java:72)
		at org.apache.catalina.connector.CoyoteAdapter.service(CoyoteAdapter.java:344)
		at org.apache.coyote.http11.Http11Processor.service(Http11Processor.java:398)
		at org.apache.coyote.AbstractProcessorLight.process(AbstractProcessorLight.java:63)
		at org.apache.coyote.AbstractProtocol$ConnectionHandler.process(AbstractProtocol.java:1309)
		at org.apache.tomcat.util.net.NioEndpoint$SocketProcessor.doRun(NioEndpoint.java:1854)
		at org.apache.tomcat.util.net.SocketProcessorBase.run(SocketProcessorBase.java:52)
		at org.apache.tomcat.util.threads.ThreadPoolExecutor.runWorker(ThreadPoolExecutor.java:973)
		at org.apache.tomcat.util.threads.ThreadPoolExecutor$Worker.run(ThreadPoolExecutor.java:491)
		at org.apache.tomcat.util.threads.TaskThread$WrappingRunnable.run(TaskThread.java:63)
		at java.lang.Thread.run(Thread.java:750)
	Caused by: org.springframework.beans.TypeMismatchException: Failed to convert property value of type 'java.lang.String' to required type 'org.springframework.core.io.Resource[]' for property 'mapperLocations'; nested exception is java.lang.IllegalArgumentException: Could not resolve resource location pattern [classpath:mappers/*.xml]: class path resource [mappers/] cannot be resolved to URL because it does not exist
		at org.springframework.beans.AbstractNestablePropertyAccessor.convertIfNecessary(AbstractNestablePropertyAccessor.java:600)
		at org.springframework.beans.AbstractNestablePropertyAccessor.convertForProperty(AbstractNestablePropertyAccessor.java:609)
		at org.springframework.beans.BeanWrapperImpl.convertForProperty(BeanWrapperImpl.java:219)
		at org.springframework.beans.factory.support.AbstractAutowireCapableBeanFactory.convertForProperty(AbstractAutowireCapableBeanFactory.java:1756)
		at org.springframework.beans.factory.support.AbstractAutowireCapableBeanFactory.applyPropertyValues(AbstractAutowireCapableBeanFactory.java:1712)
		at org.springframework.beans.factory.support.AbstractAutowireCapableBeanFactory.populateBean(AbstractAutowireCapableBeanFactory.java:1452)
		at org.springframework.beans.factory.support.AbstractAutowireCapableBeanFactory.doCreateBean(AbstractAutowireCapableBeanFactory.java:619)
		... 35 more
	Caused by: java.lang.IllegalArgumentException: Could not resolve resource location pattern [classpath:mappers/*.xml]: class path resource [mappers/] cannot be resolved to URL because it does not exist
		at org.springframework.core.io.support.ResourceArrayPropertyEditor.setAsText(ResourceArrayPropertyEditor.java:121)
		at org.springframework.beans.TypeConverterDelegate.doConvertTextValue(TypeConverterDelegate.java:429)
		at org.springframework.beans.TypeConverterDelegate.doConvertValue(TypeConverterDelegate.java:402)
		at org.springframework.beans.TypeConverterDelegate.convertIfNecessary(TypeConverterDelegate.java:155)
		at org.springframework.beans.AbstractNestablePropertyAccessor.convertIfNecessary(AbstractNestablePropertyAccessor.java:590)
		... 41 more
10-Jun-2026 00:09:12.846 심각 [http-nio-8080-exec-1] org.apache.catalina.core.StandardWrapperValve.invoke 서블릿 [dispatcher]을(를) 위해 할당하던 중 예외 발생
	java.lang.IllegalArgumentException: Could not resolve resource location pattern [classpath:mappers/*.xml]: class path resource [mappers/] cannot be resolved to URL because it does not exist
		at org.springframework.core.io.support.ResourceArrayPropertyEditor.setAsText(ResourceArrayPropertyEditor.java:121)
		at org.springframework.beans.TypeConverterDelegate.doConvertTextValue(TypeConverterDelegate.java:429)
		at org.springframework.beans.TypeConverterDelegate.doConvertValue(TypeConverterDelegate.java:402)
		at org.springframework.beans.TypeConverterDelegate.convertIfNecessary(TypeConverterDelegate.java:155)
		at org.springframework.beans.AbstractNestablePropertyAccessor.convertIfNecessary(AbstractNestablePropertyAccessor.java:590)
		at org.springframework.beans.AbstractNestablePropertyAccessor.convertForProperty(AbstractNestablePropertyAccessor.java:609)
		at org.springframework.beans.BeanWrapperImpl.convertForProperty(BeanWrapperImpl.java:219)
		at org.springframework.beans.factory.support.AbstractAutowireCapableBeanFactory.convertForProperty(AbstractAutowireCapableBeanFactory.java:1756)
		at org.springframework.beans.factory.support.AbstractAutowireCapableBeanFactory.applyPropertyValues(AbstractAutowireCapableBeanFactory.java:1712)
		at org.springframework.beans.factory.support.AbstractAutowireCapableBeanFactory.populateBean(AbstractAutowireCapableBeanFactory.java:1452)
		at org.springframework.beans.factory.support.AbstractAutowireCapableBeanFactory.doCreateBean(AbstractAutowireCapableBeanFactory.java:619)
		at org.springframework.beans.factory.support.AbstractAutowireCapableBeanFactory.createBean(AbstractAutowireCapableBeanFactory.java:542)
		at org.springframework.beans.factory.support.AbstractBeanFactory.lambda$doGetBean$0(AbstractBeanFactory.java:336)
		at org.springframework.beans.factory.support.DefaultSingletonBeanRegistry.getSingleton(DefaultSingletonBeanRegistry.java:234)
		at org.springframework.beans.factory.support.AbstractBeanFactory.doGetBean(AbstractBeanFactory.java:334)
		at org.springframework.beans.factory.support.AbstractBeanFactory.getBean(AbstractBeanFactory.java:209)
		at org.springframework.beans.factory.support.DefaultListableBeanFactory.preInstantiateSingletons(DefaultListableBeanFactory.java:936)
		at org.springframework.context.support.AbstractApplicationContext.finishBeanFactoryInitialization(AbstractApplicationContext.java:932)
		at org.springframework.context.support.AbstractApplicationContext.refresh(AbstractApplicationContext.java:591)
		at org.springframework.web.servlet.FrameworkServlet.configureAndRefreshWebApplicationContext(FrameworkServlet.java:702)
		at org.springframework.web.servlet.FrameworkServlet.createWebApplicationContext(FrameworkServlet.java:668)
		at org.springframework.web.servlet.FrameworkServlet.createWebApplicationContext(FrameworkServlet.java:716)
		at org.springframework.web.servlet.FrameworkServlet.initWebApplicationContext(FrameworkServlet.java:591)
		at org.springframework.web.servlet.FrameworkServlet.initServletBean(FrameworkServlet.java:530)
		at org.springframework.web.servlet.HttpServletBean.init(HttpServletBean.java:170)
		at javax.servlet.GenericServlet.init(GenericServlet.java:143)
		at org.apache.catalina.core.StandardWrapper.initServlet(StandardWrapper.java:986)
		at org.apache.catalina.core.StandardWrapper.loadServlet(StandardWrapper.java:943)
		at org.apache.catalina.core.StandardWrapper.allocate(StandardWrapper.java:661)
		at org.apache.catalina.core.StandardWrapperValve.invoke(StandardWrapperValve.java:114)
		at org.apache.catalina.core.StandardContextValve.invoke(StandardContextValve.java:88)
		at org.apache.catalina.authenticator.AuthenticatorBase.invoke(AuthenticatorBase.java:491)
		at org.apache.catalina.core.StandardHostValve.invoke(StandardHostValve.java:127)
		at org.apache.catalina.valves.ErrorReportValve.invoke(ErrorReportValve.java:83)
		at org.apache.catalina.valves.AbstractAccessLogValve.invoke(AbstractAccessLogValve.java:764)
		at org.apache.catalina.core.StandardEngineValve.invoke(StandardEngineValve.java:72)
		at org.apache.catalina.connector.CoyoteAdapter.service(CoyoteAdapter.java:344)
		at org.apache.coyote.http11.Http11Processor.service(Http11Processor.java:398)
		at org.apache.coyote.AbstractProcessorLight.process(AbstractProcessorLight.java:63)
		at org.apache.coyote.AbstractProtocol$ConnectionHandler.process(AbstractProtocol.java:1309)
		at org.apache.tomcat.util.net.NioEndpoint$SocketProcessor.doRun(NioEndpoint.java:1854)
		at org.apache.tomcat.util.net.SocketProcessorBase.run(SocketProcessorBase.java:52)
		at org.apache.tomcat.util.threads.ThreadPoolExecutor.runWorker(ThreadPoolExecutor.java:973)
		at org.apache.tomcat.util.threads.ThreadPoolExecutor$Worker.run(ThreadPoolExecutor.java:491)
		at org.apache.tomcat.util.threads.TaskThread$WrappingRunnable.run(TaskThread.java:63)
		at java.lang.Thread.run(Thread.java:750)
10-Jun-2026 00:09:12.929 정보 [http-nio-8080-exec-2] org.apache.catalina.core.ApplicationContext.log Initializing Spring DispatcherServlet 'dispatcher'
10-Jun-2026 00:09:13.072 심각 [http-nio-8080-exec-2] org.apache.catalina.core.ApplicationContext.log 서블릿 [dispatcher]을(를) 위한 Servlet.init() 호출이 예외를 발생시켰습니다.
	org.springframework.beans.factory.BeanCreationException: Error creating bean with name 'sqlSessionFactory' defined in ServletContext resource [/WEB-INF/dispatcher-servlet.xml]: Initialization of bean failed; nested exception is org.springframework.beans.TypeMismatchException: Failed to convert property value of type 'java.lang.String' to required type 'org.springframework.core.io.Resource[]' for property 'mapperLocations'; nested exception is java.lang.IllegalArgumentException: Could not resolve resource location pattern [classpath:mappers/*.xml]: class path resource [mappers/] cannot be resolved to URL because it does not exist
		at org.springframework.beans.factory.support.AbstractAutowireCapableBeanFactory.doCreateBean(AbstractAutowireCapableBeanFactory.java:628)
		at org.springframework.beans.factory.support.AbstractAutowireCapableBeanFactory.createBean(AbstractAutowireCapableBeanFactory.java:542)
		at org.springframework.beans.factory.support.AbstractBeanFactory.lambda$doGetBean$0(AbstractBeanFactory.java:336)
		at org.springframework.beans.factory.support.DefaultSingletonBeanRegistry.getSingleton(DefaultSingletonBeanRegistry.java:234)
		at org.springframework.beans.factory.support.AbstractBeanFactory.doGetBean(AbstractBeanFactory.java:334)
		at org.springframework.beans.factory.support.AbstractBeanFactory.getBean(AbstractBeanFactory.java:209)
		at org.springframework.beans.factory.support.DefaultListableBeanFactory.preInstantiateSingletons(DefaultListableBeanFactory.java:936)
		at org.springframework.context.support.AbstractApplicationContext.finishBeanFactoryInitialization(AbstractApplicationContext.java:932)
		at org.springframework.context.support.AbstractApplicationContext.refresh(AbstractApplicationContext.java:591)
		at org.springframework.web.servlet.FrameworkServlet.configureAndRefreshWebApplicationContext(FrameworkServlet.java:702)
		at org.springframework.web.servlet.FrameworkServlet.createWebApplicationContext(FrameworkServlet.java:668)
		at org.springframework.web.servlet.FrameworkServlet.createWebApplicationContext(FrameworkServlet.java:716)
		at org.springframework.web.servlet.FrameworkServlet.initWebApplicationContext(FrameworkServlet.java:591)
		at org.springframework.web.servlet.FrameworkServlet.initServletBean(FrameworkServlet.java:530)
		at org.springframework.web.servlet.HttpServletBean.init(HttpServletBean.java:170)
		at javax.servlet.GenericServlet.init(GenericServlet.java:143)
		at org.apache.catalina.core.StandardWrapper.initServlet(StandardWrapper.java:986)
		at org.apache.catalina.core.StandardWrapper.loadServlet(StandardWrapper.java:943)
		at org.apache.catalina.core.StandardWrapper.allocate(StandardWrapper.java:661)
		at org.apache.catalina.core.StandardWrapperValve.invoke(StandardWrapperValve.java:114)
		at org.apache.catalina.core.StandardContextValve.invoke(StandardContextValve.java:88)
		at org.apache.catalina.authenticator.AuthenticatorBase.invoke(AuthenticatorBase.java:491)
		at org.apache.catalina.core.StandardHostValve.invoke(StandardHostValve.java:127)
		at org.apache.catalina.valves.ErrorReportValve.invoke(ErrorReportValve.java:83)
		at org.apache.catalina.valves.AbstractAccessLogValve.invoke(AbstractAccessLogValve.java:764)
		at org.apache.catalina.core.StandardEngineValve.invoke(StandardEngineValve.java:72)
		at org.apache.catalina.connector.CoyoteAdapter.service(CoyoteAdapter.java:344)
		at org.apache.coyote.http11.Http11Processor.service(Http11Processor.java:398)
		at org.apache.coyote.AbstractProcessorLight.process(AbstractProcessorLight.java:63)
		at org.apache.coyote.AbstractProtocol$ConnectionHandler.process(AbstractProtocol.java:1309)
		at org.apache.tomcat.util.net.NioEndpoint$SocketProcessor.doRun(NioEndpoint.java:1854)
		at org.apache.tomcat.util.net.SocketProcessorBase.run(SocketProcessorBase.java:52)
		at org.apache.tomcat.util.threads.ThreadPoolExecutor.runWorker(ThreadPoolExecutor.java:973)
		at org.apache.tomcat.util.threads.ThreadPoolExecutor$Worker.run(ThreadPoolExecutor.java:491)
		at org.apache.tomcat.util.threads.TaskThread$WrappingRunnable.run(TaskThread.java:63)
		at java.lang.Thread.run(Thread.java:750)
	Caused by: org.springframework.beans.TypeMismatchException: Failed to convert property value of type 'java.lang.String' to required type 'org.springframework.core.io.Resource[]' for property 'mapperLocations'; nested exception is java.lang.IllegalArgumentException: Could not resolve resource location pattern [classpath:mappers/*.xml]: class path resource [mappers/] cannot be resolved to URL because it does not exist
		at org.springframework.beans.AbstractNestablePropertyAccessor.convertIfNecessary(AbstractNestablePropertyAccessor.java:600)
		at org.springframework.beans.AbstractNestablePropertyAccessor.convertForProperty(AbstractNestablePropertyAccessor.java:609)
		at org.springframework.beans.BeanWrapperImpl.convertForProperty(BeanWrapperImpl.java:219)
		at org.springframework.beans.factory.support.AbstractAutowireCapableBeanFactory.convertForProperty(AbstractAutowireCapableBeanFactory.java:1756)
		at org.springframework.beans.factory.support.AbstractAutowireCapableBeanFactory.applyPropertyValues(AbstractAutowireCapableBeanFactory.java:1712)
		at org.springframework.beans.factory.support.AbstractAutowireCapableBeanFactory.populateBean(AbstractAutowireCapableBeanFactory.java:1452)
		at org.springframework.beans.factory.support.AbstractAutowireCapableBeanFactory.doCreateBean(AbstractAutowireCapableBeanFactory.java:619)
		... 35 more
	Caused by: java.lang.IllegalArgumentException: Could not resolve resource location pattern [classpath:mappers/*.xml]: class path resource [mappers/] cannot be resolved to URL because it does not exist
		at org.springframework.core.io.support.ResourceArrayPropertyEditor.setAsText(ResourceArrayPropertyEditor.java:121)
		at org.springframework.beans.TypeConverterDelegate.doConvertTextValue(TypeConverterDelegate.java:429)
		at org.springframework.beans.TypeConverterDelegate.doConvertValue(TypeConverterDelegate.java:402)
		at org.springframework.beans.TypeConverterDelegate.convertIfNecessary(TypeConverterDelegate.java:155)
		at org.springframework.beans.AbstractNestablePropertyAccessor.convertIfNecessary(AbstractNestablePropertyAccessor.java:590)
		... 41 more
10-Jun-2026 00:09:13.072 심각 [http-nio-8080-exec-2] org.apache.catalina.core.StandardWrapperValve.invoke 서블릿 [dispatcher]을(를) 위해 할당하던 중 예외 발생
	java.lang.IllegalArgumentException: Could not resolve resource location pattern [classpath:mappers/*.xml]: class path resource [mappers/] cannot be resolved to URL because it does not exist
		at org.springframework.core.io.support.ResourceArrayPropertyEditor.setAsText(ResourceArrayPropertyEditor.java:121)
		at org.springframework.beans.TypeConverterDelegate.doConvertTextValue(TypeConverterDelegate.java:429)
		at org.springframework.beans.TypeConverterDelegate.doConvertValue(TypeConverterDelegate.java:402)
		at org.springframework.beans.TypeConverterDelegate.convertIfNecessary(TypeConverterDelegate.java:155)
		at org.springframework.beans.AbstractNestablePropertyAccessor.convertIfNecessary(AbstractNestablePropertyAccessor.java:590)
		at org.springframework.beans.AbstractNestablePropertyAccessor.convertForProperty(AbstractNestablePropertyAccessor.java:609)
		at org.springframework.beans.BeanWrapperImpl.convertForProperty(BeanWrapperImpl.java:219)
		at org.springframework.beans.factory.support.AbstractAutowireCapableBeanFactory.convertForProperty(AbstractAutowireCapableBeanFactory.java:1756)
		at org.springframework.beans.factory.support.AbstractAutowireCapableBeanFactory.applyPropertyValues(AbstractAutowireCapableBeanFactory.java:1712)
		at org.springframework.beans.factory.support.AbstractAutowireCapableBeanFactory.populateBean(AbstractAutowireCapableBeanFactory.java:1452)
		at org.springframework.beans.factory.support.AbstractAutowireCapableBeanFactory.doCreateBean(AbstractAutowireCapableBeanFactory.java:619)
		at org.springframework.beans.factory.support.AbstractAutowireCapableBeanFactory.createBean(AbstractAutowireCapableBeanFactory.java:542)
		at org.springframework.beans.factory.support.AbstractBeanFactory.lambda$doGetBean$0(AbstractBeanFactory.java:336)
		at org.springframework.beans.factory.support.DefaultSingletonBeanRegistry.getSingleton(DefaultSingletonBeanRegistry.java:234)
		at org.springframework.beans.factory.support.AbstractBeanFactory.doGetBean(AbstractBeanFactory.java:334)
		at org.springframework.beans.factory.support.AbstractBeanFactory.getBean(AbstractBeanFactory.java:209)
		at org.springframework.beans.factory.support.DefaultListableBeanFactory.preInstantiateSingletons(DefaultListableBeanFactory.java:936)
		at org.springframework.context.support.AbstractApplicationContext.finishBeanFactoryInitialization(AbstractApplicationContext.java:932)
		at org.springframework.context.support.AbstractApplicationContext.refresh(AbstractApplicationContext.java:591)
		at org.springframework.web.servlet.FrameworkServlet.configureAndRefreshWebApplicationContext(FrameworkServlet.java:702)
		at org.springframework.web.servlet.FrameworkServlet.createWebApplicationContext(FrameworkServlet.java:668)
		at org.springframework.web.servlet.FrameworkServlet.createWebApplicationContext(FrameworkServlet.java:716)
		at org.springframework.web.servlet.FrameworkServlet.initWebApplicationContext(FrameworkServlet.java:591)
		at org.springframework.web.servlet.FrameworkServlet.initServletBean(FrameworkServlet.java:530)
		at org.springframework.web.servlet.HttpServletBean.init(HttpServletBean.java:170)
		at javax.servlet.GenericServlet.init(GenericServlet.java:143)
		at org.apache.catalina.core.StandardWrapper.initServlet(StandardWrapper.java:986)
		at org.apache.catalina.core.StandardWrapper.loadServlet(StandardWrapper.java:943)
		at org.apache.catalina.core.StandardWrapper.allocate(StandardWrapper.java:661)
		at org.apache.catalina.core.StandardWrapperValve.invoke(StandardWrapperValve.java:114)
		at org.apache.catalina.core.StandardContextValve.invoke(StandardContextValve.java:88)
		at org.apache.catalina.authenticator.AuthenticatorBase.invoke(AuthenticatorBase.java:491)
		at org.apache.catalina.core.StandardHostValve.invoke(StandardHostValve.java:127)
		at org.apache.catalina.valves.ErrorReportValve.invoke(ErrorReportValve.java:83)
		at org.apache.catalina.valves.AbstractAccessLogValve.invoke(AbstractAccessLogValve.java:764)
		at org.apache.catalina.core.StandardEngineValve.invoke(StandardEngineValve.java:72)
		at org.apache.catalina.connector.CoyoteAdapter.service(CoyoteAdapter.java:344)
		at org.apache.coyote.http11.Http11Processor.service(Http11Processor.java:398)
		at org.apache.coyote.AbstractProcessorLight.process(AbstractProcessorLight.java:63)
		at org.apache.coyote.AbstractProtocol$ConnectionHandler.process(AbstractProtocol.java:1309)
		at org.apache.tomcat.util.net.NioEndpoint$SocketProcessor.doRun(NioEndpoint.java:1854)
		at org.apache.tomcat.util.net.SocketProcessorBase.run(SocketProcessorBase.java:52)
		at org.apache.tomcat.util.threads.ThreadPoolExecutor.runWorker(ThreadPoolExecutor.java:973)
		at org.apache.tomcat.util.threads.ThreadPoolExecutor$Worker.run(ThreadPoolExecutor.java:491)
		at org.apache.tomcat.util.threads.TaskThread$WrappingRunnable.run(TaskThread.java:63)
		at java.lang.Thread.run(Thread.java:750)
10-Jun-2026 01:04:20.329 정보 [main] org.apache.catalina.core.ApplicationContext.log No Spring WebApplicationInitializer types detected on classpath
10-Jun-2026 01:04:20.522 정보 [main] org.apache.catalina.core.ApplicationContext.log Initializing Spring DispatcherServlet 'dispatcher'
10-Jun-2026 01:04:21.277 심각 [main] org.apache.catalina.core.ApplicationContext.log 서블릿 [dispatcher]을(를) 위한 Servlet.init() 호출이 예외를 발생시켰습니다.
	org.springframework.beans.factory.UnsatisfiedDependencyException: Error creating bean with name 'boardController': Unsatisfied dependency expressed through field 'boardService'; nested exception is org.springframework.beans.factory.UnsatisfiedDependencyException: Error creating bean with name 'boardService': Unsatisfied dependency expressed through field 'boardMapper'; nested exception is org.springframework.beans.factory.NoSuchBeanDefinitionException: No qualifying bean of type 'com.crud.mapper.BoardMapper' available: expected at least 1 bean which qualifies as autowire candidate. Dependency annotations: {@org.springframework.beans.factory.annotation.Autowired(required=true)}
		at org.springframework.beans.factory.annotation.AutowiredAnnotationBeanPostProcessor$AutowiredFieldElement.resolveFieldValue(AutowiredAnnotationBeanPostProcessor.java:713)
		at org.springframework.beans.factory.annotation.AutowiredAnnotationBeanPostProcessor$AutowiredFieldElement.inject(AutowiredAnnotationBeanPostProcessor.java:693)
		at org.springframework.beans.factory.annotation.InjectionMetadata.inject(InjectionMetadata.java:119)
		at org.springframework.beans.factory.annotation.AutowiredAnnotationBeanPostProcessor.postProcessProperties(AutowiredAnnotationBeanPostProcessor.java:408)
		at org.springframework.beans.factory.support.AbstractAutowireCapableBeanFactory.populateBean(AbstractAutowireCapableBeanFactory.java:1431)
		at org.springframework.beans.factory.support.AbstractAutowireCapableBeanFactory.doCreateBean(AbstractAutowireCapableBeanFactory.java:619)
		at org.springframework.beans.factory.support.AbstractAutowireCapableBeanFactory.createBean(AbstractAutowireCapableBeanFactory.java:542)
		at org.springframework.beans.factory.support.AbstractBeanFactory.lambda$doGetBean$0(AbstractBeanFactory.java:336)
		at org.springframework.beans.factory.support.DefaultSingletonBeanRegistry.getSingleton(DefaultSingletonBeanRegistry.java:234)
		at org.springframework.beans.factory.support.AbstractBeanFactory.doGetBean(AbstractBeanFactory.java:334)
		at org.springframework.beans.factory.support.AbstractBeanFactory.getBean(AbstractBeanFactory.java:209)
		at org.springframework.beans.factory.support.DefaultListableBeanFactory.preInstantiateSingletons(DefaultListableBeanFactory.java:955)
		at org.springframework.context.support.AbstractApplicationContext.finishBeanFactoryInitialization(AbstractApplicationContext.java:932)
		at org.springframework.context.support.AbstractApplicationContext.refresh(AbstractApplicationContext.java:591)
		at org.springframework.web.servlet.FrameworkServlet.configureAndRefreshWebApplicationContext(FrameworkServlet.java:702)
		at org.springframework.web.servlet.FrameworkServlet.createWebApplicationContext(FrameworkServlet.java:668)
		at org.springframework.web.servlet.FrameworkServlet.createWebApplicationContext(FrameworkServlet.java:716)
		at org.springframework.web.servlet.FrameworkServlet.initWebApplicationContext(FrameworkServlet.java:591)
		at org.springframework.web.servlet.FrameworkServlet.initServletBean(FrameworkServlet.java:530)
		at org.springframework.web.servlet.HttpServletBean.init(HttpServletBean.java:170)
		at javax.servlet.GenericServlet.init(GenericServlet.java:143)
		at org.apache.catalina.core.StandardWrapper.initServlet(StandardWrapper.java:986)
		at org.apache.catalina.core.StandardWrapper.loadServlet(StandardWrapper.java:943)
		at org.apache.catalina.core.StandardWrapper.load(StandardWrapper.java:840)
		at org.apache.catalina.core.StandardContext.loadOnStartup(StandardContext.java:4226)
		at org.apache.catalina.core.StandardContext.startInternal(StandardContext.java:4527)
		at org.apache.catalina.util.LifecycleBase.start(LifecycleBase.java:164)
		at org.apache.catalina.core.ContainerBase.addChildInternal(ContainerBase.java:597)
		at org.apache.catalina.core.ContainerBase.addChild(ContainerBase.java:569)
		at org.apache.catalina.core.StandardHost.addChild(StandardHost.java:608)
		at org.apache.catalina.startup.HostConfig.deployDescriptor(HostConfig.java:677)
		at org.apache.catalina.startup.HostConfig$DeployDescriptor.run(HostConfig.java:1836)
		at java.util.concurrent.Executors$RunnableAdapter.call(Executors.java:511)
		at java.util.concurrent.FutureTask.run(FutureTask.java:266)
		at org.apache.tomcat.util.threads.InlineExecutorService.execute(InlineExecutorService.java:82)
		at java.util.concurrent.AbstractExecutorService.submit(AbstractExecutorService.java:112)
		at org.apache.catalina.startup.HostConfig.deployDescriptors(HostConfig.java:572)
		at org.apache.catalina.startup.HostConfig.deployApps(HostConfig.java:463)
		at org.apache.catalina.startup.HostConfig.start(HostConfig.java:1576)
		at org.apache.catalina.startup.HostConfig.lifecycleEvent(HostConfig.java:309)
		at org.apache.catalina.util.LifecycleBase.fireLifecycleEvent(LifecycleBase.java:109)
		at org.apache.catalina.util.LifecycleBase.setStateInternal(LifecycleBase.java:389)
		at org.apache.catalina.util.LifecycleBase.setState(LifecycleBase.java:336)
		at org.apache.catalina.core.ContainerBase.startInternal(ContainerBase.java:774)
		at org.apache.catalina.core.StandardHost.startInternal(StandardHost.java:726)
		at org.apache.catalina.util.LifecycleBase.start(LifecycleBase.java:164)
		at org.apache.catalina.core.ContainerBase$StartChild.call(ContainerBase.java:1201)
		at org.apache.catalina.core.ContainerBase$StartChild.call(ContainerBase.java:1191)
		at java.util.concurrent.FutureTask.run(FutureTask.java:266)
		at org.apache.tomcat.util.threads.InlineExecutorService.execute(InlineExecutorService.java:82)
		at java.util.concurrent.AbstractExecutorService.submit(AbstractExecutorService.java:134)
		at org.apache.catalina.core.ContainerBase.startInternal(ContainerBase.java:747)
		at org.apache.catalina.core.StandardEngine.startInternal(StandardEngine.java:209)
		at org.apache.catalina.util.LifecycleBase.start(LifecycleBase.java:164)
		at org.apache.catalina.core.StandardService.startInternal(StandardService.java:410)
		at org.apache.catalina.util.LifecycleBase.start(LifecycleBase.java:164)
		at org.apache.catalina.core.StandardServer.startInternal(StandardServer.java:872)
		at org.apache.catalina.util.LifecycleBase.start(LifecycleBase.java:164)
		at org.apache.catalina.startup.Catalina.start(Catalina.java:736)
		at sun.reflect.NativeMethodAccessorImpl.invoke0(Native Method)
		at sun.reflect.NativeMethodAccessorImpl.invoke(NativeMethodAccessorImpl.java:62)
		at sun.reflect.DelegatingMethodAccessorImpl.invoke(DelegatingMethodAccessorImpl.java:43)
		at java.lang.reflect.Method.invoke(Method.java:498)
		at org.apache.catalina.startup.Bootstrap.start(Bootstrap.java:342)
		at org.apache.catalina.startup.Bootstrap.main(Bootstrap.java:473)
	Caused by: org.springframework.beans.factory.UnsatisfiedDependencyException: Error creating bean with name 'boardService': Unsatisfied dependency expressed through field 'boardMapper'; nested exception is org.springframework.beans.factory.NoSuchBeanDefinitionException: No qualifying bean of type 'com.crud.mapper.BoardMapper' available: expected at least 1 bean which qualifies as autowire candidate. Dependency annotations: {@org.springframework.beans.factory.annotation.Autowired(required=true)}
		at org.springframework.beans.factory.annotation.AutowiredAnnotationBeanPostProcessor$AutowiredFieldElement.resolveFieldValue(AutowiredAnnotationBeanPostProcessor.java:713)
		at org.springframework.beans.factory.annotation.AutowiredAnnotationBeanPostProcessor$AutowiredFieldElement.inject(AutowiredAnnotationBeanPostProcessor.java:693)
		at org.springframework.beans.factory.annotation.InjectionMetadata.inject(InjectionMetadata.java:119)
		at org.springframework.beans.factory.annotation.AutowiredAnnotationBeanPostProcessor.postProcessProperties(AutowiredAnnotationBeanPostProcessor.java:408)
		at org.springframework.beans.factory.support.AbstractAutowireCapableBeanFactory.populateBean(AbstractAutowireCapableBeanFactory.java:1431)
		at org.springframework.beans.factory.support.AbstractAutowireCapableBeanFactory.doCreateBean(AbstractAutowireCapableBeanFactory.java:619)
		at org.springframework.beans.factory.support.AbstractAutowireCapableBeanFactory.createBean(AbstractAutowireCapableBeanFactory.java:542)
		at org.springframework.beans.factory.support.AbstractBeanFactory.lambda$doGetBean$0(AbstractBeanFactory.java:336)
		at org.springframework.beans.factory.support.DefaultSingletonBeanRegistry.getSingleton(DefaultSingletonBeanRegistry.java:234)
		at org.springframework.beans.factory.support.AbstractBeanFactory.doGetBean(AbstractBeanFactory.java:334)
		at org.springframework.beans.factory.support.AbstractBeanFactory.getBean(AbstractBeanFactory.java:209)
		at org.springframework.beans.factory.config.DependencyDescriptor.resolveCandidate(DependencyDescriptor.java:276)
		at org.springframework.beans.factory.support.DefaultListableBeanFactory.doResolveDependency(DefaultListableBeanFactory.java:1391)
		at org.springframework.beans.factory.support.DefaultListableBeanFactory.resolveDependency(DefaultListableBeanFactory.java:1311)
		at org.springframework.beans.factory.annotation.AutowiredAnnotationBeanPostProcessor$AutowiredFieldElement.resolveFieldValue(AutowiredAnnotationBeanPostProcessor.java:710)
		... 64 more
	Caused by: org.springframework.beans.factory.NoSuchBeanDefinitionException: No qualifying bean of type 'com.crud.mapper.BoardMapper' available: expected at least 1 bean which qualifies as autowire candidate. Dependency annotations: {@org.springframework.beans.factory.annotation.Autowired(required=true)}
		at org.springframework.beans.factory.support.DefaultListableBeanFactory.raiseNoMatchingBeanFound(DefaultListableBeanFactory.java:1801)
		at org.springframework.beans.factory.support.DefaultListableBeanFactory.doResolveDependency(DefaultListableBeanFactory.java:1357)
		at org.springframework.beans.factory.support.DefaultListableBeanFactory.resolveDependency(DefaultListableBeanFactory.java:1311)
		at org.springframework.beans.factory.annotation.AutowiredAnnotationBeanPostProcessor$AutowiredFieldElement.resolveFieldValue(AutowiredAnnotationBeanPostProcessor.java:710)
		... 78 more
10-Jun-2026 01:04:21.277 심각 [main] org.apache.catalina.core.StandardContext.loadOnStartup 웹 애플리케이션 [] 내의 서블릿 [dispatcher]이(가) load() 예외를 발생시켰습니다.
	org.springframework.beans.factory.NoSuchBeanDefinitionException: No qualifying bean of type 'com.crud.mapper.BoardMapper' available: expected at least 1 bean which qualifies as autowire candidate. Dependency annotations: {@org.springframework.beans.factory.annotation.Autowired(required=true)}
		at org.springframework.beans.factory.support.DefaultListableBeanFactory.raiseNoMatchingBeanFound(DefaultListableBeanFactory.java:1801)
		at org.springframework.beans.factory.support.DefaultListableBeanFactory.doResolveDependency(DefaultListableBeanFactory.java:1357)
		at org.springframework.beans.factory.support.DefaultListableBeanFactory.resolveDependency(DefaultListableBeanFactory.java:1311)
		at org.springframework.beans.factory.annotation.AutowiredAnnotationBeanPostProcessor$AutowiredFieldElement.resolveFieldValue(AutowiredAnnotationBeanPostProcessor.java:710)
		at org.springframework.beans.factory.annotation.AutowiredAnnotationBeanPostProcessor$AutowiredFieldElement.inject(AutowiredAnnotationBeanPostProcessor.java:693)
		at org.springframework.beans.factory.annotation.InjectionMetadata.inject(InjectionMetadata.java:119)
		at org.springframework.beans.factory.annotation.AutowiredAnnotationBeanPostProcessor.postProcessProperties(AutowiredAnnotationBeanPostProcessor.java:408)
		at org.springframework.beans.factory.support.AbstractAutowireCapableBeanFactory.populateBean(AbstractAutowireCapableBeanFactory.java:1431)
		at org.springframework.beans.factory.support.AbstractAutowireCapableBeanFactory.doCreateBean(AbstractAutowireCapableBeanFactory.java:619)
		at org.springframework.beans.factory.support.AbstractAutowireCapableBeanFactory.createBean(AbstractAutowireCapableBeanFactory.java:542)
		at org.springframework.beans.factory.support.AbstractBeanFactory.lambda$doGetBean$0(AbstractBeanFactory.java:336)
		at org.springframework.beans.factory.support.DefaultSingletonBeanRegistry.getSingleton(DefaultSingletonBeanRegistry.java:234)
		at org.springframework.beans.factory.support.AbstractBeanFactory.doGetBean(AbstractBeanFactory.java:334)
		at org.springframework.beans.factory.support.AbstractBeanFactory.getBean(AbstractBeanFactory.java:209)
		at org.springframework.beans.factory.config.DependencyDescriptor.resolveCandidate(DependencyDescriptor.java:276)
		at org.springframework.beans.factory.support.DefaultListableBeanFactory.doResolveDependency(DefaultListableBeanFactory.java:1391)
		at org.springframework.beans.factory.support.DefaultListableBeanFactory.resolveDependency(DefaultListableBeanFactory.java:1311)
		at org.springframework.beans.factory.annotation.AutowiredAnnotationBeanPostProcessor$AutowiredFieldElement.resolveFieldValue(AutowiredAnnotationBeanPostProcessor.java:710)
		at org.springframework.beans.factory.annotation.AutowiredAnnotationBeanPostProcessor$AutowiredFieldElement.inject(AutowiredAnnotationBeanPostProcessor.java:693)
		at org.springframework.beans.factory.annotation.InjectionMetadata.inject(InjectionMetadata.java:119)
		at org.springframework.beans.factory.annotation.AutowiredAnnotationBeanPostProcessor.postProcessProperties(AutowiredAnnotationBeanPostProcessor.java:408)
		at org.springframework.beans.factory.support.AbstractAutowireCapableBeanFactory.populateBean(AbstractAutowireCapableBeanFactory.java:1431)
		at org.springframework.beans.factory.support.AbstractAutowireCapableBeanFactory.doCreateBean(AbstractAutowireCapableBeanFactory.java:619)
		at org.springframework.beans.factory.support.AbstractAutowireCapableBeanFactory.createBean(AbstractAutowireCapableBeanFactory.java:542)
		at org.springframework.beans.factory.support.AbstractBeanFactory.lambda$doGetBean$0(AbstractBeanFactory.java:336)
		at org.springframework.beans.factory.support.DefaultSingletonBeanRegistry.getSingleton(DefaultSingletonBeanRegistry.java:234)
		at org.springframework.beans.factory.support.AbstractBeanFactory.doGetBean(AbstractBeanFactory.java:334)
		at org.springframework.beans.factory.support.AbstractBeanFactory.getBean(AbstractBeanFactory.java:209)
		at org.springframework.beans.factory.support.DefaultListableBeanFactory.preInstantiateSingletons(DefaultListableBeanFactory.java:955)
		at org.springframework.context.support.AbstractApplicationContext.finishBeanFactoryInitialization(AbstractApplicationContext.java:932)
		at org.springframework.context.support.AbstractApplicationContext.refresh(AbstractApplicationContext.java:591)
		at org.springframework.web.servlet.FrameworkServlet.configureAndRefreshWebApplicationContext(FrameworkServlet.java:702)
		at org.springframework.web.servlet.FrameworkServlet.createWebApplicationContext(FrameworkServlet.java:668)
		at org.springframework.web.servlet.FrameworkServlet.createWebApplicationContext(FrameworkServlet.java:716)
		at org.springframework.web.servlet.FrameworkServlet.initWebApplicationContext(FrameworkServlet.java:591)
		at org.springframework.web.servlet.FrameworkServlet.initServletBean(FrameworkServlet.java:530)
		at org.springframework.web.servlet.HttpServletBean.init(HttpServletBean.java:170)
		at javax.servlet.GenericServlet.init(GenericServlet.java:143)
		at org.apache.catalina.core.StandardWrapper.initServlet(StandardWrapper.java:986)
		at org.apache.catalina.core.StandardWrapper.loadServlet(StandardWrapper.java:943)
		at org.apache.catalina.core.StandardWrapper.load(StandardWrapper.java:840)
		at org.apache.catalina.core.StandardContext.loadOnStartup(StandardContext.java:4226)
		at org.apache.catalina.core.StandardContext.startInternal(StandardContext.java:4527)
		at org.apache.catalina.util.LifecycleBase.start(LifecycleBase.java:164)
		at org.apache.catalina.core.ContainerBase.addChildInternal(ContainerBase.java:597)
		at org.apache.catalina.core.ContainerBase.addChild(ContainerBase.java:569)
		at org.apache.catalina.core.StandardHost.addChild(StandardHost.java:608)
		at org.apache.catalina.startup.HostConfig.deployDescriptor(HostConfig.java:677)
		at org.apache.catalina.startup.HostConfig$DeployDescriptor.run(HostConfig.java:1836)
		at java.util.concurrent.Executors$RunnableAdapter.call(Executors.java:511)
		at java.util.concurrent.FutureTask.run(FutureTask.java:266)
		at org.apache.tomcat.util.threads.InlineExecutorService.execute(InlineExecutorService.java:82)
		at java.util.concurrent.AbstractExecutorService.submit(AbstractExecutorService.java:112)
		at org.apache.catalina.startup.HostConfig.deployDescriptors(HostConfig.java:572)
		at org.apache.catalina.startup.HostConfig.deployApps(HostConfig.java:463)
		at org.apache.catalina.startup.HostConfig.start(HostConfig.java:1576)
		at org.apache.catalina.startup.HostConfig.lifecycleEvent(HostConfig.java:309)
		at org.apache.catalina.util.LifecycleBase.fireLifecycleEvent(LifecycleBase.java:109)
		at org.apache.catalina.util.LifecycleBase.setStateInternal(LifecycleBase.java:389)
		at org.apache.catalina.util.LifecycleBase.setState(LifecycleBase.java:336)
		at org.apache.catalina.core.ContainerBase.startInternal(ContainerBase.java:774)
		at org.apache.catalina.core.StandardHost.startInternal(StandardHost.java:726)
		at org.apache.catalina.util.LifecycleBase.start(LifecycleBase.java:164)
		at org.apache.catalina.core.ContainerBase$StartChild.call(ContainerBase.java:1201)
		at org.apache.catalina.core.ContainerBase$StartChild.call(ContainerBase.java:1191)
		at java.util.concurrent.FutureTask.run(FutureTask.java:266)
		at org.apache.tomcat.util.threads.InlineExecutorService.execute(InlineExecutorService.java:82)
		at java.util.concurrent.AbstractExecutorService.submit(AbstractExecutorService.java:134)
		at org.apache.catalina.core.ContainerBase.startInternal(ContainerBase.java:747)
		at org.apache.catalina.core.StandardEngine.startInternal(StandardEngine.java:209)
		at org.apache.catalina.util.LifecycleBase.start(LifecycleBase.java:164)
		at org.apache.catalina.core.StandardService.startInternal(StandardService.java:410)
		at org.apache.catalina.util.LifecycleBase.start(LifecycleBase.java:164)
		at org.apache.catalina.core.StandardServer.startInternal(StandardServer.java:872)
		at org.apache.catalina.util.LifecycleBase.start(LifecycleBase.java:164)
		at org.apache.catalina.startup.Catalina.start(Catalina.java:736)
		at sun.reflect.NativeMethodAccessorImpl.invoke0(Native Method)
		at sun.reflect.NativeMethodAccessorImpl.invoke(NativeMethodAccessorImpl.java:62)
		at sun.reflect.DelegatingMethodAccessorImpl.invoke(DelegatingMethodAccessorImpl.java:43)
		at java.lang.reflect.Method.invoke(Method.java:498)
		at org.apache.catalina.startup.Bootstrap.start(Bootstrap.java:342)
		at org.apache.catalina.startup.Bootstrap.main(Bootstrap.java:473)
10-Jun-2026 01:04:22.342 정보 [http-nio-8080-exec-1] org.apache.catalina.core.ApplicationContext.log Initializing Spring DispatcherServlet 'dispatcher'
10-Jun-2026 01:04:22.442 심각 [http-nio-8080-exec-1] org.apache.catalina.core.ApplicationContext.log 서블릿 [dispatcher]을(를) 위한 Servlet.init() 호출이 예외를 발생시켰습니다.
	org.springframework.beans.factory.UnsatisfiedDependencyException: Error creating bean with name 'boardController': Unsatisfied dependency expressed through field 'boardService'; nested exception is org.springframework.beans.factory.UnsatisfiedDependencyException: Error creating bean with name 'boardService': Unsatisfied dependency expressed through field 'boardMapper'; nested exception is org.springframework.beans.factory.NoSuchBeanDefinitionException: No qualifying bean of type 'com.crud.mapper.BoardMapper' available: expected at least 1 bean which qualifies as autowire candidate. Dependency annotations: {@org.springframework.beans.factory.annotation.Autowired(required=true)}
		at org.springframework.beans.factory.annotation.AutowiredAnnotationBeanPostProcessor$AutowiredFieldElement.resolveFieldValue(AutowiredAnnotationBeanPostProcessor.java:713)
		at org.springframework.beans.factory.annotation.AutowiredAnnotationBeanPostProcessor$AutowiredFieldElement.inject(AutowiredAnnotationBeanPostProcessor.java:693)
		at org.springframework.beans.factory.annotation.InjectionMetadata.inject(InjectionMetadata.java:119)
		at org.springframework.beans.factory.annotation.AutowiredAnnotationBeanPostProcessor.postProcessProperties(AutowiredAnnotationBeanPostProcessor.java:408)
		at org.springframework.beans.factory.support.AbstractAutowireCapableBeanFactory.populateBean(AbstractAutowireCapableBeanFactory.java:1431)
		at org.springframework.beans.factory.support.AbstractAutowireCapableBeanFactory.doCreateBean(AbstractAutowireCapableBeanFactory.java:619)
		at org.springframework.beans.factory.support.AbstractAutowireCapableBeanFactory.createBean(AbstractAutowireCapableBeanFactory.java:542)
		at org.springframework.beans.factory.support.AbstractBeanFactory.lambda$doGetBean$0(AbstractBeanFactory.java:336)
		at org.springframework.beans.factory.support.DefaultSingletonBeanRegistry.getSingleton(DefaultSingletonBeanRegistry.java:234)
		at org.springframework.beans.factory.support.AbstractBeanFactory.doGetBean(AbstractBeanFactory.java:334)
		at org.springframework.beans.factory.support.AbstractBeanFactory.getBean(AbstractBeanFactory.java:209)
		at org.springframework.beans.factory.support.DefaultListableBeanFactory.preInstantiateSingletons(DefaultListableBeanFactory.java:955)
		at org.springframework.context.support.AbstractApplicationContext.finishBeanFactoryInitialization(AbstractApplicationContext.java:932)
		at org.springframework.context.support.AbstractApplicationContext.refresh(AbstractApplicationContext.java:591)
		at org.springframework.web.servlet.FrameworkServlet.configureAndRefreshWebApplicationContext(FrameworkServlet.java:702)
		at org.springframework.web.servlet.FrameworkServlet.createWebApplicationContext(FrameworkServlet.java:668)
		at org.springframework.web.servlet.FrameworkServlet.createWebApplicationContext(FrameworkServlet.java:716)
		at org.springframework.web.servlet.FrameworkServlet.initWebApplicationContext(FrameworkServlet.java:591)
		at org.springframework.web.servlet.FrameworkServlet.initServletBean(FrameworkServlet.java:530)
		at org.springframework.web.servlet.HttpServletBean.init(HttpServletBean.java:170)
		at javax.servlet.GenericServlet.init(GenericServlet.java:143)
		at org.apache.catalina.core.StandardWrapper.initServlet(StandardWrapper.java:986)
		at org.apache.catalina.core.StandardWrapper.loadServlet(StandardWrapper.java:943)
		at org.apache.catalina.core.StandardWrapper.allocate(StandardWrapper.java:661)
		at org.apache.catalina.core.StandardWrapperValve.invoke(StandardWrapperValve.java:114)
		at org.apache.catalina.core.StandardContextValve.invoke(StandardContextValve.java:88)
		at org.apache.catalina.authenticator.AuthenticatorBase.invoke(AuthenticatorBase.java:491)
		at org.apache.catalina.core.StandardHostValve.invoke(StandardHostValve.java:127)
		at org.apache.catalina.valves.ErrorReportValve.invoke(ErrorReportValve.java:83)
		at org.apache.catalina.valves.AbstractAccessLogValve.invoke(AbstractAccessLogValve.java:764)
		at org.apache.catalina.core.StandardEngineValve.invoke(StandardEngineValve.java:72)
		at org.apache.catalina.connector.CoyoteAdapter.service(CoyoteAdapter.java:344)
		at org.apache.coyote.http11.Http11Processor.service(Http11Processor.java:398)
		at org.apache.coyote.AbstractProcessorLight.process(AbstractProcessorLight.java:63)
		at org.apache.coyote.AbstractProtocol$ConnectionHandler.process(AbstractProtocol.java:1309)
		at org.apache.tomcat.util.net.NioEndpoint$SocketProcessor.doRun(NioEndpoint.java:1854)
		at org.apache.tomcat.util.net.SocketProcessorBase.run(SocketProcessorBase.java:52)
		at org.apache.tomcat.util.threads.ThreadPoolExecutor.runWorker(ThreadPoolExecutor.java:973)
		at org.apache.tomcat.util.threads.ThreadPoolExecutor$Worker.run(ThreadPoolExecutor.java:491)
		at org.apache.tomcat.util.threads.TaskThread$WrappingRunnable.run(TaskThread.java:63)
		at java.lang.Thread.run(Thread.java:750)
	Caused by: org.springframework.beans.factory.UnsatisfiedDependencyException: Error creating bean with name 'boardService': Unsatisfied dependency expressed through field 'boardMapper'; nested exception is org.springframework.beans.factory.NoSuchBeanDefinitionException: No qualifying bean of type 'com.crud.mapper.BoardMapper' available: expected at least 1 bean which qualifies as autowire candidate. Dependency annotations: {@org.springframework.beans.factory.annotation.Autowired(required=true)}
		at org.springframework.beans.factory.annotation.AutowiredAnnotationBeanPostProcessor$AutowiredFieldElement.resolveFieldValue(AutowiredAnnotationBeanPostProcessor.java:713)
		at org.springframework.beans.factory.annotation.AutowiredAnnotationBeanPostProcessor$AutowiredFieldElement.inject(AutowiredAnnotationBeanPostProcessor.java:693)
		at org.springframework.beans.factory.annotation.InjectionMetadata.inject(InjectionMetadata.java:119)
		at org.springframework.beans.factory.annotation.AutowiredAnnotationBeanPostProcessor.postProcessProperties(AutowiredAnnotationBeanPostProcessor.java:408)
		at org.springframework.beans.factory.support.AbstractAutowireCapableBeanFactory.populateBean(AbstractAutowireCapableBeanFactory.java:1431)
		at org.springframework.beans.factory.support.AbstractAutowireCapableBeanFactory.doCreateBean(AbstractAutowireCapableBeanFactory.java:619)
		at org.springframework.beans.factory.support.AbstractAutowireCapableBeanFactory.createBean(AbstractAutowireCapableBeanFactory.java:542)
		at org.springframework.beans.factory.support.AbstractBeanFactory.lambda$doGetBean$0(AbstractBeanFactory.java:336)
		at org.springframework.beans.factory.support.DefaultSingletonBeanRegistry.getSingleton(DefaultSingletonBeanRegistry.java:234)
		at org.springframework.beans.factory.support.AbstractBeanFactory.doGetBean(AbstractBeanFactory.java:334)
		at org.springframework.beans.factory.support.AbstractBeanFactory.getBean(AbstractBeanFactory.java:209)
		at org.springframework.beans.factory.config.DependencyDescriptor.resolveCandidate(DependencyDescriptor.java:276)
		at org.springframework.beans.factory.support.DefaultListableBeanFactory.doResolveDependency(DefaultListableBeanFactory.java:1391)
		at org.springframework.beans.factory.support.DefaultListableBeanFactory.resolveDependency(DefaultListableBeanFactory.java:1311)
		at org.springframework.beans.factory.annotation.AutowiredAnnotationBeanPostProcessor$AutowiredFieldElement.resolveFieldValue(AutowiredAnnotationBeanPostProcessor.java:710)
		... 40 more
	Caused by: org.springframework.beans.factory.NoSuchBeanDefinitionException: No qualifying bean of type 'com.crud.mapper.BoardMapper' available: expected at least 1 bean which qualifies as autowire candidate. Dependency annotations: {@org.springframework.beans.factory.annotation.Autowired(required=true)}
		at org.springframework.beans.factory.support.DefaultListableBeanFactory.raiseNoMatchingBeanFound(DefaultListableBeanFactory.java:1801)
		at org.springframework.beans.factory.support.DefaultListableBeanFactory.doResolveDependency(DefaultListableBeanFactory.java:1357)
		at org.springframework.beans.factory.support.DefaultListableBeanFactory.resolveDependency(DefaultListableBeanFactory.java:1311)
		at org.springframework.beans.factory.annotation.AutowiredAnnotationBeanPostProcessor$AutowiredFieldElement.resolveFieldValue(AutowiredAnnotationBeanPostProcessor.java:710)
		... 54 more
10-Jun-2026 01:04:22.442 심각 [http-nio-8080-exec-1] org.apache.catalina.core.StandardWrapperValve.invoke 서블릿 [dispatcher]을(를) 위해 할당하던 중 예외 발생
	org.springframework.beans.factory.NoSuchBeanDefinitionException: No qualifying bean of type 'com.crud.mapper.BoardMapper' available: expected at least 1 bean which qualifies as autowire candidate. Dependency annotations: {@org.springframework.beans.factory.annotation.Autowired(required=true)}
		at org.springframework.beans.factory.support.DefaultListableBeanFactory.raiseNoMatchingBeanFound(DefaultListableBeanFactory.java:1801)
		at org.springframework.beans.factory.support.DefaultListableBeanFactory.doResolveDependency(DefaultListableBeanFactory.java:1357)
		at org.springframework.beans.factory.support.DefaultListableBeanFactory.resolveDependency(DefaultListableBeanFactory.java:1311)
		at org.springframework.beans.factory.annotation.AutowiredAnnotationBeanPostProcessor$AutowiredFieldElement.resolveFieldValue(AutowiredAnnotationBeanPostProcessor.java:710)
		at org.springframework.beans.factory.annotation.AutowiredAnnotationBeanPostProcessor$AutowiredFieldElement.inject(AutowiredAnnotationBeanPostProcessor.java:693)
		at org.springframework.beans.factory.annotation.InjectionMetadata.inject(InjectionMetadata.java:119)
		at org.springframework.beans.factory.annotation.AutowiredAnnotationBeanPostProcessor.postProcessProperties(AutowiredAnnotationBeanPostProcessor.java:408)
		at org.springframework.beans.factory.support.AbstractAutowireCapableBeanFactory.populateBean(AbstractAutowireCapableBeanFactory.java:1431)
		at org.springframework.beans.factory.support.AbstractAutowireCapableBeanFactory.doCreateBean(AbstractAutowireCapableBeanFactory.java:619)
		at org.springframework.beans.factory.support.AbstractAutowireCapableBeanFactory.createBean(AbstractAutowireCapableBeanFactory.java:542)
		at org.springframework.beans.factory.support.AbstractBeanFactory.lambda$doGetBean$0(AbstractBeanFactory.java:336)
		at org.springframework.beans.factory.support.DefaultSingletonBeanRegistry.getSingleton(DefaultSingletonBeanRegistry.java:234)
		at org.springframework.beans.factory.support.AbstractBeanFactory.doGetBean(AbstractBeanFactory.java:334)
		at org.springframework.beans.factory.support.AbstractBeanFactory.getBean(AbstractBeanFactory.java:209)
		at org.springframework.beans.factory.config.DependencyDescriptor.resolveCandidate(DependencyDescriptor.java:276)
		at org.springframework.beans.factory.support.DefaultListableBeanFactory.doResolveDependency(DefaultListableBeanFactory.java:1391)
		at org.springframework.beans.factory.support.DefaultListableBeanFactory.resolveDependency(DefaultListableBeanFactory.java:1311)
		at org.springframework.beans.factory.annotation.AutowiredAnnotationBeanPostProcessor$AutowiredFieldElement.resolveFieldValue(AutowiredAnnotationBeanPostProcessor.java:710)
		at org.springframework.beans.factory.annotation.AutowiredAnnotationBeanPostProcessor$AutowiredFieldElement.inject(AutowiredAnnotationBeanPostProcessor.java:693)
		at org.springframework.beans.factory.annotation.InjectionMetadata.inject(InjectionMetadata.java:119)
		at org.springframework.beans.factory.annotation.AutowiredAnnotationBeanPostProcessor.postProcessProperties(AutowiredAnnotationBeanPostProcessor.java:408)
		at org.springframework.beans.factory.support.AbstractAutowireCapableBeanFactory.populateBean(AbstractAutowireCapableBeanFactory.java:1431)
		at org.springframework.beans.factory.support.AbstractAutowireCapableBeanFactory.doCreateBean(AbstractAutowireCapableBeanFactory.java:619)
		at org.springframework.beans.factory.support.AbstractAutowireCapableBeanFactory.createBean(AbstractAutowireCapableBeanFactory.java:542)
		at org.springframework.beans.factory.support.AbstractBeanFactory.lambda$doGetBean$0(AbstractBeanFactory.java:336)
		at org.springframework.beans.factory.support.DefaultSingletonBeanRegistry.getSingleton(DefaultSingletonBeanRegistry.java:234)
		at org.springframework.beans.factory.support.AbstractBeanFactory.doGetBean(AbstractBeanFactory.java:334)
		at org.springframework.beans.factory.support.AbstractBeanFactory.getBean(AbstractBeanFactory.java:209)
		at org.springframework.beans.factory.support.DefaultListableBeanFactory.preInstantiateSingletons(DefaultListableBeanFactory.java:955)
		at org.springframework.context.support.AbstractApplicationContext.finishBeanFactoryInitialization(AbstractApplicationContext.java:932)
		at org.springframework.context.support.AbstractApplicationContext.refresh(AbstractApplicationContext.java:591)
		at org.springframework.web.servlet.FrameworkServlet.configureAndRefreshWebApplicationContext(FrameworkServlet.java:702)
		at org.springframework.web.servlet.FrameworkServlet.createWebApplicationContext(FrameworkServlet.java:668)
		at org.springframework.web.servlet.FrameworkServlet.createWebApplicationContext(FrameworkServlet.java:716)
		at org.springframework.web.servlet.FrameworkServlet.initWebApplicationContext(FrameworkServlet.java:591)
		at org.springframework.web.servlet.FrameworkServlet.initServletBean(FrameworkServlet.java:530)
		at org.springframework.web.servlet.HttpServletBean.init(HttpServletBean.java:170)
		at javax.servlet.GenericServlet.init(GenericServlet.java:143)
		at org.apache.catalina.core.StandardWrapper.initServlet(StandardWrapper.java:986)
		at org.apache.catalina.core.StandardWrapper.loadServlet(StandardWrapper.java:943)
		at org.apache.catalina.core.StandardWrapper.allocate(StandardWrapper.java:661)
		at org.apache.catalina.core.StandardWrapperValve.invoke(StandardWrapperValve.java:114)
		at org.apache.catalina.core.StandardContextValve.invoke(StandardContextValve.java:88)
		at org.apache.catalina.authenticator.AuthenticatorBase.invoke(AuthenticatorBase.java:491)
		at org.apache.catalina.core.StandardHostValve.invoke(StandardHostValve.java:127)
		at org.apache.catalina.valves.ErrorReportValve.invoke(ErrorReportValve.java:83)
		at org.apache.catalina.valves.AbstractAccessLogValve.invoke(AbstractAccessLogValve.java:764)
		at org.apache.catalina.core.StandardEngineValve.invoke(StandardEngineValve.java:72)
		at org.apache.catalina.connector.CoyoteAdapter.service(CoyoteAdapter.java:344)
		at org.apache.coyote.http11.Http11Processor.service(Http11Processor.java:398)
		at org.apache.coyote.AbstractProcessorLight.process(AbstractProcessorLight.java:63)
		at org.apache.coyote.AbstractProtocol$ConnectionHandler.process(AbstractProtocol.java:1309)
		at org.apache.tomcat.util.net.NioEndpoint$SocketProcessor.doRun(NioEndpoint.java:1854)
		at org.apache.tomcat.util.net.SocketProcessorBase.run(SocketProcessorBase.java:52)
		at org.apache.tomcat.util.threads.ThreadPoolExecutor.runWorker(ThreadPoolExecutor.java:973)
		at org.apache.tomcat.util.threads.ThreadPoolExecutor$Worker.run(ThreadPoolExecutor.java:491)
		at org.apache.tomcat.util.threads.TaskThread$WrappingRunnable.run(TaskThread.java:63)
		at java.lang.Thread.run(Thread.java:750)
10-Jun-2026 01:04:22.528 정보 [http-nio-8080-exec-2] org.apache.catalina.core.ApplicationContext.log Initializing Spring DispatcherServlet 'dispatcher'
10-Jun-2026 01:04:22.627 심각 [http-nio-8080-exec-2] org.apache.catalina.core.ApplicationContext.log 서블릿 [dispatcher]을(를) 위한 Servlet.init() 호출이 예외를 발생시켰습니다.
	org.springframework.beans.factory.UnsatisfiedDependencyException: Error creating bean with name 'boardController': Unsatisfied dependency expressed through field 'boardService'; nested exception is org.springframework.beans.factory.UnsatisfiedDependencyException: Error creating bean with name 'boardService': Unsatisfied dependency expressed through field 'boardMapper'; nested exception is org.springframework.beans.factory.NoSuchBeanDefinitionException: No qualifying bean of type 'com.crud.mapper.BoardMapper' available: expected at least 1 bean which qualifies as autowire candidate. Dependency annotations: {@org.springframework.beans.factory.annotation.Autowired(required=true)}
		at org.springframework.beans.factory.annotation.AutowiredAnnotationBeanPostProcessor$AutowiredFieldElement.resolveFieldValue(AutowiredAnnotationBeanPostProcessor.java:713)
		at org.springframework.beans.factory.annotation.AutowiredAnnotationBeanPostProcessor$AutowiredFieldElement.inject(AutowiredAnnotationBeanPostProcessor.java:693)
		at org.springframework.beans.factory.annotation.InjectionMetadata.inject(InjectionMetadata.java:119)
		at org.springframework.beans.factory.annotation.AutowiredAnnotationBeanPostProcessor.postProcessProperties(AutowiredAnnotationBeanPostProcessor.java:408)
		at org.springframework.beans.factory.support.AbstractAutowireCapableBeanFactory.populateBean(AbstractAutowireCapableBeanFactory.java:1431)
		at org.springframework.beans.factory.support.AbstractAutowireCapableBeanFactory.doCreateBean(AbstractAutowireCapableBeanFactory.java:619)
		at org.springframework.beans.factory.support.AbstractAutowireCapableBeanFactory.createBean(AbstractAutowireCapableBeanFactory.java:542)
		at org.springframework.beans.factory.support.AbstractBeanFactory.lambda$doGetBean$0(AbstractBeanFactory.java:336)
		at org.springframework.beans.factory.support.DefaultSingletonBeanRegistry.getSingleton(DefaultSingletonBeanRegistry.java:234)
		at org.springframework.beans.factory.support.AbstractBeanFactory.doGetBean(AbstractBeanFactory.java:334)
		at org.springframework.beans.factory.support.AbstractBeanFactory.getBean(AbstractBeanFactory.java:209)
		at org.springframework.beans.factory.support.DefaultListableBeanFactory.preInstantiateSingletons(DefaultListableBeanFactory.java:955)
		at org.springframework.context.support.AbstractApplicationContext.finishBeanFactoryInitialization(AbstractApplicationContext.java:932)
		at org.springframework.context.support.AbstractApplicationContext.refresh(AbstractApplicationContext.java:591)
		at org.springframework.web.servlet.FrameworkServlet.configureAndRefreshWebApplicationContext(FrameworkServlet.java:702)
		at org.springframework.web.servlet.FrameworkServlet.createWebApplicationContext(FrameworkServlet.java:668)
		at org.springframework.web.servlet.FrameworkServlet.createWebApplicationContext(FrameworkServlet.java:716)
		at org.springframework.web.servlet.FrameworkServlet.initWebApplicationContext(FrameworkServlet.java:591)
		at org.springframework.web.servlet.FrameworkServlet.initServletBean(FrameworkServlet.java:530)
		at org.springframework.web.servlet.HttpServletBean.init(HttpServletBean.java:170)
		at javax.servlet.GenericServlet.init(GenericServlet.java:143)
		at org.apache.catalina.core.StandardWrapper.initServlet(StandardWrapper.java:986)
		at org.apache.catalina.core.StandardWrapper.loadServlet(StandardWrapper.java:943)
		at org.apache.catalina.core.StandardWrapper.allocate(StandardWrapper.java:661)
		at org.apache.catalina.core.StandardWrapperValve.invoke(StandardWrapperValve.java:114)
		at org.apache.catalina.core.StandardContextValve.invoke(StandardContextValve.java:88)
		at org.apache.catalina.authenticator.AuthenticatorBase.invoke(AuthenticatorBase.java:491)
		at org.apache.catalina.core.StandardHostValve.invoke(StandardHostValve.java:127)
		at org.apache.catalina.valves.ErrorReportValve.invoke(ErrorReportValve.java:83)
		at org.apache.catalina.valves.AbstractAccessLogValve.invoke(AbstractAccessLogValve.java:764)
		at org.apache.catalina.core.StandardEngineValve.invoke(StandardEngineValve.java:72)
		at org.apache.catalina.connector.CoyoteAdapter.service(CoyoteAdapter.java:344)
		at org.apache.coyote.http11.Http11Processor.service(Http11Processor.java:398)
		at org.apache.coyote.AbstractProcessorLight.process(AbstractProcessorLight.java:63)
		at org.apache.coyote.AbstractProtocol$ConnectionHandler.process(AbstractProtocol.java:1309)
		at org.apache.tomcat.util.net.NioEndpoint$SocketProcessor.doRun(NioEndpoint.java:1854)
		at org.apache.tomcat.util.net.SocketProcessorBase.run(SocketProcessorBase.java:52)
		at org.apache.tomcat.util.threads.ThreadPoolExecutor.runWorker(ThreadPoolExecutor.java:973)
		at org.apache.tomcat.util.threads.ThreadPoolExecutor$Worker.run(ThreadPoolExecutor.java:491)
		at org.apache.tomcat.util.threads.TaskThread$WrappingRunnable.run(TaskThread.java:63)
		at java.lang.Thread.run(Thread.java:750)
	Caused by: org.springframework.beans.factory.UnsatisfiedDependencyException: Error creating bean with name 'boardService': Unsatisfied dependency expressed through field 'boardMapper'; nested exception is org.springframework.beans.factory.NoSuchBeanDefinitionException: No qualifying bean of type 'com.crud.mapper.BoardMapper' available: expected at least 1 bean which qualifies as autowire candidate. Dependency annotations: {@org.springframework.beans.factory.annotation.Autowired(required=true)}
		at org.springframework.beans.factory.annotation.AutowiredAnnotationBeanPostProcessor$AutowiredFieldElement.resolveFieldValue(AutowiredAnnotationBeanPostProcessor.java:713)
		at org.springframework.beans.factory.annotation.AutowiredAnnotationBeanPostProcessor$AutowiredFieldElement.inject(AutowiredAnnotationBeanPostProcessor.java:693)
		at org.springframework.beans.factory.annotation.InjectionMetadata.inject(InjectionMetadata.java:119)
		at org.springframework.beans.factory.annotation.AutowiredAnnotationBeanPostProcessor.postProcessProperties(AutowiredAnnotationBeanPostProcessor.java:408)
		at org.springframework.beans.factory.support.AbstractAutowireCapableBeanFactory.populateBean(AbstractAutowireCapableBeanFactory.java:1431)
		at org.springframework.beans.factory.support.AbstractAutowireCapableBeanFactory.doCreateBean(AbstractAutowireCapableBeanFactory.java:619)
		at org.springframework.beans.factory.support.AbstractAutowireCapableBeanFactory.createBean(AbstractAutowireCapableBeanFactory.java:542)
		at org.springframework.beans.factory.support.AbstractBeanFactory.lambda$doGetBean$0(AbstractBeanFactory.java:336)
		at org.springframework.beans.factory.support.DefaultSingletonBeanRegistry.getSingleton(DefaultSingletonBeanRegistry.java:234)
		at org.springframework.beans.factory.support.AbstractBeanFactory.doGetBean(AbstractBeanFactory.java:334)
		at org.springframework.beans.factory.support.AbstractBeanFactory.getBean(AbstractBeanFactory.java:209)
		at org.springframework.beans.factory.config.DependencyDescriptor.resolveCandidate(DependencyDescriptor.java:276)
		at org.springframework.beans.factory.support.DefaultListableBeanFactory.doResolveDependency(DefaultListableBeanFactory.java:1391)
		at org.springframework.beans.factory.support.DefaultListableBeanFactory.resolveDependency(DefaultListableBeanFactory.java:1311)
		at org.springframework.beans.factory.annotation.AutowiredAnnotationBeanPostProcessor$AutowiredFieldElement.resolveFieldValue(AutowiredAnnotationBeanPostProcessor.java:710)
		... 40 more
	Caused by: org.springframework.beans.factory.NoSuchBeanDefinitionException: No qualifying bean of type 'com.crud.mapper.BoardMapper' available: expected at least 1 bean which qualifies as autowire candidate. Dependency annotations: {@org.springframework.beans.factory.annotation.Autowired(required=true)}
		at org.springframework.beans.factory.support.DefaultListableBeanFactory.raiseNoMatchingBeanFound(DefaultListableBeanFactory.java:1801)
		at org.springframework.beans.factory.support.DefaultListableBeanFactory.doResolveDependency(DefaultListableBeanFactory.java:1357)
		at org.springframework.beans.factory.support.DefaultListableBeanFactory.resolveDependency(DefaultListableBeanFactory.java:1311)
		at org.springframework.beans.factory.annotation.AutowiredAnnotationBeanPostProcessor$AutowiredFieldElement.resolveFieldValue(AutowiredAnnotationBeanPostProcessor.java:710)
		... 54 more
10-Jun-2026 01:04:22.627 심각 [http-nio-8080-exec-2] org.apache.catalina.core.StandardWrapperValve.invoke 서블릿 [dispatcher]을(를) 위해 할당하던 중 예외 발생
	org.springframework.beans.factory.NoSuchBeanDefinitionException: No qualifying bean of type 'com.crud.mapper.BoardMapper' available: expected at least 1 bean which qualifies as autowire candidate. Dependency annotations: {@org.springframework.beans.factory.annotation.Autowired(required=true)}
		at org.springframework.beans.factory.support.DefaultListableBeanFactory.raiseNoMatchingBeanFound(DefaultListableBeanFactory.java:1801)
		at org.springframework.beans.factory.support.DefaultListableBeanFactory.doResolveDependency(DefaultListableBeanFactory.java:1357)
		at org.springframework.beans.factory.support.DefaultListableBeanFactory.resolveDependency(DefaultListableBeanFactory.java:1311)
		at org.springframework.beans.factory.annotation.AutowiredAnnotationBeanPostProcessor$AutowiredFieldElement.resolveFieldValue(AutowiredAnnotationBeanPostProcessor.java:710)
		at org.springframework.beans.factory.annotation.AutowiredAnnotationBeanPostProcessor$AutowiredFieldElement.inject(AutowiredAnnotationBeanPostProcessor.java:693)
		at org.springframework.beans.factory.annotation.InjectionMetadata.inject(InjectionMetadata.java:119)
		at org.springframework.beans.factory.annotation.AutowiredAnnotationBeanPostProcessor.postProcessProperties(AutowiredAnnotationBeanPostProcessor.java:408)
		at org.springframework.beans.factory.support.AbstractAutowireCapableBeanFactory.populateBean(AbstractAutowireCapableBeanFactory.java:1431)
		at org.springframework.beans.factory.support.AbstractAutowireCapableBeanFactory.doCreateBean(AbstractAutowireCapableBeanFactory.java:619)
		at org.springframework.beans.factory.support.AbstractAutowireCapableBeanFactory.createBean(AbstractAutowireCapableBeanFactory.java:542)
		at org.springframework.beans.factory.support.AbstractBeanFactory.lambda$doGetBean$0(AbstractBeanFactory.java:336)
		at org.springframework.beans.factory.support.DefaultSingletonBeanRegistry.getSingleton(DefaultSingletonBeanRegistry.java:234)
		at org.springframework.beans.factory.support.AbstractBeanFactory.doGetBean(AbstractBeanFactory.java:334)
		at org.springframework.beans.factory.support.AbstractBeanFactory.getBean(AbstractBeanFactory.java:209)
		at org.springframework.beans.factory.config.DependencyDescriptor.resolveCandidate(DependencyDescriptor.java:276)
		at org.springframework.beans.factory.support.DefaultListableBeanFactory.doResolveDependency(DefaultListableBeanFactory.java:1391)
		at org.springframework.beans.factory.support.DefaultListableBeanFactory.resolveDependency(DefaultListableBeanFactory.java:1311)
		at org.springframework.beans.factory.annotation.AutowiredAnnotationBeanPostProcessor$AutowiredFieldElement.resolveFieldValue(AutowiredAnnotationBeanPostProcessor.java:710)
		at org.springframework.beans.factory.annotation.AutowiredAnnotationBeanPostProcessor$AutowiredFieldElement.inject(AutowiredAnnotationBeanPostProcessor.java:693)
		at org.springframework.beans.factory.annotation.InjectionMetadata.inject(InjectionMetadata.java:119)
		at org.springframework.beans.factory.annotation.AutowiredAnnotationBeanPostProcessor.postProcessProperties(AutowiredAnnotationBeanPostProcessor.java:408)
		at org.springframework.beans.factory.support.AbstractAutowireCapableBeanFactory.populateBean(AbstractAutowireCapableBeanFactory.java:1431)
		at org.springframework.beans.factory.support.AbstractAutowireCapableBeanFactory.doCreateBean(AbstractAutowireCapableBeanFactory.java:619)
		at org.springframework.beans.factory.support.AbstractAutowireCapableBeanFactory.createBean(AbstractAutowireCapableBeanFactory.java:542)
		at org.springframework.beans.factory.support.AbstractBeanFactory.lambda$doGetBean$0(AbstractBeanFactory.java:336)
		at org.springframework.beans.factory.support.DefaultSingletonBeanRegistry.getSingleton(DefaultSingletonBeanRegistry.java:234)
		at org.springframework.beans.factory.support.AbstractBeanFactory.doGetBean(AbstractBeanFactory.java:334)
		at org.springframework.beans.factory.support.AbstractBeanFactory.getBean(AbstractBeanFactory.java:209)
		at org.springframework.beans.factory.support.DefaultListableBeanFactory.preInstantiateSingletons(DefaultListableBeanFactory.java:955)
		at org.springframework.context.support.AbstractApplicationContext.finishBeanFactoryInitialization(AbstractApplicationContext.java:932)
		at org.springframework.context.support.AbstractApplicationContext.refresh(AbstractApplicationContext.java:591)
		at org.springframework.web.servlet.FrameworkServlet.configureAndRefreshWebApplicationContext(FrameworkServlet.java:702)
		at org.springframework.web.servlet.FrameworkServlet.createWebApplicationContext(FrameworkServlet.java:668)
		at org.springframework.web.servlet.FrameworkServlet.createWebApplicationContext(FrameworkServlet.java:716)
		at org.springframework.web.servlet.FrameworkServlet.initWebApplicationContext(FrameworkServlet.java:591)
		at org.springframework.web.servlet.FrameworkServlet.initServletBean(FrameworkServlet.java:530)
		at org.springframework.web.servlet.HttpServletBean.init(HttpServletBean.java:170)
		at javax.servlet.GenericServlet.init(GenericServlet.java:143)
		at org.apache.catalina.core.StandardWrapper.initServlet(StandardWrapper.java:986)
		at org.apache.catalina.core.StandardWrapper.loadServlet(StandardWrapper.java:943)
		at org.apache.catalina.core.StandardWrapper.allocate(StandardWrapper.java:661)
		at org.apache.catalina.core.StandardWrapperValve.invoke(StandardWrapperValve.java:114)
		at org.apache.catalina.core.StandardContextValve.invoke(StandardContextValve.java:88)
		at org.apache.catalina.authenticator.AuthenticatorBase.invoke(AuthenticatorBase.java:491)
		at org.apache.catalina.core.StandardHostValve.invoke(StandardHostValve.java:127)
		at org.apache.catalina.valves.ErrorReportValve.invoke(ErrorReportValve.java:83)
		at org.apache.catalina.valves.AbstractAccessLogValve.invoke(AbstractAccessLogValve.java:764)
		at org.apache.catalina.core.StandardEngineValve.invoke(StandardEngineValve.java:72)
		at org.apache.catalina.connector.CoyoteAdapter.service(CoyoteAdapter.java:344)
		at org.apache.coyote.http11.Http11Processor.service(Http11Processor.java:398)
		at org.apache.coyote.AbstractProcessorLight.process(AbstractProcessorLight.java:63)
		at org.apache.coyote.AbstractProtocol$ConnectionHandler.process(AbstractProtocol.java:1309)
		at org.apache.tomcat.util.net.NioEndpoint$SocketProcessor.doRun(NioEndpoint.java:1854)
		at org.apache.tomcat.util.net.SocketProcessorBase.run(SocketProcessorBase.java:52)
		at org.apache.tomcat.util.threads.ThreadPoolExecutor.runWorker(ThreadPoolExecutor.java:973)
		at org.apache.tomcat.util.threads.ThreadPoolExecutor$Worker.run(ThreadPoolExecutor.java:491)
		at org.apache.tomcat.util.threads.TaskThread$WrappingRunnable.run(TaskThread.java:63)
		at java.lang.Thread.run(Thread.java:750)
10-Jun-2026 01:04:34.909 정보 [http-nio-8080-exec-3] org.apache.catalina.core.ApplicationContext.log Initializing Spring DispatcherServlet 'dispatcher'
10-Jun-2026 01:04:35.001 심각 [http-nio-8080-exec-3] org.apache.catalina.core.ApplicationContext.log 서블릿 [dispatcher]을(를) 위한 Servlet.init() 호출이 예외를 발생시켰습니다.
	org.springframework.beans.factory.UnsatisfiedDependencyException: Error creating bean with name 'boardController': Unsatisfied dependency expressed through field 'boardService'; nested exception is org.springframework.beans.factory.UnsatisfiedDependencyException: Error creating bean with name 'boardService': Unsatisfied dependency expressed through field 'boardMapper'; nested exception is org.springframework.beans.factory.NoSuchBeanDefinitionException: No qualifying bean of type 'com.crud.mapper.BoardMapper' available: expected at least 1 bean which qualifies as autowire candidate. Dependency annotations: {@org.springframework.beans.factory.annotation.Autowired(required=true)}
		at org.springframework.beans.factory.annotation.AutowiredAnnotationBeanPostProcessor$AutowiredFieldElement.resolveFieldValue(AutowiredAnnotationBeanPostProcessor.java:713)
		at org.springframework.beans.factory.annotation.AutowiredAnnotationBeanPostProcessor$AutowiredFieldElement.inject(AutowiredAnnotationBeanPostProcessor.java:693)
		at org.springframework.beans.factory.annotation.InjectionMetadata.inject(InjectionMetadata.java:119)
		at org.springframework.beans.factory.annotation.AutowiredAnnotationBeanPostProcessor.postProcessProperties(AutowiredAnnotationBeanPostProcessor.java:408)
		at org.springframework.beans.factory.support.AbstractAutowireCapableBeanFactory.populateBean(AbstractAutowireCapableBeanFactory.java:1431)
		at org.springframework.beans.factory.support.AbstractAutowireCapableBeanFactory.doCreateBean(AbstractAutowireCapableBeanFactory.java:619)
		at org.springframework.beans.factory.support.AbstractAutowireCapableBeanFactory.createBean(AbstractAutowireCapableBeanFactory.java:542)
		at org.springframework.beans.factory.support.AbstractBeanFactory.lambda$doGetBean$0(AbstractBeanFactory.java:336)
		at org.springframework.beans.factory.support.DefaultSingletonBeanRegistry.getSingleton(DefaultSingletonBeanRegistry.java:234)
		at org.springframework.beans.factory.support.AbstractBeanFactory.doGetBean(AbstractBeanFactory.java:334)
		at org.springframework.beans.factory.support.AbstractBeanFactory.getBean(AbstractBeanFactory.java:209)
		at org.springframework.beans.factory.support.DefaultListableBeanFactory.preInstantiateSingletons(DefaultListableBeanFactory.java:955)
		at org.springframework.context.support.AbstractApplicationContext.finishBeanFactoryInitialization(AbstractApplicationContext.java:932)
		at org.springframework.context.support.AbstractApplicationContext.refresh(AbstractApplicationContext.java:591)
		at org.springframework.web.servlet.FrameworkServlet.configureAndRefreshWebApplicationContext(FrameworkServlet.java:702)
		at org.springframework.web.servlet.FrameworkServlet.createWebApplicationContext(FrameworkServlet.java:668)
		at org.springframework.web.servlet.FrameworkServlet.createWebApplicationContext(FrameworkServlet.java:716)
		at org.springframework.web.servlet.FrameworkServlet.initWebApplicationContext(FrameworkServlet.java:591)
		at org.springframework.web.servlet.FrameworkServlet.initServletBean(FrameworkServlet.java:530)
		at org.springframework.web.servlet.HttpServletBean.init(HttpServletBean.java:170)
		at javax.servlet.GenericServlet.init(GenericServlet.java:143)
		at org.apache.catalina.core.StandardWrapper.initServlet(StandardWrapper.java:986)
		at org.apache.catalina.core.StandardWrapper.loadServlet(StandardWrapper.java:943)
		at org.apache.catalina.core.StandardWrapper.allocate(StandardWrapper.java:661)
		at org.apache.catalina.core.StandardWrapperValve.invoke(StandardWrapperValve.java:114)
		at org.apache.catalina.core.StandardContextValve.invoke(StandardContextValve.java:88)
		at org.apache.catalina.authenticator.AuthenticatorBase.invoke(AuthenticatorBase.java:491)
		at org.apache.catalina.core.StandardHostValve.invoke(StandardHostValve.java:127)
		at org.apache.catalina.valves.ErrorReportValve.invoke(ErrorReportValve.java:83)
		at org.apache.catalina.valves.AbstractAccessLogValve.invoke(AbstractAccessLogValve.java:764)
		at org.apache.catalina.core.StandardEngineValve.invoke(StandardEngineValve.java:72)
		at org.apache.catalina.connector.CoyoteAdapter.service(CoyoteAdapter.java:344)
		at org.apache.coyote.http11.Http11Processor.service(Http11Processor.java:398)
		at org.apache.coyote.AbstractProcessorLight.process(AbstractProcessorLight.java:63)
		at org.apache.coyote.AbstractProtocol$ConnectionHandler.process(AbstractProtocol.java:1309)
		at org.apache.tomcat.util.net.NioEndpoint$SocketProcessor.doRun(NioEndpoint.java:1854)
		at org.apache.tomcat.util.net.SocketProcessorBase.run(SocketProcessorBase.java:52)
		at org.apache.tomcat.util.threads.ThreadPoolExecutor.runWorker(ThreadPoolExecutor.java:973)
		at org.apache.tomcat.util.threads.ThreadPoolExecutor$Worker.run(ThreadPoolExecutor.java:491)
		at org.apache.tomcat.util.threads.TaskThread$WrappingRunnable.run(TaskThread.java:63)
		at java.lang.Thread.run(Thread.java:750)
	Caused by: org.springframework.beans.factory.UnsatisfiedDependencyException: Error creating bean with name 'boardService': Unsatisfied dependency expressed through field 'boardMapper'; nested exception is org.springframework.beans.factory.NoSuchBeanDefinitionException: No qualifying bean of type 'com.crud.mapper.BoardMapper' available: expected at least 1 bean which qualifies as autowire candidate. Dependency annotations: {@org.springframework.beans.factory.annotation.Autowired(required=true)}
		at org.springframework.beans.factory.annotation.AutowiredAnnotationBeanPostProcessor$AutowiredFieldElement.resolveFieldValue(AutowiredAnnotationBeanPostProcessor.java:713)
		at org.springframework.beans.factory.annotation.AutowiredAnnotationBeanPostProcessor$AutowiredFieldElement.inject(AutowiredAnnotationBeanPostProcessor.java:693)
		at org.springframework.beans.factory.annotation.InjectionMetadata.inject(InjectionMetadata.java:119)
		at org.springframework.beans.factory.annotation.AutowiredAnnotationBeanPostProcessor.postProcessProperties(AutowiredAnnotationBeanPostProcessor.java:408)
		at org.springframework.beans.factory.support.AbstractAutowireCapableBeanFactory.populateBean(AbstractAutowireCapableBeanFactory.java:1431)
		at org.springframework.beans.factory.support.AbstractAutowireCapableBeanFactory.doCreateBean(AbstractAutowireCapableBeanFactory.java:619)
		at org.springframework.beans.factory.support.AbstractAutowireCapableBeanFactory.createBean(AbstractAutowireCapableBeanFactory.java:542)
		at org.springframework.beans.factory.support.AbstractBeanFactory.lambda$doGetBean$0(AbstractBeanFactory.java:336)
		at org.springframework.beans.factory.support.DefaultSingletonBeanRegistry.getSingleton(DefaultSingletonBeanRegistry.java:234)
		at org.springframework.beans.factory.support.AbstractBeanFactory.doGetBean(AbstractBeanFactory.java:334)
		at org.springframework.beans.factory.support.AbstractBeanFactory.getBean(AbstractBeanFactory.java:209)
		at org.springframework.beans.factory.config.DependencyDescriptor.resolveCandidate(DependencyDescriptor.java:276)
		at org.springframework.beans.factory.support.DefaultListableBeanFactory.doResolveDependency(DefaultListableBeanFactory.java:1391)
		at org.springframework.beans.factory.support.DefaultListableBeanFactory.resolveDependency(DefaultListableBeanFactory.java:1311)
		at org.springframework.beans.factory.annotation.AutowiredAnnotationBeanPostProcessor$AutowiredFieldElement.resolveFieldValue(AutowiredAnnotationBeanPostProcessor.java:710)
		... 40 more
	Caused by: org.springframework.beans.factory.NoSuchBeanDefinitionException: No qualifying bean of type 'com.crud.mapper.BoardMapper' available: expected at least 1 bean which qualifies as autowire candidate. Dependency annotations: {@org.springframework.beans.factory.annotation.Autowired(required=true)}
		at org.springframework.beans.factory.support.DefaultListableBeanFactory.raiseNoMatchingBeanFound(DefaultListableBeanFactory.java:1801)
		at org.springframework.beans.factory.support.DefaultListableBeanFactory.doResolveDependency(DefaultListableBeanFactory.java:1357)
		at org.springframework.beans.factory.support.DefaultListableBeanFactory.resolveDependency(DefaultListableBeanFactory.java:1311)
		at org.springframework.beans.factory.annotation.AutowiredAnnotationBeanPostProcessor$AutowiredFieldElement.resolveFieldValue(AutowiredAnnotationBeanPostProcessor.java:710)
		... 54 more
10-Jun-2026 01:04:35.001 심각 [http-nio-8080-exec-3] org.apache.catalina.core.StandardWrapperValve.invoke 서블릿 [dispatcher]을(를) 위해 할당하던 중 예외 발생
	org.springframework.beans.factory.NoSuchBeanDefinitionException: No qualifying bean of type 'com.crud.mapper.BoardMapper' available: expected at least 1 bean which qualifies as autowire candidate. Dependency annotations: {@org.springframework.beans.factory.annotation.Autowired(required=true)}
		at org.springframework.beans.factory.support.DefaultListableBeanFactory.raiseNoMatchingBeanFound(DefaultListableBeanFactory.java:1801)
		at org.springframework.beans.factory.support.DefaultListableBeanFactory.doResolveDependency(DefaultListableBeanFactory.java:1357)
		at org.springframework.beans.factory.support.DefaultListableBeanFactory.resolveDependency(DefaultListableBeanFactory.java:1311)
		at org.springframework.beans.factory.annotation.AutowiredAnnotationBeanPostProcessor$AutowiredFieldElement.resolveFieldValue(AutowiredAnnotationBeanPostProcessor.java:710)
		at org.springframework.beans.factory.annotation.AutowiredAnnotationBeanPostProcessor$AutowiredFieldElement.inject(AutowiredAnnotationBeanPostProcessor.java:693)
		at org.springframework.beans.factory.annotation.InjectionMetadata.inject(InjectionMetadata.java:119)
		at org.springframework.beans.factory.annotation.AutowiredAnnotationBeanPostProcessor.postProcessProperties(AutowiredAnnotationBeanPostProcessor.java:408)
		at org.springframework.beans.factory.support.AbstractAutowireCapableBeanFactory.populateBean(AbstractAutowireCapableBeanFactory.java:1431)
		at org.springframework.beans.factory.support.AbstractAutowireCapableBeanFactory.doCreateBean(AbstractAutowireCapableBeanFactory.java:619)
		at org.springframework.beans.factory.support.AbstractAutowireCapableBeanFactory.createBean(AbstractAutowireCapableBeanFactory.java:542)
		at org.springframework.beans.factory.support.AbstractBeanFactory.lambda$doGetBean$0(AbstractBeanFactory.java:336)
		at org.springframework.beans.factory.support.DefaultSingletonBeanRegistry.getSingleton(DefaultSingletonBeanRegistry.java:234)
		at org.springframework.beans.factory.support.AbstractBeanFactory.doGetBean(AbstractBeanFactory.java:334)
		at org.springframework.beans.factory.support.AbstractBeanFactory.getBean(AbstractBeanFactory.java:209)
		at org.springframework.beans.factory.config.DependencyDescriptor.resolveCandidate(DependencyDescriptor.java:276)
		at org.springframework.beans.factory.support.DefaultListableBeanFactory.doResolveDependency(DefaultListableBeanFactory.java:1391)
		at org.springframework.beans.factory.support.DefaultListableBeanFactory.resolveDependency(DefaultListableBeanFactory.java:1311)
		at org.springframework.beans.factory.annotation.AutowiredAnnotationBeanPostProcessor$AutowiredFieldElement.resolveFieldValue(AutowiredAnnotationBeanPostProcessor.java:710)
		at org.springframework.beans.factory.annotation.AutowiredAnnotationBeanPostProcessor$AutowiredFieldElement.inject(AutowiredAnnotationBeanPostProcessor.java:693)
		at org.springframework.beans.factory.annotation.InjectionMetadata.inject(InjectionMetadata.java:119)
		at org.springframework.beans.factory.annotation.AutowiredAnnotationBeanPostProcessor.postProcessProperties(AutowiredAnnotationBeanPostProcessor.java:408)
		at org.springframework.beans.factory.support.AbstractAutowireCapableBeanFactory.populateBean(AbstractAutowireCapableBeanFactory.java:1431)
		at org.springframework.beans.factory.support.AbstractAutowireCapableBeanFactory.doCreateBean(AbstractAutowireCapableBeanFactory.java:619)
		at org.springframework.beans.factory.support.AbstractAutowireCapableBeanFactory.createBean(AbstractAutowireCapableBeanFactory.java:542)
		at org.springframework.beans.factory.support.AbstractBeanFactory.lambda$doGetBean$0(AbstractBeanFactory.java:336)
		at org.springframework.beans.factory.support.DefaultSingletonBeanRegistry.getSingleton(DefaultSingletonBeanRegistry.java:234)
		at org.springframework.beans.factory.support.AbstractBeanFactory.doGetBean(AbstractBeanFactory.java:334)
		at org.springframework.beans.factory.support.AbstractBeanFactory.getBean(AbstractBeanFactory.java:209)
		at org.springframework.beans.factory.support.DefaultListableBeanFactory.preInstantiateSingletons(DefaultListableBeanFactory.java:955)
		at org.springframework.context.support.AbstractApplicationContext.finishBeanFactoryInitialization(AbstractApplicationContext.java:932)
		at org.springframework.context.support.AbstractApplicationContext.refresh(AbstractApplicationContext.java:591)
		at org.springframework.web.servlet.FrameworkServlet.configureAndRefreshWebApplicationContext(FrameworkServlet.java:702)
		at org.springframework.web.servlet.FrameworkServlet.createWebApplicationContext(FrameworkServlet.java:668)
		at org.springframework.web.servlet.FrameworkServlet.createWebApplicationContext(FrameworkServlet.java:716)
		at org.springframework.web.servlet.FrameworkServlet.initWebApplicationContext(FrameworkServlet.java:591)
		at org.springframework.web.servlet.FrameworkServlet.initServletBean(FrameworkServlet.java:530)
		at org.springframework.web.servlet.HttpServletBean.init(HttpServletBean.java:170)
		at javax.servlet.GenericServlet.init(GenericServlet.java:143)
		at org.apache.catalina.core.StandardWrapper.initServlet(StandardWrapper.java:986)
		at org.apache.catalina.core.StandardWrapper.loadServlet(StandardWrapper.java:943)
		at org.apache.catalina.core.StandardWrapper.allocate(StandardWrapper.java:661)
		at org.apache.catalina.core.StandardWrapperValve.invoke(StandardWrapperValve.java:114)
		at org.apache.catalina.core.StandardContextValve.invoke(StandardContextValve.java:88)
		at org.apache.catalina.authenticator.AuthenticatorBase.invoke(AuthenticatorBase.java:491)
		at org.apache.catalina.core.StandardHostValve.invoke(StandardHostValve.java:127)
		at org.apache.catalina.valves.ErrorReportValve.invoke(ErrorReportValve.java:83)
		at org.apache.catalina.valves.AbstractAccessLogValve.invoke(AbstractAccessLogValve.java:764)
		at org.apache.catalina.core.StandardEngineValve.invoke(StandardEngineValve.java:72)
		at org.apache.catalina.connector.CoyoteAdapter.service(CoyoteAdapter.java:344)
		at org.apache.coyote.http11.Http11Processor.service(Http11Processor.java:398)
		at org.apache.coyote.AbstractProcessorLight.process(AbstractProcessorLight.java:63)
		at org.apache.coyote.AbstractProtocol$ConnectionHandler.process(AbstractProtocol.java:1309)
		at org.apache.tomcat.util.net.NioEndpoint$SocketProcessor.doRun(NioEndpoint.java:1854)
		at org.apache.tomcat.util.net.SocketProcessorBase.run(SocketProcessorBase.java:52)
		at org.apache.tomcat.util.threads.ThreadPoolExecutor.runWorker(ThreadPoolExecutor.java:973)
		at org.apache.tomcat.util.threads.ThreadPoolExecutor$Worker.run(ThreadPoolExecutor.java:491)
		at org.apache.tomcat.util.threads.TaskThread$WrappingRunnable.run(TaskThread.java:63)
		at java.lang.Thread.run(Thread.java:750)
10-Jun-2026 01:04:35.024 정보 [http-nio-8080-exec-4] org.apache.catalina.core.ApplicationContext.log Initializing Spring DispatcherServlet 'dispatcher'
10-Jun-2026 01:04:35.097 심각 [http-nio-8080-exec-4] org.apache.catalina.core.ApplicationContext.log 서블릿 [dispatcher]을(를) 위한 Servlet.init() 호출이 예외를 발생시켰습니다.
	org.springframework.beans.factory.UnsatisfiedDependencyException: Error creating bean with name 'boardController': Unsatisfied dependency expressed through field 'boardService'; nested exception is org.springframework.beans.factory.UnsatisfiedDependencyException: Error creating bean with name 'boardService': Unsatisfied dependency expressed through field 'boardMapper'; nested exception is org.springframework.beans.factory.NoSuchBeanDefinitionException: No qualifying bean of type 'com.crud.mapper.BoardMapper' available: expected at least 1 bean which qualifies as autowire candidate. Dependency annotations: {@org.springframework.beans.factory.annotation.Autowired(required=true)}
		at org.springframework.beans.factory.annotation.AutowiredAnnotationBeanPostProcessor$AutowiredFieldElement.resolveFieldValue(AutowiredAnnotationBeanPostProcessor.java:713)
		at org.springframework.beans.factory.annotation.AutowiredAnnotationBeanPostProcessor$AutowiredFieldElement.inject(AutowiredAnnotationBeanPostProcessor.java:693)
		at org.springframework.beans.factory.annotation.InjectionMetadata.inject(InjectionMetadata.java:119)
		at org.springframework.beans.factory.annotation.AutowiredAnnotationBeanPostProcessor.postProcessProperties(AutowiredAnnotationBeanPostProcessor.java:408)
		at org.springframework.beans.factory.support.AbstractAutowireCapableBeanFactory.populateBean(AbstractAutowireCapableBeanFactory.java:1431)
		at org.springframework.beans.factory.support.AbstractAutowireCapableBeanFactory.doCreateBean(AbstractAutowireCapableBeanFactory.java:619)
		at org.springframework.beans.factory.support.AbstractAutowireCapableBeanFactory.createBean(AbstractAutowireCapableBeanFactory.java:542)
		at org.springframework.beans.factory.support.AbstractBeanFactory.lambda$doGetBean$0(AbstractBeanFactory.java:336)
		at org.springframework.beans.factory.support.DefaultSingletonBeanRegistry.getSingleton(DefaultSingletonBeanRegistry.java:234)
		at org.springframework.beans.factory.support.AbstractBeanFactory.doGetBean(AbstractBeanFactory.java:334)
		at org.springframework.beans.factory.support.AbstractBeanFactory.getBean(AbstractBeanFactory.java:209)
		at org.springframework.beans.factory.support.DefaultListableBeanFactory.preInstantiateSingletons(DefaultListableBeanFactory.java:955)
		at org.springframework.context.support.AbstractApplicationContext.finishBeanFactoryInitialization(AbstractApplicationContext.java:932)
		at org.springframework.context.support.AbstractApplicationContext.refresh(AbstractApplicationContext.java:591)
		at org.springframework.web.servlet.FrameworkServlet.configureAndRefreshWebApplicationContext(FrameworkServlet.java:702)
		at org.springframework.web.servlet.FrameworkServlet.createWebApplicationContext(FrameworkServlet.java:668)
		at org.springframework.web.servlet.FrameworkServlet.createWebApplicationContext(FrameworkServlet.java:716)
		at org.springframework.web.servlet.FrameworkServlet.initWebApplicationContext(FrameworkServlet.java:591)
		at org.springframework.web.servlet.FrameworkServlet.initServletBean(FrameworkServlet.java:530)
		at org.springframework.web.servlet.HttpServletBean.init(HttpServletBean.java:170)
		at javax.servlet.GenericServlet.init(GenericServlet.java:143)
		at org.apache.catalina.core.StandardWrapper.initServlet(StandardWrapper.java:986)
		at org.apache.catalina.core.StandardWrapper.loadServlet(StandardWrapper.java:943)
		at org.apache.catalina.core.StandardWrapper.allocate(StandardWrapper.java:661)
		at org.apache.catalina.core.StandardWrapperValve.invoke(StandardWrapperValve.java:114)
		at org.apache.catalina.core.StandardContextValve.invoke(StandardContextValve.java:88)
		at org.apache.catalina.authenticator.AuthenticatorBase.invoke(AuthenticatorBase.java:491)
		at org.apache.catalina.core.StandardHostValve.invoke(StandardHostValve.java:127)
		at org.apache.catalina.valves.ErrorReportValve.invoke(ErrorReportValve.java:83)
		at org.apache.catalina.valves.AbstractAccessLogValve.invoke(AbstractAccessLogValve.java:764)
		at org.apache.catalina.core.StandardEngineValve.invoke(StandardEngineValve.java:72)
		at org.apache.catalina.connector.CoyoteAdapter.service(CoyoteAdapter.java:344)
		at org.apache.coyote.http11.Http11Processor.service(Http11Processor.java:398)
		at org.apache.coyote.AbstractProcessorLight.process(AbstractProcessorLight.java:63)
		at org.apache.coyote.AbstractProtocol$ConnectionHandler.process(AbstractProtocol.java:1309)
		at org.apache.tomcat.util.net.NioEndpoint$SocketProcessor.doRun(NioEndpoint.java:1854)
		at org.apache.tomcat.util.net.SocketProcessorBase.run(SocketProcessorBase.java:52)
		at org.apache.tomcat.util.threads.ThreadPoolExecutor.runWorker(ThreadPoolExecutor.java:973)
		at org.apache.tomcat.util.threads.ThreadPoolExecutor$Worker.run(ThreadPoolExecutor.java:491)
		at org.apache.tomcat.util.threads.TaskThread$WrappingRunnable.run(TaskThread.java:63)
		at java.lang.Thread.run(Thread.java:750)
	Caused by: org.springframework.beans.factory.UnsatisfiedDependencyException: Error creating bean with name 'boardService': Unsatisfied dependency expressed through field 'boardMapper'; nested exception is org.springframework.beans.factory.NoSuchBeanDefinitionException: No qualifying bean of type 'com.crud.mapper.BoardMapper' available: expected at least 1 bean which qualifies as autowire candidate. Dependency annotations: {@org.springframework.beans.factory.annotation.Autowired(required=true)}
		at org.springframework.beans.factory.annotation.AutowiredAnnotationBeanPostProcessor$AutowiredFieldElement.resolveFieldValue(AutowiredAnnotationBeanPostProcessor.java:713)
		at org.springframework.beans.factory.annotation.AutowiredAnnotationBeanPostProcessor$AutowiredFieldElement.inject(AutowiredAnnotationBeanPostProcessor.java:693)
		at org.springframework.beans.factory.annotation.InjectionMetadata.inject(InjectionMetadata.java:119)
		at org.springframework.beans.factory.annotation.AutowiredAnnotationBeanPostProcessor.postProcessProperties(AutowiredAnnotationBeanPostProcessor.java:408)
		at org.springframework.beans.factory.support.AbstractAutowireCapableBeanFactory.populateBean(AbstractAutowireCapableBeanFactory.java:1431)
		at org.springframework.beans.factory.support.AbstractAutowireCapableBeanFactory.doCreateBean(AbstractAutowireCapableBeanFactory.java:619)
		at org.springframework.beans.factory.support.AbstractAutowireCapableBeanFactory.createBean(AbstractAutowireCapableBeanFactory.java:542)
		at org.springframework.beans.factory.support.AbstractBeanFactory.lambda$doGetBean$0(AbstractBeanFactory.java:336)
		at org.springframework.beans.factory.support.DefaultSingletonBeanRegistry.getSingleton(DefaultSingletonBeanRegistry.java:234)
		at org.springframework.beans.factory.support.AbstractBeanFactory.doGetBean(AbstractBeanFactory.java:334)
		at org.springframework.beans.factory.support.AbstractBeanFactory.getBean(AbstractBeanFactory.java:209)
		at org.springframework.beans.factory.config.DependencyDescriptor.resolveCandidate(DependencyDescriptor.java:276)
		at org.springframework.beans.factory.support.DefaultListableBeanFactory.doResolveDependency(DefaultListableBeanFactory.java:1391)
		at org.springframework.beans.factory.support.DefaultListableBeanFactory.resolveDependency(DefaultListableBeanFactory.java:1311)
		at org.springframework.beans.factory.annotation.AutowiredAnnotationBeanPostProcessor$AutowiredFieldElement.resolveFieldValue(AutowiredAnnotationBeanPostProcessor.java:710)
		... 40 more
	Caused by: org.springframework.beans.factory.NoSuchBeanDefinitionException: No qualifying bean of type 'com.crud.mapper.BoardMapper' available: expected at least 1 bean which qualifies as autowire candidate. Dependency annotations: {@org.springframework.beans.factory.annotation.Autowired(required=true)}
		at org.springframework.beans.factory.support.DefaultListableBeanFactory.raiseNoMatchingBeanFound(DefaultListableBeanFactory.java:1801)
		at org.springframework.beans.factory.support.DefaultListableBeanFactory.doResolveDependency(DefaultListableBeanFactory.java:1357)
		at org.springframework.beans.factory.support.DefaultListableBeanFactory.resolveDependency(DefaultListableBeanFactory.java:1311)
		at org.springframework.beans.factory.annotation.AutowiredAnnotationBeanPostProcessor$AutowiredFieldElement.resolveFieldValue(AutowiredAnnotationBeanPostProcessor.java:710)
		... 54 more
10-Jun-2026 01:04:35.097 심각 [http-nio-8080-exec-4] org.apache.catalina.core.StandardWrapperValve.invoke 서블릿 [dispatcher]을(를) 위해 할당하던 중 예외 발생
	org.springframework.beans.factory.NoSuchBeanDefinitionException: No qualifying bean of type 'com.crud.mapper.BoardMapper' available: expected at least 1 bean which qualifies as autowire candidate. Dependency annotations: {@org.springframework.beans.factory.annotation.Autowired(required=true)}
		at org.springframework.beans.factory.support.DefaultListableBeanFactory.raiseNoMatchingBeanFound(DefaultListableBeanFactory.java:1801)
		at org.springframework.beans.factory.support.DefaultListableBeanFactory.doResolveDependency(DefaultListableBeanFactory.java:1357)
		at org.springframework.beans.factory.support.DefaultListableBeanFactory.resolveDependency(DefaultListableBeanFactory.java:1311)
		at org.springframework.beans.factory.annotation.AutowiredAnnotationBeanPostProcessor$AutowiredFieldElement.resolveFieldValue(AutowiredAnnotationBeanPostProcessor.java:710)
		at org.springframework.beans.factory.annotation.AutowiredAnnotationBeanPostProcessor$AutowiredFieldElement.inject(AutowiredAnnotationBeanPostProcessor.java:693)
		at org.springframework.beans.factory.annotation.InjectionMetadata.inject(InjectionMetadata.java:119)
		at org.springframework.beans.factory.annotation.AutowiredAnnotationBeanPostProcessor.postProcessProperties(AutowiredAnnotationBeanPostProcessor.java:408)
		at org.springframework.beans.factory.support.AbstractAutowireCapableBeanFactory.populateBean(AbstractAutowireCapableBeanFactory.java:1431)
		at org.springframework.beans.factory.support.AbstractAutowireCapableBeanFactory.doCreateBean(AbstractAutowireCapableBeanFactory.java:619)
		at org.springframework.beans.factory.support.AbstractAutowireCapableBeanFactory.createBean(AbstractAutowireCapableBeanFactory.java:542)
		at org.springframework.beans.factory.support.AbstractBeanFactory.lambda$doGetBean$0(AbstractBeanFactory.java:336)
		at org.springframework.beans.factory.support.DefaultSingletonBeanRegistry.getSingleton(DefaultSingletonBeanRegistry.java:234)
		at org.springframework.beans.factory.support.AbstractBeanFactory.doGetBean(AbstractBeanFactory.java:334)
		at org.springframework.beans.factory.support.AbstractBeanFactory.getBean(AbstractBeanFactory.java:209)
		at org.springframework.beans.factory.config.DependencyDescriptor.resolveCandidate(DependencyDescriptor.java:276)
		at org.springframework.beans.factory.support.DefaultListableBeanFactory.doResolveDependency(DefaultListableBeanFactory.java:1391)
		at org.springframework.beans.factory.support.DefaultListableBeanFactory.resolveDependency(DefaultListableBeanFactory.java:1311)
		at org.springframework.beans.factory.annotation.AutowiredAnnotationBeanPostProcessor$AutowiredFieldElement.resolveFieldValue(AutowiredAnnotationBeanPostProcessor.java:710)
		at org.springframework.beans.factory.annotation.AutowiredAnnotationBeanPostProcessor$AutowiredFieldElement.inject(AutowiredAnnotationBeanPostProcessor.java:693)
		at org.springframework.beans.factory.annotation.InjectionMetadata.inject(InjectionMetadata.java:119)
		at org.springframework.beans.factory.annotation.AutowiredAnnotationBeanPostProcessor.postProcessProperties(AutowiredAnnotationBeanPostProcessor.java:408)
		at org.springframework.beans.factory.support.AbstractAutowireCapableBeanFactory.populateBean(AbstractAutowireCapableBeanFactory.java:1431)
		at org.springframework.beans.factory.support.AbstractAutowireCapableBeanFactory.doCreateBean(AbstractAutowireCapableBeanFactory.java:619)
		at org.springframework.beans.factory.support.AbstractAutowireCapableBeanFactory.createBean(AbstractAutowireCapableBeanFactory.java:542)
		at org.springframework.beans.factory.support.AbstractBeanFactory.lambda$doGetBean$0(AbstractBeanFactory.java:336)
		at org.springframework.beans.factory.support.DefaultSingletonBeanRegistry.getSingleton(DefaultSingletonBeanRegistry.java:234)
		at org.springframework.beans.factory.support.AbstractBeanFactory.doGetBean(AbstractBeanFactory.java:334)
		at org.springframework.beans.factory.support.AbstractBeanFactory.getBean(AbstractBeanFactory.java:209)
		at org.springframework.beans.factory.support.DefaultListableBeanFactory.preInstantiateSingletons(DefaultListableBeanFactory.java:955)
		at org.springframework.context.support.AbstractApplicationContext.finishBeanFactoryInitialization(AbstractApplicationContext.java:932)
		at org.springframework.context.support.AbstractApplicationContext.refresh(AbstractApplicationContext.java:591)
		at org.springframework.web.servlet.FrameworkServlet.configureAndRefreshWebApplicationContext(FrameworkServlet.java:702)
		at org.springframework.web.servlet.FrameworkServlet.createWebApplicationContext(FrameworkServlet.java:668)
		at org.springframework.web.servlet.FrameworkServlet.createWebApplicationContext(FrameworkServlet.java:716)
		at org.springframework.web.servlet.FrameworkServlet.initWebApplicationContext(FrameworkServlet.java:591)
		at org.springframework.web.servlet.FrameworkServlet.initServletBean(FrameworkServlet.java:530)
		at org.springframework.web.servlet.HttpServletBean.init(HttpServletBean.java:170)
		at javax.servlet.GenericServlet.init(GenericServlet.java:143)
		at org.apache.catalina.core.StandardWrapper.initServlet(StandardWrapper.java:986)
		at org.apache.catalina.core.StandardWrapper.loadServlet(StandardWrapper.java:943)
		at org.apache.catalina.core.StandardWrapper.allocate(StandardWrapper.java:661)
		at org.apache.catalina.core.StandardWrapperValve.invoke(StandardWrapperValve.java:114)
		at org.apache.catalina.core.StandardContextValve.invoke(StandardContextValve.java:88)
		at org.apache.catalina.authenticator.AuthenticatorBase.invoke(AuthenticatorBase.java:491)
		at org.apache.catalina.core.StandardHostValve.invoke(StandardHostValve.java:127)
		at org.apache.catalina.valves.ErrorReportValve.invoke(ErrorReportValve.java:83)
		at org.apache.catalina.valves.AbstractAccessLogValve.invoke(AbstractAccessLogValve.java:764)
		at org.apache.catalina.core.StandardEngineValve.invoke(StandardEngineValve.java:72)
		at org.apache.catalina.connector.CoyoteAdapter.service(CoyoteAdapter.java:344)
		at org.apache.coyote.http11.Http11Processor.service(Http11Processor.java:398)
		at org.apache.coyote.AbstractProcessorLight.process(AbstractProcessorLight.java:63)
		at org.apache.coyote.AbstractProtocol$ConnectionHandler.process(AbstractProtocol.java:1309)
		at org.apache.tomcat.util.net.NioEndpoint$SocketProcessor.doRun(NioEndpoint.java:1854)
		at org.apache.tomcat.util.net.SocketProcessorBase.run(SocketProcessorBase.java:52)
		at org.apache.tomcat.util.threads.ThreadPoolExecutor.runWorker(ThreadPoolExecutor.java:973)
		at org.apache.tomcat.util.threads.ThreadPoolExecutor$Worker.run(ThreadPoolExecutor.java:491)
		at org.apache.tomcat.util.threads.TaskThread$WrappingRunnable.run(TaskThread.java:63)
		at java.lang.Thread.run(Thread.java:750)
10-Jun-2026 01:06:23.230 정보 [main] org.apache.catalina.core.ApplicationContext.log No Spring WebApplicationInitializer types detected on classpath
10-Jun-2026 01:06:23.417 정보 [main] org.apache.catalina.core.ApplicationContext.log Initializing Spring DispatcherServlet 'dispatcher'
10-Jun-2026 01:09:01.549 정보 [Thread-2] org.apache.catalina.core.ApplicationContext.log Destroying Spring FrameworkServlet 'dispatcher'
10-Jun-2026 01:09:05.831 정보 [main] org.apache.catalina.core.ApplicationContext.log No Spring WebApplicationInitializer types detected on classpath
10-Jun-2026 01:09:06.016 정보 [main] org.apache.catalina.core.ApplicationContext.log Initializing Spring DispatcherServlet 'dispatcher'
10-Jun-2026 01:10:18.452 정보 [Thread-2] org.apache.catalina.core.ApplicationContext.log Destroying Spring FrameworkServlet 'dispatcher'
10-Jun-2026 01:10:30.047 정보 [main] org.apache.catalina.core.ApplicationContext.log No Spring WebApplicationInitializer types detected on classpath
10-Jun-2026 01:10:30.233 정보 [main] org.apache.catalina.core.ApplicationContext.log Initializing Spring DispatcherServlet 'dispatcher'
10-Jun-2026 01:13:44.681 정보 [Thread-2] org.apache.catalina.core.ApplicationContext.log Destroying Spring FrameworkServlet 'dispatcher'
10-Jun-2026 01:13:48.880 정보 [main] org.apache.catalina.core.ApplicationContext.log No Spring WebApplicationInitializer types detected on classpath
10-Jun-2026 01:13:49.069 정보 [main] org.apache.catalina.core.ApplicationContext.log Initializing Spring DispatcherServlet 'dispatcher'
10-Jun-2026 01:14:10.470 정보 [Thread-2] org.apache.catalina.core.ApplicationContext.log Destroying Spring FrameworkServlet 'dispatcher'
10-Jun-2026 01:14:27.404 정보 [main] org.apache.catalina.core.ApplicationContext.log No Spring WebApplicationInitializer types detected on classpath
10-Jun-2026 01:14:27.611 정보 [main] org.apache.catalina.core.ApplicationContext.log Initializing Spring DispatcherServlet 'dispatcher'
10-Jun-2026 01:15:05.709 정보 [Thread-2] org.apache.catalina.core.ApplicationContext.log Destroying Spring FrameworkServlet 'dispatcher'
10-Jun-2026 01:15:08.903 정보 [main] org.apache.catalina.core.ApplicationContext.log No Spring WebApplicationInitializer types detected on classpath
10-Jun-2026 01:15:09.094 정보 [main] org.apache.catalina.core.ApplicationContext.log Initializing Spring DispatcherServlet 'dispatcher'
10-Jun-2026 01:17:53.231 정보 [Thread-2] org.apache.catalina.core.ApplicationContext.log Destroying Spring FrameworkServlet 'dispatcher'
