15-Jun-2026 00:06:38.526 정보 [Thread-2] org.apache.catalina.core.ApplicationContext.log Destroying Spring FrameworkServlet 'dispatcher'
15-Jun-2026 00:06:48.070 정보 [main] org.apache.catalina.core.ApplicationContext.log No Spring WebApplicationInitializer types detected on classpath
15-Jun-2026 00:06:48.271 정보 [main] org.apache.catalina.core.ApplicationContext.log Initializing Spring DispatcherServlet 'dispatcher'
15-Jun-2026 00:06:58.222 심각 [http-nio-8080-exec-8] org.apache.catalina.core.ApplicationDispatcher.invoke 서블릿 [jsp]을(를) 위한 Servlet.service() 호출이 예외를 발생시켰습니다.
	javax.el.PropertyNotFoundException: [mem_name] 특성이 [com.crud.dto.BoardDto] 유형에 없습니다.
		at javax.el.BeanELResolver$BeanProperties.get(BeanELResolver.java:253)
		at javax.el.BeanELResolver$BeanProperties.access$300(BeanELResolver.java:206)
		at javax.el.BeanELResolver.property(BeanELResolver.java:322)
		at javax.el.BeanELResolver.getValue(BeanELResolver.java:93)
		at org.apache.jasper.el.JasperELResolver.getValue(JasperELResolver.java:123)
		at org.apache.el.parser.AstValue.getValue(AstValue.java:157)
		at org.apache.el.parser.AstEqual.getValue(AstEqual.java:34)
		at org.apache.el.parser.AstAnd.getValue(AstAnd.java:42)
		at org.apache.el.ValueExpressionImpl.getValue(ValueExpressionImpl.java:149)
		at org.apache.jasper.runtime.PageContextImpl.proprietaryEvaluate(PageContextImpl.java:655)
		at org.apache.jsp.WEB_002dINF.views.board.detail_jsp._jspx_meth_c_005fif_005f0(detail_jsp.java:215)
		at org.apache.jsp.WEB_002dINF.views.board.detail_jsp._jspService(detail_jsp.java:180)
		at org.apache.jasper.runtime.HttpJspBase.service(HttpJspBase.java:62)
		at javax.servlet.http.HttpServlet.service(HttpServlet.java:623)
		at org.apache.jasper.servlet.JspServletWrapper.service(JspServletWrapper.java:438)
		at org.apache.jasper.servlet.JspServlet.serviceJspFile(JspServlet.java:349)
		at org.apache.jasper.servlet.JspServlet.service(JspServlet.java:300)
		at javax.servlet.http.HttpServlet.service(HttpServlet.java:623)
		at org.apache.catalina.core.ApplicationFilterChain.internalDoFilter(ApplicationFilterChain.java:197)
		at org.apache.catalina.core.ApplicationFilterChain.doFilter(ApplicationFilterChain.java:142)
		at org.apache.tomcat.websocket.server.WsFilter.doFilter(WsFilter.java:51)
		at org.apache.catalina.core.ApplicationFilterChain.internalDoFilter(ApplicationFilterChain.java:166)
		at org.apache.catalina.core.ApplicationFilterChain.doFilter(ApplicationFilterChain.java:142)
		at org.apache.catalina.core.ApplicationDispatcher.invoke(ApplicationDispatcher.java:619)
		at org.apache.catalina.core.ApplicationDispatcher.processRequest(ApplicationDispatcher.java:399)
		at org.apache.catalina.core.ApplicationDispatcher.doForward(ApplicationDispatcher.java:338)
		at org.apache.catalina.core.ApplicationDispatcher.forward(ApplicationDispatcher.java:283)
		at org.springframework.web.servlet.view.InternalResourceView.renderMergedOutputModel(InternalResourceView.java:171)
		at org.springframework.web.servlet.view.AbstractView.render(AbstractView.java:316)
		at org.springframework.web.servlet.DispatcherServlet.render(DispatcherServlet.java:1406)
		at org.springframework.web.servlet.DispatcherServlet.processDispatchResult(DispatcherServlet.java:1150)
		at org.springframework.web.servlet.DispatcherServlet.doDispatch(DispatcherServlet.java:1089)
		at org.springframework.web.servlet.DispatcherServlet.doService(DispatcherServlet.java:965)
		at org.springframework.web.servlet.FrameworkServlet.processRequest(FrameworkServlet.java:1006)
		at org.springframework.web.servlet.FrameworkServlet.doGet(FrameworkServlet.java:898)
		at javax.servlet.http.HttpServlet.service(HttpServlet.java:529)
		at org.springframework.web.servlet.FrameworkServlet.service(FrameworkServlet.java:883)
		at javax.servlet.http.HttpServlet.service(HttpServlet.java:623)
		at org.apache.catalina.core.ApplicationFilterChain.internalDoFilter(ApplicationFilterChain.java:197)
		at org.apache.catalina.core.ApplicationFilterChain.doFilter(ApplicationFilterChain.java:142)
		at org.apache.tomcat.websocket.server.WsFilter.doFilter(WsFilter.java:51)
		at org.apache.catalina.core.ApplicationFilterChain.internalDoFilter(ApplicationFilterChain.java:166)
		at org.apache.catalina.core.ApplicationFilterChain.doFilter(ApplicationFilterChain.java:142)
		at org.springframework.web.filter.CharacterEncodingFilter.doFilterInternal(CharacterEncodingFilter.java:201)
		at org.springframework.web.filter.OncePerRequestFilter.doFilter(OncePerRequestFilter.java:117)
		at org.apache.catalina.core.ApplicationFilterChain.internalDoFilter(ApplicationFilterChain.java:166)
		at org.apache.catalina.core.ApplicationFilterChain.doFilter(ApplicationFilterChain.java:142)
		at org.apache.catalina.core.StandardWrapperValve.invoke(StandardWrapperValve.java:166)
		at org.apache.catalina.core.StandardContextValve.invoke(StandardContextValve.java:88)
		at org.apache.catalina.authenticator.AuthenticatorBase.invoke(AuthenticatorBase.java:491)
		at org.apache.catalina.core.StandardHostValve.invoke(StandardHostValve.java:127)
		at org.apache.catalina.valves.ErrorReportValve.invoke(ErrorReportValve.java:83)
		at org.apache.catalina.valves.AbstractAccessLogValve.invoke(AbstractAccessLogValve.java:764)
		at org.apache.catalina.core.StandardEngineValve.invoke(StandardEngineValve.java:72)
		at org.apache.catalina.connector.CoyoteAdapter.service(CoyoteAdapter.java:344)
		at org.apache.coyote.http11.Http11Processor.service(Http11Processor.java:398)
		at org.apache.coyote.AbstractProcessorLight.process(AbstractProcessorLight.java:63)
		at org.apache.coyote.AbstractProtocol$ConnectionHandler.process(AbstractProtocol.java:1309)
		at org.apache.tomcat.util.net.NioEndpoint$SocketProcessor.doRun(NioEndpoint.java:1854)
		at org.apache.tomcat.util.net.SocketProcessorBase.run(SocketProcessorBase.java:52)
		at org.apache.tomcat.util.threads.ThreadPoolExecutor.runWorker(ThreadPoolExecutor.java:973)
		at org.apache.tomcat.util.threads.ThreadPoolExecutor$Worker.run(ThreadPoolExecutor.java:491)
		at org.apache.tomcat.util.threads.TaskThread$WrappingRunnable.run(TaskThread.java:63)
		at java.lang.Thread.run(Thread.java:750)
15-Jun-2026 00:06:58.222 심각 [http-nio-8080-exec-8] org.apache.catalina.core.StandardWrapperValve.invoke 경로 []의 컨텍스트 내의 서블릿 [dispatcher]을(를) 위한 Servlet.service() 호출이, 근본 원인(root cause)과 함께, 예외 [행 [42]에서 [/WEB-INF/views/board/detail.jsp]을(를) 처리하는 중 예외 발생

39:     </table>
40: 
41:     <!-- 로그인한 사용자만 수정/삭제 버튼 표시 -->
42:     <c:if test="${sessionScope.loginUser != null && sessionScope.loginUser.mem_name == board.mem_name}">
43:         <a href="/board/update?board_no=${board.board_no}">수정</a>
44:         <a href="/board/delete?board_no=${board.board_no}">삭제</a>
45:     </c:if>


Stacktrace:]을(를) 발생시켰습니다.
	javax.el.PropertyNotFoundException: [mem_name] 특성이 [com.crud.dto.BoardDto] 유형에 없습니다.
		at javax.el.BeanELResolver$BeanProperties.get(BeanELResolver.java:253)
		at javax.el.BeanELResolver$BeanProperties.access$300(BeanELResolver.java:206)
		at javax.el.BeanELResolver.property(BeanELResolver.java:322)
		at javax.el.BeanELResolver.getValue(BeanELResolver.java:93)
		at org.apache.jasper.el.JasperELResolver.getValue(JasperELResolver.java:123)
		at org.apache.el.parser.AstValue.getValue(AstValue.java:157)
		at org.apache.el.parser.AstEqual.getValue(AstEqual.java:34)
		at org.apache.el.parser.AstAnd.getValue(AstAnd.java:42)
		at org.apache.el.ValueExpressionImpl.getValue(ValueExpressionImpl.java:149)
		at org.apache.jasper.runtime.PageContextImpl.proprietaryEvaluate(PageContextImpl.java:655)
		at org.apache.jsp.WEB_002dINF.views.board.detail_jsp._jspx_meth_c_005fif_005f0(detail_jsp.java:215)
		at org.apache.jsp.WEB_002dINF.views.board.detail_jsp._jspService(detail_jsp.java:180)
		at org.apache.jasper.runtime.HttpJspBase.service(HttpJspBase.java:62)
		at javax.servlet.http.HttpServlet.service(HttpServlet.java:623)
		at org.apache.jasper.servlet.JspServletWrapper.service(JspServletWrapper.java:438)
		at org.apache.jasper.servlet.JspServlet.serviceJspFile(JspServlet.java:349)
		at org.apache.jasper.servlet.JspServlet.service(JspServlet.java:300)
		at javax.servlet.http.HttpServlet.service(HttpServlet.java:623)
		at org.apache.catalina.core.ApplicationFilterChain.internalDoFilter(ApplicationFilterChain.java:197)
		at org.apache.catalina.core.ApplicationFilterChain.doFilter(ApplicationFilterChain.java:142)
		at org.apache.tomcat.websocket.server.WsFilter.doFilter(WsFilter.java:51)
		at org.apache.catalina.core.ApplicationFilterChain.internalDoFilter(ApplicationFilterChain.java:166)
		at org.apache.catalina.core.ApplicationFilterChain.doFilter(ApplicationFilterChain.java:142)
		at org.apache.catalina.core.ApplicationDispatcher.invoke(ApplicationDispatcher.java:619)
		at org.apache.catalina.core.ApplicationDispatcher.processRequest(ApplicationDispatcher.java:399)
		at org.apache.catalina.core.ApplicationDispatcher.doForward(ApplicationDispatcher.java:338)
		at org.apache.catalina.core.ApplicationDispatcher.forward(ApplicationDispatcher.java:283)
		at org.springframework.web.servlet.view.InternalResourceView.renderMergedOutputModel(InternalResourceView.java:171)
		at org.springframework.web.servlet.view.AbstractView.render(AbstractView.java:316)
		at org.springframework.web.servlet.DispatcherServlet.render(DispatcherServlet.java:1406)
		at org.springframework.web.servlet.DispatcherServlet.processDispatchResult(DispatcherServlet.java:1150)
		at org.springframework.web.servlet.DispatcherServlet.doDispatch(DispatcherServlet.java:1089)
		at org.springframework.web.servlet.DispatcherServlet.doService(DispatcherServlet.java:965)
		at org.springframework.web.servlet.FrameworkServlet.processRequest(FrameworkServlet.java:1006)
		at org.springframework.web.servlet.FrameworkServlet.doGet(FrameworkServlet.java:898)
		at javax.servlet.http.HttpServlet.service(HttpServlet.java:529)
		at org.springframework.web.servlet.FrameworkServlet.service(FrameworkServlet.java:883)
		at javax.servlet.http.HttpServlet.service(HttpServlet.java:623)
		at org.apache.catalina.core.ApplicationFilterChain.internalDoFilter(ApplicationFilterChain.java:197)
		at org.apache.catalina.core.ApplicationFilterChain.doFilter(ApplicationFilterChain.java:142)
		at org.apache.tomcat.websocket.server.WsFilter.doFilter(WsFilter.java:51)
		at org.apache.catalina.core.ApplicationFilterChain.internalDoFilter(ApplicationFilterChain.java:166)
		at org.apache.catalina.core.ApplicationFilterChain.doFilter(ApplicationFilterChain.java:142)
		at org.springframework.web.filter.CharacterEncodingFilter.doFilterInternal(CharacterEncodingFilter.java:201)
		at org.springframework.web.filter.OncePerRequestFilter.doFilter(OncePerRequestFilter.java:117)
		at org.apache.catalina.core.ApplicationFilterChain.internalDoFilter(ApplicationFilterChain.java:166)
		at org.apache.catalina.core.ApplicationFilterChain.doFilter(ApplicationFilterChain.java:142)
		at org.apache.catalina.core.StandardWrapperValve.invoke(StandardWrapperValve.java:166)
		at org.apache.catalina.core.StandardContextValve.invoke(StandardContextValve.java:88)
		at org.apache.catalina.authenticator.AuthenticatorBase.invoke(AuthenticatorBase.java:491)
		at org.apache.catalina.core.StandardHostValve.invoke(StandardHostValve.java:127)
		at org.apache.catalina.valves.ErrorReportValve.invoke(ErrorReportValve.java:83)
		at org.apache.catalina.valves.AbstractAccessLogValve.invoke(AbstractAccessLogValve.java:764)
		at org.apache.catalina.core.StandardEngineValve.invoke(StandardEngineValve.java:72)
		at org.apache.catalina.connector.CoyoteAdapter.service(CoyoteAdapter.java:344)
		at org.apache.coyote.http11.Http11Processor.service(Http11Processor.java:398)
		at org.apache.coyote.AbstractProcessorLight.process(AbstractProcessorLight.java:63)
		at org.apache.coyote.AbstractProtocol$ConnectionHandler.process(AbstractProtocol.java:1309)
		at org.apache.tomcat.util.net.NioEndpoint$SocketProcessor.doRun(NioEndpoint.java:1854)
		at org.apache.tomcat.util.net.SocketProcessorBase.run(SocketProcessorBase.java:52)
		at org.apache.tomcat.util.threads.ThreadPoolExecutor.runWorker(ThreadPoolExecutor.java:973)
		at org.apache.tomcat.util.threads.ThreadPoolExecutor$Worker.run(ThreadPoolExecutor.java:491)
		at org.apache.tomcat.util.threads.TaskThread$WrappingRunnable.run(TaskThread.java:63)
		at java.lang.Thread.run(Thread.java:750)
15-Jun-2026 00:08:41.229 심각 [http-nio-8080-exec-1] org.apache.catalina.core.ApplicationDispatcher.invoke 서블릿 [jsp]을(를) 위한 Servlet.service() 호출이 예외를 발생시켰습니다.
	javax.el.PropertyNotFoundException: [mem_name] 특성이 [com.crud.dto.BoardDto] 유형에 없습니다.
		at javax.el.BeanELResolver$BeanProperties.get(BeanELResolver.java:253)
		at javax.el.BeanELResolver$BeanProperties.access$300(BeanELResolver.java:206)
		at javax.el.BeanELResolver.property(BeanELResolver.java:322)
		at javax.el.BeanELResolver.getValue(BeanELResolver.java:93)
		at org.apache.jasper.el.JasperELResolver.getValue(JasperELResolver.java:123)
		at org.apache.el.parser.AstValue.getValue(AstValue.java:157)
		at org.apache.el.ValueExpressionImpl.getValue(ValueExpressionImpl.java:149)
		at org.apache.jasper.runtime.PageContextImpl.proprietaryEvaluate(PageContextImpl.java:655)
		at org.apache.jsp.WEB_002dINF.views.board.detail_jsp._jspService(detail_jsp.java:155)
		at org.apache.jasper.runtime.HttpJspBase.service(HttpJspBase.java:62)
		at javax.servlet.http.HttpServlet.service(HttpServlet.java:623)
		at org.apache.jasper.servlet.JspServletWrapper.service(JspServletWrapper.java:438)
		at org.apache.jasper.servlet.JspServlet.serviceJspFile(JspServlet.java:349)
		at org.apache.jasper.servlet.JspServlet.service(JspServlet.java:300)
		at javax.servlet.http.HttpServlet.service(HttpServlet.java:623)
		at org.apache.catalina.core.ApplicationFilterChain.internalDoFilter(ApplicationFilterChain.java:197)
		at org.apache.catalina.core.ApplicationFilterChain.doFilter(ApplicationFilterChain.java:142)
		at org.apache.tomcat.websocket.server.WsFilter.doFilter(WsFilter.java:51)
		at org.apache.catalina.core.ApplicationFilterChain.internalDoFilter(ApplicationFilterChain.java:166)
		at org.apache.catalina.core.ApplicationFilterChain.doFilter(ApplicationFilterChain.java:142)
		at org.apache.catalina.core.ApplicationDispatcher.invoke(ApplicationDispatcher.java:619)
		at org.apache.catalina.core.ApplicationDispatcher.processRequest(ApplicationDispatcher.java:399)
		at org.apache.catalina.core.ApplicationDispatcher.doForward(ApplicationDispatcher.java:338)
		at org.apache.catalina.core.ApplicationDispatcher.forward(ApplicationDispatcher.java:283)
		at org.springframework.web.servlet.view.InternalResourceView.renderMergedOutputModel(InternalResourceView.java:171)
		at org.springframework.web.servlet.view.AbstractView.render(AbstractView.java:316)
		at org.springframework.web.servlet.DispatcherServlet.render(DispatcherServlet.java:1406)
		at org.springframework.web.servlet.DispatcherServlet.processDispatchResult(DispatcherServlet.java:1150)
		at org.springframework.web.servlet.DispatcherServlet.doDispatch(DispatcherServlet.java:1089)
		at org.springframework.web.servlet.DispatcherServlet.doService(DispatcherServlet.java:965)
		at org.springframework.web.servlet.FrameworkServlet.processRequest(FrameworkServlet.java:1006)
		at org.springframework.web.servlet.FrameworkServlet.doGet(FrameworkServlet.java:898)
		at javax.servlet.http.HttpServlet.service(HttpServlet.java:529)
		at org.springframework.web.servlet.FrameworkServlet.service(FrameworkServlet.java:883)
		at javax.servlet.http.HttpServlet.service(HttpServlet.java:623)
		at org.apache.catalina.core.ApplicationFilterChain.internalDoFilter(ApplicationFilterChain.java:197)
		at org.apache.catalina.core.ApplicationFilterChain.doFilter(ApplicationFilterChain.java:142)
		at org.apache.tomcat.websocket.server.WsFilter.doFilter(WsFilter.java:51)
		at org.apache.catalina.core.ApplicationFilterChain.internalDoFilter(ApplicationFilterChain.java:166)
		at org.apache.catalina.core.ApplicationFilterChain.doFilter(ApplicationFilterChain.java:142)
		at org.springframework.web.filter.CharacterEncodingFilter.doFilterInternal(CharacterEncodingFilter.java:201)
		at org.springframework.web.filter.OncePerRequestFilter.doFilter(OncePerRequestFilter.java:117)
		at org.apache.catalina.core.ApplicationFilterChain.internalDoFilter(ApplicationFilterChain.java:166)
		at org.apache.catalina.core.ApplicationFilterChain.doFilter(ApplicationFilterChain.java:142)
		at org.apache.catalina.core.StandardWrapperValve.invoke(StandardWrapperValve.java:166)
		at org.apache.catalina.core.StandardContextValve.invoke(StandardContextValve.java:88)
		at org.apache.catalina.authenticator.AuthenticatorBase.invoke(AuthenticatorBase.java:491)
		at org.apache.catalina.core.StandardHostValve.invoke(StandardHostValve.java:127)
		at org.apache.catalina.valves.ErrorReportValve.invoke(ErrorReportValve.java:83)
		at org.apache.catalina.valves.AbstractAccessLogValve.invoke(AbstractAccessLogValve.java:764)
		at org.apache.catalina.core.StandardEngineValve.invoke(StandardEngineValve.java:72)
		at org.apache.catalina.connector.CoyoteAdapter.service(CoyoteAdapter.java:344)
		at org.apache.coyote.http11.Http11Processor.service(Http11Processor.java:398)
		at org.apache.coyote.AbstractProcessorLight.process(AbstractProcessorLight.java:63)
		at org.apache.coyote.AbstractProtocol$ConnectionHandler.process(AbstractProtocol.java:1309)
		at org.apache.tomcat.util.net.NioEndpoint$SocketProcessor.doRun(NioEndpoint.java:1854)
		at org.apache.tomcat.util.net.SocketProcessorBase.run(SocketProcessorBase.java:52)
		at org.apache.tomcat.util.threads.ThreadPoolExecutor.runWorker(ThreadPoolExecutor.java:973)
		at org.apache.tomcat.util.threads.ThreadPoolExecutor$Worker.run(ThreadPoolExecutor.java:491)
		at org.apache.tomcat.util.threads.TaskThread$WrappingRunnable.run(TaskThread.java:63)
		at java.lang.Thread.run(Thread.java:750)
15-Jun-2026 00:08:41.229 심각 [http-nio-8080-exec-1] org.apache.catalina.core.StandardWrapperValve.invoke 경로 []의 컨텍스트 내의 서블릿 [dispatcher]을(를) 위한 Servlet.service() 호출이, 근본 원인(root cause)과 함께, 예외 [행 [25]에서 [/WEB-INF/views/board/detail.jsp]을(를) 처리하는 중 예외 발생

22:         </tr>
23:         <tr>
24:             <td>작성자</td>
25:             <td>${board.mem_name}</td>
26:         </tr>
27:         <tr>
28:             <td>내용</td>


Stacktrace:]을(를) 발생시켰습니다.
	javax.el.PropertyNotFoundException: [mem_name] 특성이 [com.crud.dto.BoardDto] 유형에 없습니다.
		at javax.el.BeanELResolver$BeanProperties.get(BeanELResolver.java:253)
		at javax.el.BeanELResolver$BeanProperties.access$300(BeanELResolver.java:206)
		at javax.el.BeanELResolver.property(BeanELResolver.java:322)
		at javax.el.BeanELResolver.getValue(BeanELResolver.java:93)
		at org.apache.jasper.el.JasperELResolver.getValue(JasperELResolver.java:123)
		at org.apache.el.parser.AstValue.getValue(AstValue.java:157)
		at org.apache.el.ValueExpressionImpl.getValue(ValueExpressionImpl.java:149)
		at org.apache.jasper.runtime.PageContextImpl.proprietaryEvaluate(PageContextImpl.java:655)
		at org.apache.jsp.WEB_002dINF.views.board.detail_jsp._jspService(detail_jsp.java:155)
		at org.apache.jasper.runtime.HttpJspBase.service(HttpJspBase.java:62)
		at javax.servlet.http.HttpServlet.service(HttpServlet.java:623)
		at org.apache.jasper.servlet.JspServletWrapper.service(JspServletWrapper.java:438)
		at org.apache.jasper.servlet.JspServlet.serviceJspFile(JspServlet.java:349)
		at org.apache.jasper.servlet.JspServlet.service(JspServlet.java:300)
		at javax.servlet.http.HttpServlet.service(HttpServlet.java:623)
		at org.apache.catalina.core.ApplicationFilterChain.internalDoFilter(ApplicationFilterChain.java:197)
		at org.apache.catalina.core.ApplicationFilterChain.doFilter(ApplicationFilterChain.java:142)
		at org.apache.tomcat.websocket.server.WsFilter.doFilter(WsFilter.java:51)
		at org.apache.catalina.core.ApplicationFilterChain.internalDoFilter(ApplicationFilterChain.java:166)
		at org.apache.catalina.core.ApplicationFilterChain.doFilter(ApplicationFilterChain.java:142)
		at org.apache.catalina.core.ApplicationDispatcher.invoke(ApplicationDispatcher.java:619)
		at org.apache.catalina.core.ApplicationDispatcher.processRequest(ApplicationDispatcher.java:399)
		at org.apache.catalina.core.ApplicationDispatcher.doForward(ApplicationDispatcher.java:338)
		at org.apache.catalina.core.ApplicationDispatcher.forward(ApplicationDispatcher.java:283)
		at org.springframework.web.servlet.view.InternalResourceView.renderMergedOutputModel(InternalResourceView.java:171)
		at org.springframework.web.servlet.view.AbstractView.render(AbstractView.java:316)
		at org.springframework.web.servlet.DispatcherServlet.render(DispatcherServlet.java:1406)
		at org.springframework.web.servlet.DispatcherServlet.processDispatchResult(DispatcherServlet.java:1150)
		at org.springframework.web.servlet.DispatcherServlet.doDispatch(DispatcherServlet.java:1089)
		at org.springframework.web.servlet.DispatcherServlet.doService(DispatcherServlet.java:965)
		at org.springframework.web.servlet.FrameworkServlet.processRequest(FrameworkServlet.java:1006)
		at org.springframework.web.servlet.FrameworkServlet.doGet(FrameworkServlet.java:898)
		at javax.servlet.http.HttpServlet.service(HttpServlet.java:529)
		at org.springframework.web.servlet.FrameworkServlet.service(FrameworkServlet.java:883)
		at javax.servlet.http.HttpServlet.service(HttpServlet.java:623)
		at org.apache.catalina.core.ApplicationFilterChain.internalDoFilter(ApplicationFilterChain.java:197)
		at org.apache.catalina.core.ApplicationFilterChain.doFilter(ApplicationFilterChain.java:142)
		at org.apache.tomcat.websocket.server.WsFilter.doFilter(WsFilter.java:51)
		at org.apache.catalina.core.ApplicationFilterChain.internalDoFilter(ApplicationFilterChain.java:166)
		at org.apache.catalina.core.ApplicationFilterChain.doFilter(ApplicationFilterChain.java:142)
		at org.springframework.web.filter.CharacterEncodingFilter.doFilterInternal(CharacterEncodingFilter.java:201)
		at org.springframework.web.filter.OncePerRequestFilter.doFilter(OncePerRequestFilter.java:117)
		at org.apache.catalina.core.ApplicationFilterChain.internalDoFilter(ApplicationFilterChain.java:166)
		at org.apache.catalina.core.ApplicationFilterChain.doFilter(ApplicationFilterChain.java:142)
		at org.apache.catalina.core.StandardWrapperValve.invoke(StandardWrapperValve.java:166)
		at org.apache.catalina.core.StandardContextValve.invoke(StandardContextValve.java:88)
		at org.apache.catalina.authenticator.AuthenticatorBase.invoke(AuthenticatorBase.java:491)
		at org.apache.catalina.core.StandardHostValve.invoke(StandardHostValve.java:127)
		at org.apache.catalina.valves.ErrorReportValve.invoke(ErrorReportValve.java:83)
		at org.apache.catalina.valves.AbstractAccessLogValve.invoke(AbstractAccessLogValve.java:764)
		at org.apache.catalina.core.StandardEngineValve.invoke(StandardEngineValve.java:72)
		at org.apache.catalina.connector.CoyoteAdapter.service(CoyoteAdapter.java:344)
		at org.apache.coyote.http11.Http11Processor.service(Http11Processor.java:398)
		at org.apache.coyote.AbstractProcessorLight.process(AbstractProcessorLight.java:63)
		at org.apache.coyote.AbstractProtocol$ConnectionHandler.process(AbstractProtocol.java:1309)
		at org.apache.tomcat.util.net.NioEndpoint$SocketProcessor.doRun(NioEndpoint.java:1854)
		at org.apache.tomcat.util.net.SocketProcessorBase.run(SocketProcessorBase.java:52)
		at org.apache.tomcat.util.threads.ThreadPoolExecutor.runWorker(ThreadPoolExecutor.java:973)
		at org.apache.tomcat.util.threads.ThreadPoolExecutor$Worker.run(ThreadPoolExecutor.java:491)
		at org.apache.tomcat.util.threads.TaskThread$WrappingRunnable.run(TaskThread.java:63)
		at java.lang.Thread.run(Thread.java:750)
15-Jun-2026 00:08:42.111 심각 [http-nio-8080-exec-3] org.apache.catalina.core.ApplicationDispatcher.invoke 서블릿 [jsp]을(를) 위한 Servlet.service() 호출이 예외를 발생시켰습니다.
	javax.el.PropertyNotFoundException: [mem_name] 특성이 [com.crud.dto.BoardDto] 유형에 없습니다.
		at javax.el.BeanELResolver$BeanProperties.get(BeanELResolver.java:253)
		at javax.el.BeanELResolver$BeanProperties.access$300(BeanELResolver.java:206)
		at javax.el.BeanELResolver.property(BeanELResolver.java:322)
		at javax.el.BeanELResolver.getValue(BeanELResolver.java:93)
		at org.apache.jasper.el.JasperELResolver.getValue(JasperELResolver.java:123)
		at org.apache.el.parser.AstValue.getValue(AstValue.java:157)
		at org.apache.el.ValueExpressionImpl.getValue(ValueExpressionImpl.java:149)
		at org.apache.jasper.runtime.PageContextImpl.proprietaryEvaluate(PageContextImpl.java:655)
		at org.apache.jsp.WEB_002dINF.views.board.detail_jsp._jspService(detail_jsp.java:155)
		at org.apache.jasper.runtime.HttpJspBase.service(HttpJspBase.java:62)
		at javax.servlet.http.HttpServlet.service(HttpServlet.java:623)
		at org.apache.jasper.servlet.JspServletWrapper.service(JspServletWrapper.java:438)
		at org.apache.jasper.servlet.JspServlet.serviceJspFile(JspServlet.java:349)
		at org.apache.jasper.servlet.JspServlet.service(JspServlet.java:300)
		at javax.servlet.http.HttpServlet.service(HttpServlet.java:623)
		at org.apache.catalina.core.ApplicationFilterChain.internalDoFilter(ApplicationFilterChain.java:197)
		at org.apache.catalina.core.ApplicationFilterChain.doFilter(ApplicationFilterChain.java:142)
		at org.apache.tomcat.websocket.server.WsFilter.doFilter(WsFilter.java:51)
		at org.apache.catalina.core.ApplicationFilterChain.internalDoFilter(ApplicationFilterChain.java:166)
		at org.apache.catalina.core.ApplicationFilterChain.doFilter(ApplicationFilterChain.java:142)
		at org.apache.catalina.core.ApplicationDispatcher.invoke(ApplicationDispatcher.java:619)
		at org.apache.catalina.core.ApplicationDispatcher.processRequest(ApplicationDispatcher.java:399)
		at org.apache.catalina.core.ApplicationDispatcher.doForward(ApplicationDispatcher.java:338)
		at org.apache.catalina.core.ApplicationDispatcher.forward(ApplicationDispatcher.java:283)
		at org.springframework.web.servlet.view.InternalResourceView.renderMergedOutputModel(InternalResourceView.java:171)
		at org.springframework.web.servlet.view.AbstractView.render(AbstractView.java:316)
		at org.springframework.web.servlet.DispatcherServlet.render(DispatcherServlet.java:1406)
		at org.springframework.web.servlet.DispatcherServlet.processDispatchResult(DispatcherServlet.java:1150)
		at org.springframework.web.servlet.DispatcherServlet.doDispatch(DispatcherServlet.java:1089)
		at org.springframework.web.servlet.DispatcherServlet.doService(DispatcherServlet.java:965)
		at org.springframework.web.servlet.FrameworkServlet.processRequest(FrameworkServlet.java:1006)
		at org.springframework.web.servlet.FrameworkServlet.doGet(FrameworkServlet.java:898)
		at javax.servlet.http.HttpServlet.service(HttpServlet.java:529)
		at org.springframework.web.servlet.FrameworkServlet.service(FrameworkServlet.java:883)
		at javax.servlet.http.HttpServlet.service(HttpServlet.java:623)
		at org.apache.catalina.core.ApplicationFilterChain.internalDoFilter(ApplicationFilterChain.java:197)
		at org.apache.catalina.core.ApplicationFilterChain.doFilter(ApplicationFilterChain.java:142)
		at org.apache.tomcat.websocket.server.WsFilter.doFilter(WsFilter.java:51)
		at org.apache.catalina.core.ApplicationFilterChain.internalDoFilter(ApplicationFilterChain.java:166)
		at org.apache.catalina.core.ApplicationFilterChain.doFilter(ApplicationFilterChain.java:142)
		at org.springframework.web.filter.CharacterEncodingFilter.doFilterInternal(CharacterEncodingFilter.java:201)
		at org.springframework.web.filter.OncePerRequestFilter.doFilter(OncePerRequestFilter.java:117)
		at org.apache.catalina.core.ApplicationFilterChain.internalDoFilter(ApplicationFilterChain.java:166)
		at org.apache.catalina.core.ApplicationFilterChain.doFilter(ApplicationFilterChain.java:142)
		at org.apache.catalina.core.StandardWrapperValve.invoke(StandardWrapperValve.java:166)
		at org.apache.catalina.core.StandardContextValve.invoke(StandardContextValve.java:88)
		at org.apache.catalina.authenticator.AuthenticatorBase.invoke(AuthenticatorBase.java:491)
		at org.apache.catalina.core.StandardHostValve.invoke(StandardHostValve.java:127)
		at org.apache.catalina.valves.ErrorReportValve.invoke(ErrorReportValve.java:83)
		at org.apache.catalina.valves.AbstractAccessLogValve.invoke(AbstractAccessLogValve.java:764)
		at org.apache.catalina.core.StandardEngineValve.invoke(StandardEngineValve.java:72)
		at org.apache.catalina.connector.CoyoteAdapter.service(CoyoteAdapter.java:344)
		at org.apache.coyote.http11.Http11Processor.service(Http11Processor.java:398)
		at org.apache.coyote.AbstractProcessorLight.process(AbstractProcessorLight.java:63)
		at org.apache.coyote.AbstractProtocol$ConnectionHandler.process(AbstractProtocol.java:1309)
		at org.apache.tomcat.util.net.NioEndpoint$SocketProcessor.doRun(NioEndpoint.java:1854)
		at org.apache.tomcat.util.net.SocketProcessorBase.run(SocketProcessorBase.java:52)
		at org.apache.tomcat.util.threads.ThreadPoolExecutor.runWorker(ThreadPoolExecutor.java:973)
		at org.apache.tomcat.util.threads.ThreadPoolExecutor$Worker.run(ThreadPoolExecutor.java:491)
		at org.apache.tomcat.util.threads.TaskThread$WrappingRunnable.run(TaskThread.java:63)
		at java.lang.Thread.run(Thread.java:750)
15-Jun-2026 00:08:42.111 심각 [http-nio-8080-exec-3] org.apache.catalina.core.StandardWrapperValve.invoke 경로 []의 컨텍스트 내의 서블릿 [dispatcher]을(를) 위한 Servlet.service() 호출이, 근본 원인(root cause)과 함께, 예외 [행 [25]에서 [/WEB-INF/views/board/detail.jsp]을(를) 처리하는 중 예외 발생

22:         </tr>
23:         <tr>
24:             <td>작성자</td>
25:             <td>${board.mem_name}</td>
26:         </tr>
27:         <tr>
28:             <td>내용</td>


Stacktrace:]을(를) 발생시켰습니다.
	javax.el.PropertyNotFoundException: [mem_name] 특성이 [com.crud.dto.BoardDto] 유형에 없습니다.
		at javax.el.BeanELResolver$BeanProperties.get(BeanELResolver.java:253)
		at javax.el.BeanELResolver$BeanProperties.access$300(BeanELResolver.java:206)
		at javax.el.BeanELResolver.property(BeanELResolver.java:322)
		at javax.el.BeanELResolver.getValue(BeanELResolver.java:93)
		at org.apache.jasper.el.JasperELResolver.getValue(JasperELResolver.java:123)
		at org.apache.el.parser.AstValue.getValue(AstValue.java:157)
		at org.apache.el.ValueExpressionImpl.getValue(ValueExpressionImpl.java:149)
		at org.apache.jasper.runtime.PageContextImpl.proprietaryEvaluate(PageContextImpl.java:655)
		at org.apache.jsp.WEB_002dINF.views.board.detail_jsp._jspService(detail_jsp.java:155)
		at org.apache.jasper.runtime.HttpJspBase.service(HttpJspBase.java:62)
		at javax.servlet.http.HttpServlet.service(HttpServlet.java:623)
		at org.apache.jasper.servlet.JspServletWrapper.service(JspServletWrapper.java:438)
		at org.apache.jasper.servlet.JspServlet.serviceJspFile(JspServlet.java:349)
		at org.apache.jasper.servlet.JspServlet.service(JspServlet.java:300)
		at javax.servlet.http.HttpServlet.service(HttpServlet.java:623)
		at org.apache.catalina.core.ApplicationFilterChain.internalDoFilter(ApplicationFilterChain.java:197)
		at org.apache.catalina.core.ApplicationFilterChain.doFilter(ApplicationFilterChain.java:142)
		at org.apache.tomcat.websocket.server.WsFilter.doFilter(WsFilter.java:51)
		at org.apache.catalina.core.ApplicationFilterChain.internalDoFilter(ApplicationFilterChain.java:166)
		at org.apache.catalina.core.ApplicationFilterChain.doFilter(ApplicationFilterChain.java:142)
		at org.apache.catalina.core.ApplicationDispatcher.invoke(ApplicationDispatcher.java:619)
		at org.apache.catalina.core.ApplicationDispatcher.processRequest(ApplicationDispatcher.java:399)
		at org.apache.catalina.core.ApplicationDispatcher.doForward(ApplicationDispatcher.java:338)
		at org.apache.catalina.core.ApplicationDispatcher.forward(ApplicationDispatcher.java:283)
		at org.springframework.web.servlet.view.InternalResourceView.renderMergedOutputModel(InternalResourceView.java:171)
		at org.springframework.web.servlet.view.AbstractView.render(AbstractView.java:316)
		at org.springframework.web.servlet.DispatcherServlet.render(DispatcherServlet.java:1406)
		at org.springframework.web.servlet.DispatcherServlet.processDispatchResult(DispatcherServlet.java:1150)
		at org.springframework.web.servlet.DispatcherServlet.doDispatch(DispatcherServlet.java:1089)
		at org.springframework.web.servlet.DispatcherServlet.doService(DispatcherServlet.java:965)
		at org.springframework.web.servlet.FrameworkServlet.processRequest(FrameworkServlet.java:1006)
		at org.springframework.web.servlet.FrameworkServlet.doGet(FrameworkServlet.java:898)
		at javax.servlet.http.HttpServlet.service(HttpServlet.java:529)
		at org.springframework.web.servlet.FrameworkServlet.service(FrameworkServlet.java:883)
		at javax.servlet.http.HttpServlet.service(HttpServlet.java:623)
		at org.apache.catalina.core.ApplicationFilterChain.internalDoFilter(ApplicationFilterChain.java:197)
		at org.apache.catalina.core.ApplicationFilterChain.doFilter(ApplicationFilterChain.java:142)
		at org.apache.tomcat.websocket.server.WsFilter.doFilter(WsFilter.java:51)
		at org.apache.catalina.core.ApplicationFilterChain.internalDoFilter(ApplicationFilterChain.java:166)
		at org.apache.catalina.core.ApplicationFilterChain.doFilter(ApplicationFilterChain.java:142)
		at org.springframework.web.filter.CharacterEncodingFilter.doFilterInternal(CharacterEncodingFilter.java:201)
		at org.springframework.web.filter.OncePerRequestFilter.doFilter(OncePerRequestFilter.java:117)
		at org.apache.catalina.core.ApplicationFilterChain.internalDoFilter(ApplicationFilterChain.java:166)
		at org.apache.catalina.core.ApplicationFilterChain.doFilter(ApplicationFilterChain.java:142)
		at org.apache.catalina.core.StandardWrapperValve.invoke(StandardWrapperValve.java:166)
		at org.apache.catalina.core.StandardContextValve.invoke(StandardContextValve.java:88)
		at org.apache.catalina.authenticator.AuthenticatorBase.invoke(AuthenticatorBase.java:491)
		at org.apache.catalina.core.StandardHostValve.invoke(StandardHostValve.java:127)
		at org.apache.catalina.valves.ErrorReportValve.invoke(ErrorReportValve.java:83)
		at org.apache.catalina.valves.AbstractAccessLogValve.invoke(AbstractAccessLogValve.java:764)
		at org.apache.catalina.core.StandardEngineValve.invoke(StandardEngineValve.java:72)
		at org.apache.catalina.connector.CoyoteAdapter.service(CoyoteAdapter.java:344)
		at org.apache.coyote.http11.Http11Processor.service(Http11Processor.java:398)
		at org.apache.coyote.AbstractProcessorLight.process(AbstractProcessorLight.java:63)
		at org.apache.coyote.AbstractProtocol$ConnectionHandler.process(AbstractProtocol.java:1309)
		at org.apache.tomcat.util.net.NioEndpoint$SocketProcessor.doRun(NioEndpoint.java:1854)
		at org.apache.tomcat.util.net.SocketProcessorBase.run(SocketProcessorBase.java:52)
		at org.apache.tomcat.util.threads.ThreadPoolExecutor.runWorker(ThreadPoolExecutor.java:973)
		at org.apache.tomcat.util.threads.ThreadPoolExecutor$Worker.run(ThreadPoolExecutor.java:491)
		at org.apache.tomcat.util.threads.TaskThread$WrappingRunnable.run(TaskThread.java:63)
		at java.lang.Thread.run(Thread.java:750)
15-Jun-2026 00:08:42.272 심각 [http-nio-8080-exec-5] org.apache.catalina.core.ApplicationDispatcher.invoke 서블릿 [jsp]을(를) 위한 Servlet.service() 호출이 예외를 발생시켰습니다.
	javax.el.PropertyNotFoundException: [mem_name] 특성이 [com.crud.dto.BoardDto] 유형에 없습니다.
		at javax.el.BeanELResolver$BeanProperties.get(BeanELResolver.java:253)
		at javax.el.BeanELResolver$BeanProperties.access$300(BeanELResolver.java:206)
		at javax.el.BeanELResolver.property(BeanELResolver.java:322)
		at javax.el.BeanELResolver.getValue(BeanELResolver.java:93)
		at org.apache.jasper.el.JasperELResolver.getValue(JasperELResolver.java:123)
		at org.apache.el.parser.AstValue.getValue(AstValue.java:157)
		at org.apache.el.ValueExpressionImpl.getValue(ValueExpressionImpl.java:149)
		at org.apache.jasper.runtime.PageContextImpl.proprietaryEvaluate(PageContextImpl.java:655)
		at org.apache.jsp.WEB_002dINF.views.board.detail_jsp._jspService(detail_jsp.java:155)
		at org.apache.jasper.runtime.HttpJspBase.service(HttpJspBase.java:62)
		at javax.servlet.http.HttpServlet.service(HttpServlet.java:623)
		at org.apache.jasper.servlet.JspServletWrapper.service(JspServletWrapper.java:438)
		at org.apache.jasper.servlet.JspServlet.serviceJspFile(JspServlet.java:349)
		at org.apache.jasper.servlet.JspServlet.service(JspServlet.java:300)
		at javax.servlet.http.HttpServlet.service(HttpServlet.java:623)
		at org.apache.catalina.core.ApplicationFilterChain.internalDoFilter(ApplicationFilterChain.java:197)
		at org.apache.catalina.core.ApplicationFilterChain.doFilter(ApplicationFilterChain.java:142)
		at org.apache.tomcat.websocket.server.WsFilter.doFilter(WsFilter.java:51)
		at org.apache.catalina.core.ApplicationFilterChain.internalDoFilter(ApplicationFilterChain.java:166)
		at org.apache.catalina.core.ApplicationFilterChain.doFilter(ApplicationFilterChain.java:142)
		at org.apache.catalina.core.ApplicationDispatcher.invoke(ApplicationDispatcher.java:619)
		at org.apache.catalina.core.ApplicationDispatcher.processRequest(ApplicationDispatcher.java:399)
		at org.apache.catalina.core.ApplicationDispatcher.doForward(ApplicationDispatcher.java:338)
		at org.apache.catalina.core.ApplicationDispatcher.forward(ApplicationDispatcher.java:283)
		at org.springframework.web.servlet.view.InternalResourceView.renderMergedOutputModel(InternalResourceView.java:171)
		at org.springframework.web.servlet.view.AbstractView.render(AbstractView.java:316)
		at org.springframework.web.servlet.DispatcherServlet.render(DispatcherServlet.java:1406)
		at org.springframework.web.servlet.DispatcherServlet.processDispatchResult(DispatcherServlet.java:1150)
		at org.springframework.web.servlet.DispatcherServlet.doDispatch(DispatcherServlet.java:1089)
		at org.springframework.web.servlet.DispatcherServlet.doService(DispatcherServlet.java:965)
		at org.springframework.web.servlet.FrameworkServlet.processRequest(FrameworkServlet.java:1006)
		at org.springframework.web.servlet.FrameworkServlet.doGet(FrameworkServlet.java:898)
		at javax.servlet.http.HttpServlet.service(HttpServlet.java:529)
		at org.springframework.web.servlet.FrameworkServlet.service(FrameworkServlet.java:883)
		at javax.servlet.http.HttpServlet.service(HttpServlet.java:623)
		at org.apache.catalina.core.ApplicationFilterChain.internalDoFilter(ApplicationFilterChain.java:197)
		at org.apache.catalina.core.ApplicationFilterChain.doFilter(ApplicationFilterChain.java:142)
		at org.apache.tomcat.websocket.server.WsFilter.doFilter(WsFilter.java:51)
		at org.apache.catalina.core.ApplicationFilterChain.internalDoFilter(ApplicationFilterChain.java:166)
		at org.apache.catalina.core.ApplicationFilterChain.doFilter(ApplicationFilterChain.java:142)
		at org.springframework.web.filter.CharacterEncodingFilter.doFilterInternal(CharacterEncodingFilter.java:201)
		at org.springframework.web.filter.OncePerRequestFilter.doFilter(OncePerRequestFilter.java:117)
		at org.apache.catalina.core.ApplicationFilterChain.internalDoFilter(ApplicationFilterChain.java:166)
		at org.apache.catalina.core.ApplicationFilterChain.doFilter(ApplicationFilterChain.java:142)
		at org.apache.catalina.core.StandardWrapperValve.invoke(StandardWrapperValve.java:166)
		at org.apache.catalina.core.StandardContextValve.invoke(StandardContextValve.java:88)
		at org.apache.catalina.authenticator.AuthenticatorBase.invoke(AuthenticatorBase.java:491)
		at org.apache.catalina.core.StandardHostValve.invoke(StandardHostValve.java:127)
		at org.apache.catalina.valves.ErrorReportValve.invoke(ErrorReportValve.java:83)
		at org.apache.catalina.valves.AbstractAccessLogValve.invoke(AbstractAccessLogValve.java:764)
		at org.apache.catalina.core.StandardEngineValve.invoke(StandardEngineValve.java:72)
		at org.apache.catalina.connector.CoyoteAdapter.service(CoyoteAdapter.java:344)
		at org.apache.coyote.http11.Http11Processor.service(Http11Processor.java:398)
		at org.apache.coyote.AbstractProcessorLight.process(AbstractProcessorLight.java:63)
		at org.apache.coyote.AbstractProtocol$ConnectionHandler.process(AbstractProtocol.java:1309)
		at org.apache.tomcat.util.net.NioEndpoint$SocketProcessor.doRun(NioEndpoint.java:1854)
		at org.apache.tomcat.util.net.SocketProcessorBase.run(SocketProcessorBase.java:52)
		at org.apache.tomcat.util.threads.ThreadPoolExecutor.runWorker(ThreadPoolExecutor.java:973)
		at org.apache.tomcat.util.threads.ThreadPoolExecutor$Worker.run(ThreadPoolExecutor.java:491)
		at org.apache.tomcat.util.threads.TaskThread$WrappingRunnable.run(TaskThread.java:63)
		at java.lang.Thread.run(Thread.java:750)
15-Jun-2026 00:08:42.272 심각 [http-nio-8080-exec-5] org.apache.catalina.core.StandardWrapperValve.invoke 경로 []의 컨텍스트 내의 서블릿 [dispatcher]을(를) 위한 Servlet.service() 호출이, 근본 원인(root cause)과 함께, 예외 [행 [25]에서 [/WEB-INF/views/board/detail.jsp]을(를) 처리하는 중 예외 발생

22:         </tr>
23:         <tr>
24:             <td>작성자</td>
25:             <td>${board.mem_name}</td>
26:         </tr>
27:         <tr>
28:             <td>내용</td>


Stacktrace:]을(를) 발생시켰습니다.
	javax.el.PropertyNotFoundException: [mem_name] 특성이 [com.crud.dto.BoardDto] 유형에 없습니다.
		at javax.el.BeanELResolver$BeanProperties.get(BeanELResolver.java:253)
		at javax.el.BeanELResolver$BeanProperties.access$300(BeanELResolver.java:206)
		at javax.el.BeanELResolver.property(BeanELResolver.java:322)
		at javax.el.BeanELResolver.getValue(BeanELResolver.java:93)
		at org.apache.jasper.el.JasperELResolver.getValue(JasperELResolver.java:123)
		at org.apache.el.parser.AstValue.getValue(AstValue.java:157)
		at org.apache.el.ValueExpressionImpl.getValue(ValueExpressionImpl.java:149)
		at org.apache.jasper.runtime.PageContextImpl.proprietaryEvaluate(PageContextImpl.java:655)
		at org.apache.jsp.WEB_002dINF.views.board.detail_jsp._jspService(detail_jsp.java:155)
		at org.apache.jasper.runtime.HttpJspBase.service(HttpJspBase.java:62)
		at javax.servlet.http.HttpServlet.service(HttpServlet.java:623)
		at org.apache.jasper.servlet.JspServletWrapper.service(JspServletWrapper.java:438)
		at org.apache.jasper.servlet.JspServlet.serviceJspFile(JspServlet.java:349)
		at org.apache.jasper.servlet.JspServlet.service(JspServlet.java:300)
		at javax.servlet.http.HttpServlet.service(HttpServlet.java:623)
		at org.apache.catalina.core.ApplicationFilterChain.internalDoFilter(ApplicationFilterChain.java:197)
		at org.apache.catalina.core.ApplicationFilterChain.doFilter(ApplicationFilterChain.java:142)
		at org.apache.tomcat.websocket.server.WsFilter.doFilter(WsFilter.java:51)
		at org.apache.catalina.core.ApplicationFilterChain.internalDoFilter(ApplicationFilterChain.java:166)
		at org.apache.catalina.core.ApplicationFilterChain.doFilter(ApplicationFilterChain.java:142)
		at org.apache.catalina.core.ApplicationDispatcher.invoke(ApplicationDispatcher.java:619)
		at org.apache.catalina.core.ApplicationDispatcher.processRequest(ApplicationDispatcher.java:399)
		at org.apache.catalina.core.ApplicationDispatcher.doForward(ApplicationDispatcher.java:338)
		at org.apache.catalina.core.ApplicationDispatcher.forward(ApplicationDispatcher.java:283)
		at org.springframework.web.servlet.view.InternalResourceView.renderMergedOutputModel(InternalResourceView.java:171)
		at org.springframework.web.servlet.view.AbstractView.render(AbstractView.java:316)
		at org.springframework.web.servlet.DispatcherServlet.render(DispatcherServlet.java:1406)
		at org.springframework.web.servlet.DispatcherServlet.processDispatchResult(DispatcherServlet.java:1150)
		at org.springframework.web.servlet.DispatcherServlet.doDispatch(DispatcherServlet.java:1089)
		at org.springframework.web.servlet.DispatcherServlet.doService(DispatcherServlet.java:965)
		at org.springframework.web.servlet.FrameworkServlet.processRequest(FrameworkServlet.java:1006)
		at org.springframework.web.servlet.FrameworkServlet.doGet(FrameworkServlet.java:898)
		at javax.servlet.http.HttpServlet.service(HttpServlet.java:529)
		at org.springframework.web.servlet.FrameworkServlet.service(FrameworkServlet.java:883)
		at javax.servlet.http.HttpServlet.service(HttpServlet.java:623)
		at org.apache.catalina.core.ApplicationFilterChain.internalDoFilter(ApplicationFilterChain.java:197)
		at org.apache.catalina.core.ApplicationFilterChain.doFilter(ApplicationFilterChain.java:142)
		at org.apache.tomcat.websocket.server.WsFilter.doFilter(WsFilter.java:51)
		at org.apache.catalina.core.ApplicationFilterChain.internalDoFilter(ApplicationFilterChain.java:166)
		at org.apache.catalina.core.ApplicationFilterChain.doFilter(ApplicationFilterChain.java:142)
		at org.springframework.web.filter.CharacterEncodingFilter.doFilterInternal(CharacterEncodingFilter.java:201)
		at org.springframework.web.filter.OncePerRequestFilter.doFilter(OncePerRequestFilter.java:117)
		at org.apache.catalina.core.ApplicationFilterChain.internalDoFilter(ApplicationFilterChain.java:166)
		at org.apache.catalina.core.ApplicationFilterChain.doFilter(ApplicationFilterChain.java:142)
		at org.apache.catalina.core.StandardWrapperValve.invoke(StandardWrapperValve.java:166)
		at org.apache.catalina.core.StandardContextValve.invoke(StandardContextValve.java:88)
		at org.apache.catalina.authenticator.AuthenticatorBase.invoke(AuthenticatorBase.java:491)
		at org.apache.catalina.core.StandardHostValve.invoke(StandardHostValve.java:127)
		at org.apache.catalina.valves.ErrorReportValve.invoke(ErrorReportValve.java:83)
		at org.apache.catalina.valves.AbstractAccessLogValve.invoke(AbstractAccessLogValve.java:764)
		at org.apache.catalina.core.StandardEngineValve.invoke(StandardEngineValve.java:72)
		at org.apache.catalina.connector.CoyoteAdapter.service(CoyoteAdapter.java:344)
		at org.apache.coyote.http11.Http11Processor.service(Http11Processor.java:398)
		at org.apache.coyote.AbstractProcessorLight.process(AbstractProcessorLight.java:63)
		at org.apache.coyote.AbstractProtocol$ConnectionHandler.process(AbstractProtocol.java:1309)
		at org.apache.tomcat.util.net.NioEndpoint$SocketProcessor.doRun(NioEndpoint.java:1854)
		at org.apache.tomcat.util.net.SocketProcessorBase.run(SocketProcessorBase.java:52)
		at org.apache.tomcat.util.threads.ThreadPoolExecutor.runWorker(ThreadPoolExecutor.java:973)
		at org.apache.tomcat.util.threads.ThreadPoolExecutor$Worker.run(ThreadPoolExecutor.java:491)
		at org.apache.tomcat.util.threads.TaskThread$WrappingRunnable.run(TaskThread.java:63)
		at java.lang.Thread.run(Thread.java:750)
15-Jun-2026 00:08:42.424 심각 [http-nio-8080-exec-7] org.apache.catalina.core.ApplicationDispatcher.invoke 서블릿 [jsp]을(를) 위한 Servlet.service() 호출이 예외를 발생시켰습니다.
	javax.el.PropertyNotFoundException: [mem_name] 특성이 [com.crud.dto.BoardDto] 유형에 없습니다.
		at javax.el.BeanELResolver$BeanProperties.get(BeanELResolver.java:253)
		at javax.el.BeanELResolver$BeanProperties.access$300(BeanELResolver.java:206)
		at javax.el.BeanELResolver.property(BeanELResolver.java:322)
		at javax.el.BeanELResolver.getValue(BeanELResolver.java:93)
		at org.apache.jasper.el.JasperELResolver.getValue(JasperELResolver.java:123)
		at org.apache.el.parser.AstValue.getValue(AstValue.java:157)
		at org.apache.el.ValueExpressionImpl.getValue(ValueExpressionImpl.java:149)
		at org.apache.jasper.runtime.PageContextImpl.proprietaryEvaluate(PageContextImpl.java:655)
		at org.apache.jsp.WEB_002dINF.views.board.detail_jsp._jspService(detail_jsp.java:155)
		at org.apache.jasper.runtime.HttpJspBase.service(HttpJspBase.java:62)
		at javax.servlet.http.HttpServlet.service(HttpServlet.java:623)
		at org.apache.jasper.servlet.JspServletWrapper.service(JspServletWrapper.java:438)
		at org.apache.jasper.servlet.JspServlet.serviceJspFile(JspServlet.java:349)
		at org.apache.jasper.servlet.JspServlet.service(JspServlet.java:300)
		at javax.servlet.http.HttpServlet.service(HttpServlet.java:623)
		at org.apache.catalina.core.ApplicationFilterChain.internalDoFilter(ApplicationFilterChain.java:197)
		at org.apache.catalina.core.ApplicationFilterChain.doFilter(ApplicationFilterChain.java:142)
		at org.apache.tomcat.websocket.server.WsFilter.doFilter(WsFilter.java:51)
		at org.apache.catalina.core.ApplicationFilterChain.internalDoFilter(ApplicationFilterChain.java:166)
		at org.apache.catalina.core.ApplicationFilterChain.doFilter(ApplicationFilterChain.java:142)
		at org.apache.catalina.core.ApplicationDispatcher.invoke(ApplicationDispatcher.java:619)
		at org.apache.catalina.core.ApplicationDispatcher.processRequest(ApplicationDispatcher.java:399)
		at org.apache.catalina.core.ApplicationDispatcher.doForward(ApplicationDispatcher.java:338)
		at org.apache.catalina.core.ApplicationDispatcher.forward(ApplicationDispatcher.java:283)
		at org.springframework.web.servlet.view.InternalResourceView.renderMergedOutputModel(InternalResourceView.java:171)
		at org.springframework.web.servlet.view.AbstractView.render(AbstractView.java:316)
		at org.springframework.web.servlet.DispatcherServlet.render(DispatcherServlet.java:1406)
		at org.springframework.web.servlet.DispatcherServlet.processDispatchResult(DispatcherServlet.java:1150)
		at org.springframework.web.servlet.DispatcherServlet.doDispatch(DispatcherServlet.java:1089)
		at org.springframework.web.servlet.DispatcherServlet.doService(DispatcherServlet.java:965)
		at org.springframework.web.servlet.FrameworkServlet.processRequest(FrameworkServlet.java:1006)
		at org.springframework.web.servlet.FrameworkServlet.doGet(FrameworkServlet.java:898)
		at javax.servlet.http.HttpServlet.service(HttpServlet.java:529)
		at org.springframework.web.servlet.FrameworkServlet.service(FrameworkServlet.java:883)
		at javax.servlet.http.HttpServlet.service(HttpServlet.java:623)
		at org.apache.catalina.core.ApplicationFilterChain.internalDoFilter(ApplicationFilterChain.java:197)
		at org.apache.catalina.core.ApplicationFilterChain.doFilter(ApplicationFilterChain.java:142)
		at org.apache.tomcat.websocket.server.WsFilter.doFilter(WsFilter.java:51)
		at org.apache.catalina.core.ApplicationFilterChain.internalDoFilter(ApplicationFilterChain.java:166)
		at org.apache.catalina.core.ApplicationFilterChain.doFilter(ApplicationFilterChain.java:142)
		at org.springframework.web.filter.CharacterEncodingFilter.doFilterInternal(CharacterEncodingFilter.java:201)
		at org.springframework.web.filter.OncePerRequestFilter.doFilter(OncePerRequestFilter.java:117)
		at org.apache.catalina.core.ApplicationFilterChain.internalDoFilter(ApplicationFilterChain.java:166)
		at org.apache.catalina.core.ApplicationFilterChain.doFilter(ApplicationFilterChain.java:142)
		at org.apache.catalina.core.StandardWrapperValve.invoke(StandardWrapperValve.java:166)
		at org.apache.catalina.core.StandardContextValve.invoke(StandardContextValve.java:88)
		at org.apache.catalina.authenticator.AuthenticatorBase.invoke(AuthenticatorBase.java:491)
		at org.apache.catalina.core.StandardHostValve.invoke(StandardHostValve.java:127)
		at org.apache.catalina.valves.ErrorReportValve.invoke(ErrorReportValve.java:83)
		at org.apache.catalina.valves.AbstractAccessLogValve.invoke(AbstractAccessLogValve.java:764)
		at org.apache.catalina.core.StandardEngineValve.invoke(StandardEngineValve.java:72)
		at org.apache.catalina.connector.CoyoteAdapter.service(CoyoteAdapter.java:344)
		at org.apache.coyote.http11.Http11Processor.service(Http11Processor.java:398)
		at org.apache.coyote.AbstractProcessorLight.process(AbstractProcessorLight.java:63)
		at org.apache.coyote.AbstractProtocol$ConnectionHandler.process(AbstractProtocol.java:1309)
		at org.apache.tomcat.util.net.NioEndpoint$SocketProcessor.doRun(NioEndpoint.java:1854)
		at org.apache.tomcat.util.net.SocketProcessorBase.run(SocketProcessorBase.java:52)
		at org.apache.tomcat.util.threads.ThreadPoolExecutor.runWorker(ThreadPoolExecutor.java:973)
		at org.apache.tomcat.util.threads.ThreadPoolExecutor$Worker.run(ThreadPoolExecutor.java:491)
		at org.apache.tomcat.util.threads.TaskThread$WrappingRunnable.run(TaskThread.java:63)
		at java.lang.Thread.run(Thread.java:750)
15-Jun-2026 00:08:42.425 심각 [http-nio-8080-exec-7] org.apache.catalina.core.StandardWrapperValve.invoke 경로 []의 컨텍스트 내의 서블릿 [dispatcher]을(를) 위한 Servlet.service() 호출이, 근본 원인(root cause)과 함께, 예외 [행 [25]에서 [/WEB-INF/views/board/detail.jsp]을(를) 처리하는 중 예외 발생

22:         </tr>
23:         <tr>
24:             <td>작성자</td>
25:             <td>${board.mem_name}</td>
26:         </tr>
27:         <tr>
28:             <td>내용</td>


Stacktrace:]을(를) 발생시켰습니다.
	javax.el.PropertyNotFoundException: [mem_name] 특성이 [com.crud.dto.BoardDto] 유형에 없습니다.
		at javax.el.BeanELResolver$BeanProperties.get(BeanELResolver.java:253)
		at javax.el.BeanELResolver$BeanProperties.access$300(BeanELResolver.java:206)
		at javax.el.BeanELResolver.property(BeanELResolver.java:322)
		at javax.el.BeanELResolver.getValue(BeanELResolver.java:93)
		at org.apache.jasper.el.JasperELResolver.getValue(JasperELResolver.java:123)
		at org.apache.el.parser.AstValue.getValue(AstValue.java:157)
		at org.apache.el.ValueExpressionImpl.getValue(ValueExpressionImpl.java:149)
		at org.apache.jasper.runtime.PageContextImpl.proprietaryEvaluate(PageContextImpl.java:655)
		at org.apache.jsp.WEB_002dINF.views.board.detail_jsp._jspService(detail_jsp.java:155)
		at org.apache.jasper.runtime.HttpJspBase.service(HttpJspBase.java:62)
		at javax.servlet.http.HttpServlet.service(HttpServlet.java:623)
		at org.apache.jasper.servlet.JspServletWrapper.service(JspServletWrapper.java:438)
		at org.apache.jasper.servlet.JspServlet.serviceJspFile(JspServlet.java:349)
		at org.apache.jasper.servlet.JspServlet.service(JspServlet.java:300)
		at javax.servlet.http.HttpServlet.service(HttpServlet.java:623)
		at org.apache.catalina.core.ApplicationFilterChain.internalDoFilter(ApplicationFilterChain.java:197)
		at org.apache.catalina.core.ApplicationFilterChain.doFilter(ApplicationFilterChain.java:142)
		at org.apache.tomcat.websocket.server.WsFilter.doFilter(WsFilter.java:51)
		at org.apache.catalina.core.ApplicationFilterChain.internalDoFilter(ApplicationFilterChain.java:166)
		at org.apache.catalina.core.ApplicationFilterChain.doFilter(ApplicationFilterChain.java:142)
		at org.apache.catalina.core.ApplicationDispatcher.invoke(ApplicationDispatcher.java:619)
		at org.apache.catalina.core.ApplicationDispatcher.processRequest(ApplicationDispatcher.java:399)
		at org.apache.catalina.core.ApplicationDispatcher.doForward(ApplicationDispatcher.java:338)
		at org.apache.catalina.core.ApplicationDispatcher.forward(ApplicationDispatcher.java:283)
		at org.springframework.web.servlet.view.InternalResourceView.renderMergedOutputModel(InternalResourceView.java:171)
		at org.springframework.web.servlet.view.AbstractView.render(AbstractView.java:316)
		at org.springframework.web.servlet.DispatcherServlet.render(DispatcherServlet.java:1406)
		at org.springframework.web.servlet.DispatcherServlet.processDispatchResult(DispatcherServlet.java:1150)
		at org.springframework.web.servlet.DispatcherServlet.doDispatch(DispatcherServlet.java:1089)
		at org.springframework.web.servlet.DispatcherServlet.doService(DispatcherServlet.java:965)
		at org.springframework.web.servlet.FrameworkServlet.processRequest(FrameworkServlet.java:1006)
		at org.springframework.web.servlet.FrameworkServlet.doGet(FrameworkServlet.java:898)
		at javax.servlet.http.HttpServlet.service(HttpServlet.java:529)
		at org.springframework.web.servlet.FrameworkServlet.service(FrameworkServlet.java:883)
		at javax.servlet.http.HttpServlet.service(HttpServlet.java:623)
		at org.apache.catalina.core.ApplicationFilterChain.internalDoFilter(ApplicationFilterChain.java:197)
		at org.apache.catalina.core.ApplicationFilterChain.doFilter(ApplicationFilterChain.java:142)
		at org.apache.tomcat.websocket.server.WsFilter.doFilter(WsFilter.java:51)
		at org.apache.catalina.core.ApplicationFilterChain.internalDoFilter(ApplicationFilterChain.java:166)
		at org.apache.catalina.core.ApplicationFilterChain.doFilter(ApplicationFilterChain.java:142)
		at org.springframework.web.filter.CharacterEncodingFilter.doFilterInternal(CharacterEncodingFilter.java:201)
		at org.springframework.web.filter.OncePerRequestFilter.doFilter(OncePerRequestFilter.java:117)
		at org.apache.catalina.core.ApplicationFilterChain.internalDoFilter(ApplicationFilterChain.java:166)
		at org.apache.catalina.core.ApplicationFilterChain.doFilter(ApplicationFilterChain.java:142)
		at org.apache.catalina.core.StandardWrapperValve.invoke(StandardWrapperValve.java:166)
		at org.apache.catalina.core.StandardContextValve.invoke(StandardContextValve.java:88)
		at org.apache.catalina.authenticator.AuthenticatorBase.invoke(AuthenticatorBase.java:491)
		at org.apache.catalina.core.StandardHostValve.invoke(StandardHostValve.java:127)
		at org.apache.catalina.valves.ErrorReportValve.invoke(ErrorReportValve.java:83)
		at org.apache.catalina.valves.AbstractAccessLogValve.invoke(AbstractAccessLogValve.java:764)
		at org.apache.catalina.core.StandardEngineValve.invoke(StandardEngineValve.java:72)
		at org.apache.catalina.connector.CoyoteAdapter.service(CoyoteAdapter.java:344)
		at org.apache.coyote.http11.Http11Processor.service(Http11Processor.java:398)
		at org.apache.coyote.AbstractProcessorLight.process(AbstractProcessorLight.java:63)
		at org.apache.coyote.AbstractProtocol$ConnectionHandler.process(AbstractProtocol.java:1309)
		at org.apache.tomcat.util.net.NioEndpoint$SocketProcessor.doRun(NioEndpoint.java:1854)
		at org.apache.tomcat.util.net.SocketProcessorBase.run(SocketProcessorBase.java:52)
		at org.apache.tomcat.util.threads.ThreadPoolExecutor.runWorker(ThreadPoolExecutor.java:973)
		at org.apache.tomcat.util.threads.ThreadPoolExecutor$Worker.run(ThreadPoolExecutor.java:491)
		at org.apache.tomcat.util.threads.TaskThread$WrappingRunnable.run(TaskThread.java:63)
		at java.lang.Thread.run(Thread.java:750)
15-Jun-2026 00:08:42.583 심각 [http-nio-8080-exec-9] org.apache.catalina.core.ApplicationDispatcher.invoke 서블릿 [jsp]을(를) 위한 Servlet.service() 호출이 예외를 발생시켰습니다.
	javax.el.PropertyNotFoundException: [mem_name] 특성이 [com.crud.dto.BoardDto] 유형에 없습니다.
		at javax.el.BeanELResolver$BeanProperties.get(BeanELResolver.java:253)
		at javax.el.BeanELResolver$BeanProperties.access$300(BeanELResolver.java:206)
		at javax.el.BeanELResolver.property(BeanELResolver.java:322)
		at javax.el.BeanELResolver.getValue(BeanELResolver.java:93)
		at org.apache.jasper.el.JasperELResolver.getValue(JasperELResolver.java:123)
		at org.apache.el.parser.AstValue.getValue(AstValue.java:157)
		at org.apache.el.ValueExpressionImpl.getValue(ValueExpressionImpl.java:149)
		at org.apache.jasper.runtime.PageContextImpl.proprietaryEvaluate(PageContextImpl.java:655)
		at org.apache.jsp.WEB_002dINF.views.board.detail_jsp._jspService(detail_jsp.java:155)
		at org.apache.jasper.runtime.HttpJspBase.service(HttpJspBase.java:62)
		at javax.servlet.http.HttpServlet.service(HttpServlet.java:623)
		at org.apache.jasper.servlet.JspServletWrapper.service(JspServletWrapper.java:438)
		at org.apache.jasper.servlet.JspServlet.serviceJspFile(JspServlet.java:349)
		at org.apache.jasper.servlet.JspServlet.service(JspServlet.java:300)
		at javax.servlet.http.HttpServlet.service(HttpServlet.java:623)
		at org.apache.catalina.core.ApplicationFilterChain.internalDoFilter(ApplicationFilterChain.java:197)
		at org.apache.catalina.core.ApplicationFilterChain.doFilter(ApplicationFilterChain.java:142)
		at org.apache.tomcat.websocket.server.WsFilter.doFilter(WsFilter.java:51)
		at org.apache.catalina.core.ApplicationFilterChain.internalDoFilter(ApplicationFilterChain.java:166)
		at org.apache.catalina.core.ApplicationFilterChain.doFilter(ApplicationFilterChain.java:142)
		at org.apache.catalina.core.ApplicationDispatcher.invoke(ApplicationDispatcher.java:619)
		at org.apache.catalina.core.ApplicationDispatcher.processRequest(ApplicationDispatcher.java:399)
		at org.apache.catalina.core.ApplicationDispatcher.doForward(ApplicationDispatcher.java:338)
		at org.apache.catalina.core.ApplicationDispatcher.forward(ApplicationDispatcher.java:283)
		at org.springframework.web.servlet.view.InternalResourceView.renderMergedOutputModel(InternalResourceView.java:171)
		at org.springframework.web.servlet.view.AbstractView.render(AbstractView.java:316)
		at org.springframework.web.servlet.DispatcherServlet.render(DispatcherServlet.java:1406)
		at org.springframework.web.servlet.DispatcherServlet.processDispatchResult(DispatcherServlet.java:1150)
		at org.springframework.web.servlet.DispatcherServlet.doDispatch(DispatcherServlet.java:1089)
		at org.springframework.web.servlet.DispatcherServlet.doService(DispatcherServlet.java:965)
		at org.springframework.web.servlet.FrameworkServlet.processRequest(FrameworkServlet.java:1006)
		at org.springframework.web.servlet.FrameworkServlet.doGet(FrameworkServlet.java:898)
		at javax.servlet.http.HttpServlet.service(HttpServlet.java:529)
		at org.springframework.web.servlet.FrameworkServlet.service(FrameworkServlet.java:883)
		at javax.servlet.http.HttpServlet.service(HttpServlet.java:623)
		at org.apache.catalina.core.ApplicationFilterChain.internalDoFilter(ApplicationFilterChain.java:197)
		at org.apache.catalina.core.ApplicationFilterChain.doFilter(ApplicationFilterChain.java:142)
		at org.apache.tomcat.websocket.server.WsFilter.doFilter(WsFilter.java:51)
		at org.apache.catalina.core.ApplicationFilterChain.internalDoFilter(ApplicationFilterChain.java:166)
		at org.apache.catalina.core.ApplicationFilterChain.doFilter(ApplicationFilterChain.java:142)
		at org.springframework.web.filter.CharacterEncodingFilter.doFilterInternal(CharacterEncodingFilter.java:201)
		at org.springframework.web.filter.OncePerRequestFilter.doFilter(OncePerRequestFilter.java:117)
		at org.apache.catalina.core.ApplicationFilterChain.internalDoFilter(ApplicationFilterChain.java:166)
		at org.apache.catalina.core.ApplicationFilterChain.doFilter(ApplicationFilterChain.java:142)
		at org.apache.catalina.core.StandardWrapperValve.invoke(StandardWrapperValve.java:166)
		at org.apache.catalina.core.StandardContextValve.invoke(StandardContextValve.java:88)
		at org.apache.catalina.authenticator.AuthenticatorBase.invoke(AuthenticatorBase.java:491)
		at org.apache.catalina.core.StandardHostValve.invoke(StandardHostValve.java:127)
		at org.apache.catalina.valves.ErrorReportValve.invoke(ErrorReportValve.java:83)
		at org.apache.catalina.valves.AbstractAccessLogValve.invoke(AbstractAccessLogValve.java:764)
		at org.apache.catalina.core.StandardEngineValve.invoke(StandardEngineValve.java:72)
		at org.apache.catalina.connector.CoyoteAdapter.service(CoyoteAdapter.java:344)
		at org.apache.coyote.http11.Http11Processor.service(Http11Processor.java:398)
		at org.apache.coyote.AbstractProcessorLight.process(AbstractProcessorLight.java:63)
		at org.apache.coyote.AbstractProtocol$ConnectionHandler.process(AbstractProtocol.java:1309)
		at org.apache.tomcat.util.net.NioEndpoint$SocketProcessor.doRun(NioEndpoint.java:1854)
		at org.apache.tomcat.util.net.SocketProcessorBase.run(SocketProcessorBase.java:52)
		at org.apache.tomcat.util.threads.ThreadPoolExecutor.runWorker(ThreadPoolExecutor.java:973)
		at org.apache.tomcat.util.threads.ThreadPoolExecutor$Worker.run(ThreadPoolExecutor.java:491)
		at org.apache.tomcat.util.threads.TaskThread$WrappingRunnable.run(TaskThread.java:63)
		at java.lang.Thread.run(Thread.java:750)
15-Jun-2026 00:08:42.583 심각 [http-nio-8080-exec-9] org.apache.catalina.core.StandardWrapperValve.invoke 경로 []의 컨텍스트 내의 서블릿 [dispatcher]을(를) 위한 Servlet.service() 호출이, 근본 원인(root cause)과 함께, 예외 [행 [25]에서 [/WEB-INF/views/board/detail.jsp]을(를) 처리하는 중 예외 발생

22:         </tr>
23:         <tr>
24:             <td>작성자</td>
25:             <td>${board.mem_name}</td>
26:         </tr>
27:         <tr>
28:             <td>내용</td>


Stacktrace:]을(를) 발생시켰습니다.
	javax.el.PropertyNotFoundException: [mem_name] 특성이 [com.crud.dto.BoardDto] 유형에 없습니다.
		at javax.el.BeanELResolver$BeanProperties.get(BeanELResolver.java:253)
		at javax.el.BeanELResolver$BeanProperties.access$300(BeanELResolver.java:206)
		at javax.el.BeanELResolver.property(BeanELResolver.java:322)
		at javax.el.BeanELResolver.getValue(BeanELResolver.java:93)
		at org.apache.jasper.el.JasperELResolver.getValue(JasperELResolver.java:123)
		at org.apache.el.parser.AstValue.getValue(AstValue.java:157)
		at org.apache.el.ValueExpressionImpl.getValue(ValueExpressionImpl.java:149)
		at org.apache.jasper.runtime.PageContextImpl.proprietaryEvaluate(PageContextImpl.java:655)
		at org.apache.jsp.WEB_002dINF.views.board.detail_jsp._jspService(detail_jsp.java:155)
		at org.apache.jasper.runtime.HttpJspBase.service(HttpJspBase.java:62)
		at javax.servlet.http.HttpServlet.service(HttpServlet.java:623)
		at org.apache.jasper.servlet.JspServletWrapper.service(JspServletWrapper.java:438)
		at org.apache.jasper.servlet.JspServlet.serviceJspFile(JspServlet.java:349)
		at org.apache.jasper.servlet.JspServlet.service(JspServlet.java:300)
		at javax.servlet.http.HttpServlet.service(HttpServlet.java:623)
		at org.apache.catalina.core.ApplicationFilterChain.internalDoFilter(ApplicationFilterChain.java:197)
		at org.apache.catalina.core.ApplicationFilterChain.doFilter(ApplicationFilterChain.java:142)
		at org.apache.tomcat.websocket.server.WsFilter.doFilter(WsFilter.java:51)
		at org.apache.catalina.core.ApplicationFilterChain.internalDoFilter(ApplicationFilterChain.java:166)
		at org.apache.catalina.core.ApplicationFilterChain.doFilter(ApplicationFilterChain.java:142)
		at org.apache.catalina.core.ApplicationDispatcher.invoke(ApplicationDispatcher.java:619)
		at org.apache.catalina.core.ApplicationDispatcher.processRequest(ApplicationDispatcher.java:399)
		at org.apache.catalina.core.ApplicationDispatcher.doForward(ApplicationDispatcher.java:338)
		at org.apache.catalina.core.ApplicationDispatcher.forward(ApplicationDispatcher.java:283)
		at org.springframework.web.servlet.view.InternalResourceView.renderMergedOutputModel(InternalResourceView.java:171)
		at org.springframework.web.servlet.view.AbstractView.render(AbstractView.java:316)
		at org.springframework.web.servlet.DispatcherServlet.render(DispatcherServlet.java:1406)
		at org.springframework.web.servlet.DispatcherServlet.processDispatchResult(DispatcherServlet.java:1150)
		at org.springframework.web.servlet.DispatcherServlet.doDispatch(DispatcherServlet.java:1089)
		at org.springframework.web.servlet.DispatcherServlet.doService(DispatcherServlet.java:965)
		at org.springframework.web.servlet.FrameworkServlet.processRequest(FrameworkServlet.java:1006)
		at org.springframework.web.servlet.FrameworkServlet.doGet(FrameworkServlet.java:898)
		at javax.servlet.http.HttpServlet.service(HttpServlet.java:529)
		at org.springframework.web.servlet.FrameworkServlet.service(FrameworkServlet.java:883)
		at javax.servlet.http.HttpServlet.service(HttpServlet.java:623)
		at org.apache.catalina.core.ApplicationFilterChain.internalDoFilter(ApplicationFilterChain.java:197)
		at org.apache.catalina.core.ApplicationFilterChain.doFilter(ApplicationFilterChain.java:142)
		at org.apache.tomcat.websocket.server.WsFilter.doFilter(WsFilter.java:51)
		at org.apache.catalina.core.ApplicationFilterChain.internalDoFilter(ApplicationFilterChain.java:166)
		at org.apache.catalina.core.ApplicationFilterChain.doFilter(ApplicationFilterChain.java:142)
		at org.springframework.web.filter.CharacterEncodingFilter.doFilterInternal(CharacterEncodingFilter.java:201)
		at org.springframework.web.filter.OncePerRequestFilter.doFilter(OncePerRequestFilter.java:117)
		at org.apache.catalina.core.ApplicationFilterChain.internalDoFilter(ApplicationFilterChain.java:166)
		at org.apache.catalina.core.ApplicationFilterChain.doFilter(ApplicationFilterChain.java:142)
		at org.apache.catalina.core.StandardWrapperValve.invoke(StandardWrapperValve.java:166)
		at org.apache.catalina.core.StandardContextValve.invoke(StandardContextValve.java:88)
		at org.apache.catalina.authenticator.AuthenticatorBase.invoke(AuthenticatorBase.java:491)
		at org.apache.catalina.core.StandardHostValve.invoke(StandardHostValve.java:127)
		at org.apache.catalina.valves.ErrorReportValve.invoke(ErrorReportValve.java:83)
		at org.apache.catalina.valves.AbstractAccessLogValve.invoke(AbstractAccessLogValve.java:764)
		at org.apache.catalina.core.StandardEngineValve.invoke(StandardEngineValve.java:72)
		at org.apache.catalina.connector.CoyoteAdapter.service(CoyoteAdapter.java:344)
		at org.apache.coyote.http11.Http11Processor.service(Http11Processor.java:398)
		at org.apache.coyote.AbstractProcessorLight.process(AbstractProcessorLight.java:63)
		at org.apache.coyote.AbstractProtocol$ConnectionHandler.process(AbstractProtocol.java:1309)
		at org.apache.tomcat.util.net.NioEndpoint$SocketProcessor.doRun(NioEndpoint.java:1854)
		at org.apache.tomcat.util.net.SocketProcessorBase.run(SocketProcessorBase.java:52)
		at org.apache.tomcat.util.threads.ThreadPoolExecutor.runWorker(ThreadPoolExecutor.java:973)
		at org.apache.tomcat.util.threads.ThreadPoolExecutor$Worker.run(ThreadPoolExecutor.java:491)
		at org.apache.tomcat.util.threads.TaskThread$WrappingRunnable.run(TaskThread.java:63)
		at java.lang.Thread.run(Thread.java:750)
15-Jun-2026 00:08:51.116 심각 [http-nio-8080-exec-1] org.apache.catalina.core.ApplicationDispatcher.invoke 서블릿 [jsp]을(를) 위한 Servlet.service() 호출이 예외를 발생시켰습니다.
	javax.el.PropertyNotFoundException: [mem_name] 특성이 [com.crud.dto.BoardDto] 유형에 없습니다.
		at javax.el.BeanELResolver$BeanProperties.get(BeanELResolver.java:253)
		at javax.el.BeanELResolver$BeanProperties.access$300(BeanELResolver.java:206)
		at javax.el.BeanELResolver.property(BeanELResolver.java:322)
		at javax.el.BeanELResolver.getValue(BeanELResolver.java:93)
		at org.apache.jasper.el.JasperELResolver.getValue(JasperELResolver.java:123)
		at org.apache.el.parser.AstValue.getValue(AstValue.java:157)
		at org.apache.el.ValueExpressionImpl.getValue(ValueExpressionImpl.java:149)
		at org.apache.jasper.runtime.PageContextImpl.proprietaryEvaluate(PageContextImpl.java:655)
		at org.apache.jsp.WEB_002dINF.views.board.detail_jsp._jspService(detail_jsp.java:155)
		at org.apache.jasper.runtime.HttpJspBase.service(HttpJspBase.java:62)
		at javax.servlet.http.HttpServlet.service(HttpServlet.java:623)
		at org.apache.jasper.servlet.JspServletWrapper.service(JspServletWrapper.java:438)
		at org.apache.jasper.servlet.JspServlet.serviceJspFile(JspServlet.java:349)
		at org.apache.jasper.servlet.JspServlet.service(JspServlet.java:300)
		at javax.servlet.http.HttpServlet.service(HttpServlet.java:623)
		at org.apache.catalina.core.ApplicationFilterChain.internalDoFilter(ApplicationFilterChain.java:197)
		at org.apache.catalina.core.ApplicationFilterChain.doFilter(ApplicationFilterChain.java:142)
		at org.apache.tomcat.websocket.server.WsFilter.doFilter(WsFilter.java:51)
		at org.apache.catalina.core.ApplicationFilterChain.internalDoFilter(ApplicationFilterChain.java:166)
		at org.apache.catalina.core.ApplicationFilterChain.doFilter(ApplicationFilterChain.java:142)
		at org.apache.catalina.core.ApplicationDispatcher.invoke(ApplicationDispatcher.java:619)
		at org.apache.catalina.core.ApplicationDispatcher.processRequest(ApplicationDispatcher.java:399)
		at org.apache.catalina.core.ApplicationDispatcher.doForward(ApplicationDispatcher.java:338)
		at org.apache.catalina.core.ApplicationDispatcher.forward(ApplicationDispatcher.java:283)
		at org.springframework.web.servlet.view.InternalResourceView.renderMergedOutputModel(InternalResourceView.java:171)
		at org.springframework.web.servlet.view.AbstractView.render(AbstractView.java:316)
		at org.springframework.web.servlet.DispatcherServlet.render(DispatcherServlet.java:1406)
		at org.springframework.web.servlet.DispatcherServlet.processDispatchResult(DispatcherServlet.java:1150)
		at org.springframework.web.servlet.DispatcherServlet.doDispatch(DispatcherServlet.java:1089)
		at org.springframework.web.servlet.DispatcherServlet.doService(DispatcherServlet.java:965)
		at org.springframework.web.servlet.FrameworkServlet.processRequest(FrameworkServlet.java:1006)
		at org.springframework.web.servlet.FrameworkServlet.doGet(FrameworkServlet.java:898)
		at javax.servlet.http.HttpServlet.service(HttpServlet.java:529)
		at org.springframework.web.servlet.FrameworkServlet.service(FrameworkServlet.java:883)
		at javax.servlet.http.HttpServlet.service(HttpServlet.java:623)
		at org.apache.catalina.core.ApplicationFilterChain.internalDoFilter(ApplicationFilterChain.java:197)
		at org.apache.catalina.core.ApplicationFilterChain.doFilter(ApplicationFilterChain.java:142)
		at org.apache.tomcat.websocket.server.WsFilter.doFilter(WsFilter.java:51)
		at org.apache.catalina.core.ApplicationFilterChain.internalDoFilter(ApplicationFilterChain.java:166)
		at org.apache.catalina.core.ApplicationFilterChain.doFilter(ApplicationFilterChain.java:142)
		at org.springframework.web.filter.CharacterEncodingFilter.doFilterInternal(CharacterEncodingFilter.java:201)
		at org.springframework.web.filter.OncePerRequestFilter.doFilter(OncePerRequestFilter.java:117)
		at org.apache.catalina.core.ApplicationFilterChain.internalDoFilter(ApplicationFilterChain.java:166)
		at org.apache.catalina.core.ApplicationFilterChain.doFilter(ApplicationFilterChain.java:142)
		at org.apache.catalina.core.StandardWrapperValve.invoke(StandardWrapperValve.java:166)
		at org.apache.catalina.core.StandardContextValve.invoke(StandardContextValve.java:88)
		at org.apache.catalina.authenticator.AuthenticatorBase.invoke(AuthenticatorBase.java:491)
		at org.apache.catalina.core.StandardHostValve.invoke(StandardHostValve.java:127)
		at org.apache.catalina.valves.ErrorReportValve.invoke(ErrorReportValve.java:83)
		at org.apache.catalina.valves.AbstractAccessLogValve.invoke(AbstractAccessLogValve.java:764)
		at org.apache.catalina.core.StandardEngineValve.invoke(StandardEngineValve.java:72)
		at org.apache.catalina.connector.CoyoteAdapter.service(CoyoteAdapter.java:344)
		at org.apache.coyote.http11.Http11Processor.service(Http11Processor.java:398)
		at org.apache.coyote.AbstractProcessorLight.process(AbstractProcessorLight.java:63)
		at org.apache.coyote.AbstractProtocol$ConnectionHandler.process(AbstractProtocol.java:1309)
		at org.apache.tomcat.util.net.NioEndpoint$SocketProcessor.doRun(NioEndpoint.java:1854)
		at org.apache.tomcat.util.net.SocketProcessorBase.run(SocketProcessorBase.java:52)
		at org.apache.tomcat.util.threads.ThreadPoolExecutor.runWorker(ThreadPoolExecutor.java:973)
		at org.apache.tomcat.util.threads.ThreadPoolExecutor$Worker.run(ThreadPoolExecutor.java:491)
		at org.apache.tomcat.util.threads.TaskThread$WrappingRunnable.run(TaskThread.java:63)
		at java.lang.Thread.run(Thread.java:750)
15-Jun-2026 00:08:51.116 심각 [http-nio-8080-exec-1] org.apache.catalina.core.StandardWrapperValve.invoke 경로 []의 컨텍스트 내의 서블릿 [dispatcher]을(를) 위한 Servlet.service() 호출이, 근본 원인(root cause)과 함께, 예외 [행 [25]에서 [/WEB-INF/views/board/detail.jsp]을(를) 처리하는 중 예외 발생

22:         </tr>
23:         <tr>
24:             <td>작성자</td>
25:             <td>${board.mem_name}</td>
26:         </tr>
27:         <tr>
28:             <td>내용</td>


Stacktrace:]을(를) 발생시켰습니다.
	javax.el.PropertyNotFoundException: [mem_name] 특성이 [com.crud.dto.BoardDto] 유형에 없습니다.
		at javax.el.BeanELResolver$BeanProperties.get(BeanELResolver.java:253)
		at javax.el.BeanELResolver$BeanProperties.access$300(BeanELResolver.java:206)
		at javax.el.BeanELResolver.property(BeanELResolver.java:322)
		at javax.el.BeanELResolver.getValue(BeanELResolver.java:93)
		at org.apache.jasper.el.JasperELResolver.getValue(JasperELResolver.java:123)
		at org.apache.el.parser.AstValue.getValue(AstValue.java:157)
		at org.apache.el.ValueExpressionImpl.getValue(ValueExpressionImpl.java:149)
		at org.apache.jasper.runtime.PageContextImpl.proprietaryEvaluate(PageContextImpl.java:655)
		at org.apache.jsp.WEB_002dINF.views.board.detail_jsp._jspService(detail_jsp.java:155)
		at org.apache.jasper.runtime.HttpJspBase.service(HttpJspBase.java:62)
		at javax.servlet.http.HttpServlet.service(HttpServlet.java:623)
		at org.apache.jasper.servlet.JspServletWrapper.service(JspServletWrapper.java:438)
		at org.apache.jasper.servlet.JspServlet.serviceJspFile(JspServlet.java:349)
		at org.apache.jasper.servlet.JspServlet.service(JspServlet.java:300)
		at javax.servlet.http.HttpServlet.service(HttpServlet.java:623)
		at org.apache.catalina.core.ApplicationFilterChain.internalDoFilter(ApplicationFilterChain.java:197)
		at org.apache.catalina.core.ApplicationFilterChain.doFilter(ApplicationFilterChain.java:142)
		at org.apache.tomcat.websocket.server.WsFilter.doFilter(WsFilter.java:51)
		at org.apache.catalina.core.ApplicationFilterChain.internalDoFilter(ApplicationFilterChain.java:166)
		at org.apache.catalina.core.ApplicationFilterChain.doFilter(ApplicationFilterChain.java:142)
		at org.apache.catalina.core.ApplicationDispatcher.invoke(ApplicationDispatcher.java:619)
		at org.apache.catalina.core.ApplicationDispatcher.processRequest(ApplicationDispatcher.java:399)
		at org.apache.catalina.core.ApplicationDispatcher.doForward(ApplicationDispatcher.java:338)
		at org.apache.catalina.core.ApplicationDispatcher.forward(ApplicationDispatcher.java:283)
		at org.springframework.web.servlet.view.InternalResourceView.renderMergedOutputModel(InternalResourceView.java:171)
		at org.springframework.web.servlet.view.AbstractView.render(AbstractView.java:316)
		at org.springframework.web.servlet.DispatcherServlet.render(DispatcherServlet.java:1406)
		at org.springframework.web.servlet.DispatcherServlet.processDispatchResult(DispatcherServlet.java:1150)
		at org.springframework.web.servlet.DispatcherServlet.doDispatch(DispatcherServlet.java:1089)
		at org.springframework.web.servlet.DispatcherServlet.doService(DispatcherServlet.java:965)
		at org.springframework.web.servlet.FrameworkServlet.processRequest(FrameworkServlet.java:1006)
		at org.springframework.web.servlet.FrameworkServlet.doGet(FrameworkServlet.java:898)
		at javax.servlet.http.HttpServlet.service(HttpServlet.java:529)
		at org.springframework.web.servlet.FrameworkServlet.service(FrameworkServlet.java:883)
		at javax.servlet.http.HttpServlet.service(HttpServlet.java:623)
		at org.apache.catalina.core.ApplicationFilterChain.internalDoFilter(ApplicationFilterChain.java:197)
		at org.apache.catalina.core.ApplicationFilterChain.doFilter(ApplicationFilterChain.java:142)
		at org.apache.tomcat.websocket.server.WsFilter.doFilter(WsFilter.java:51)
		at org.apache.catalina.core.ApplicationFilterChain.internalDoFilter(ApplicationFilterChain.java:166)
		at org.apache.catalina.core.ApplicationFilterChain.doFilter(ApplicationFilterChain.java:142)
		at org.springframework.web.filter.CharacterEncodingFilter.doFilterInternal(CharacterEncodingFilter.java:201)
		at org.springframework.web.filter.OncePerRequestFilter.doFilter(OncePerRequestFilter.java:117)
		at org.apache.catalina.core.ApplicationFilterChain.internalDoFilter(ApplicationFilterChain.java:166)
		at org.apache.catalina.core.ApplicationFilterChain.doFilter(ApplicationFilterChain.java:142)
		at org.apache.catalina.core.StandardWrapperValve.invoke(StandardWrapperValve.java:166)
		at org.apache.catalina.core.StandardContextValve.invoke(StandardContextValve.java:88)
		at org.apache.catalina.authenticator.AuthenticatorBase.invoke(AuthenticatorBase.java:491)
		at org.apache.catalina.core.StandardHostValve.invoke(StandardHostValve.java:127)
		at org.apache.catalina.valves.ErrorReportValve.invoke(ErrorReportValve.java:83)
		at org.apache.catalina.valves.AbstractAccessLogValve.invoke(AbstractAccessLogValve.java:764)
		at org.apache.catalina.core.StandardEngineValve.invoke(StandardEngineValve.java:72)
		at org.apache.catalina.connector.CoyoteAdapter.service(CoyoteAdapter.java:344)
		at org.apache.coyote.http11.Http11Processor.service(Http11Processor.java:398)
		at org.apache.coyote.AbstractProcessorLight.process(AbstractProcessorLight.java:63)
		at org.apache.coyote.AbstractProtocol$ConnectionHandler.process(AbstractProtocol.java:1309)
		at org.apache.tomcat.util.net.NioEndpoint$SocketProcessor.doRun(NioEndpoint.java:1854)
		at org.apache.tomcat.util.net.SocketProcessorBase.run(SocketProcessorBase.java:52)
		at org.apache.tomcat.util.threads.ThreadPoolExecutor.runWorker(ThreadPoolExecutor.java:973)
		at org.apache.tomcat.util.threads.ThreadPoolExecutor$Worker.run(ThreadPoolExecutor.java:491)
		at org.apache.tomcat.util.threads.TaskThread$WrappingRunnable.run(TaskThread.java:63)
		at java.lang.Thread.run(Thread.java:750)
15-Jun-2026 00:08:51.280 심각 [http-nio-8080-exec-3] org.apache.catalina.core.ApplicationDispatcher.invoke 서블릿 [jsp]을(를) 위한 Servlet.service() 호출이 예외를 발생시켰습니다.
	javax.el.PropertyNotFoundException: [mem_name] 특성이 [com.crud.dto.BoardDto] 유형에 없습니다.
		at javax.el.BeanELResolver$BeanProperties.get(BeanELResolver.java:253)
		at javax.el.BeanELResolver$BeanProperties.access$300(BeanELResolver.java:206)
		at javax.el.BeanELResolver.property(BeanELResolver.java:322)
		at javax.el.BeanELResolver.getValue(BeanELResolver.java:93)
		at org.apache.jasper.el.JasperELResolver.getValue(JasperELResolver.java:123)
		at org.apache.el.parser.AstValue.getValue(AstValue.java:157)
		at org.apache.el.ValueExpressionImpl.getValue(ValueExpressionImpl.java:149)
		at org.apache.jasper.runtime.PageContextImpl.proprietaryEvaluate(PageContextImpl.java:655)
		at org.apache.jsp.WEB_002dINF.views.board.detail_jsp._jspService(detail_jsp.java:155)
		at org.apache.jasper.runtime.HttpJspBase.service(HttpJspBase.java:62)
		at javax.servlet.http.HttpServlet.service(HttpServlet.java:623)
		at org.apache.jasper.servlet.JspServletWrapper.service(JspServletWrapper.java:438)
		at org.apache.jasper.servlet.JspServlet.serviceJspFile(JspServlet.java:349)
		at org.apache.jasper.servlet.JspServlet.service(JspServlet.java:300)
		at javax.servlet.http.HttpServlet.service(HttpServlet.java:623)
		at org.apache.catalina.core.ApplicationFilterChain.internalDoFilter(ApplicationFilterChain.java:197)
		at org.apache.catalina.core.ApplicationFilterChain.doFilter(ApplicationFilterChain.java:142)
		at org.apache.tomcat.websocket.server.WsFilter.doFilter(WsFilter.java:51)
		at org.apache.catalina.core.ApplicationFilterChain.internalDoFilter(ApplicationFilterChain.java:166)
		at org.apache.catalina.core.ApplicationFilterChain.doFilter(ApplicationFilterChain.java:142)
		at org.apache.catalina.core.ApplicationDispatcher.invoke(ApplicationDispatcher.java:619)
		at org.apache.catalina.core.ApplicationDispatcher.processRequest(ApplicationDispatcher.java:399)
		at org.apache.catalina.core.ApplicationDispatcher.doForward(ApplicationDispatcher.java:338)
		at org.apache.catalina.core.ApplicationDispatcher.forward(ApplicationDispatcher.java:283)
		at org.springframework.web.servlet.view.InternalResourceView.renderMergedOutputModel(InternalResourceView.java:171)
		at org.springframework.web.servlet.view.AbstractView.render(AbstractView.java:316)
		at org.springframework.web.servlet.DispatcherServlet.render(DispatcherServlet.java:1406)
		at org.springframework.web.servlet.DispatcherServlet.processDispatchResult(DispatcherServlet.java:1150)
		at org.springframework.web.servlet.DispatcherServlet.doDispatch(DispatcherServlet.java:1089)
		at org.springframework.web.servlet.DispatcherServlet.doService(DispatcherServlet.java:965)
		at org.springframework.web.servlet.FrameworkServlet.processRequest(FrameworkServlet.java:1006)
		at org.springframework.web.servlet.FrameworkServlet.doGet(FrameworkServlet.java:898)
		at javax.servlet.http.HttpServlet.service(HttpServlet.java:529)
		at org.springframework.web.servlet.FrameworkServlet.service(FrameworkServlet.java:883)
		at javax.servlet.http.HttpServlet.service(HttpServlet.java:623)
		at org.apache.catalina.core.ApplicationFilterChain.internalDoFilter(ApplicationFilterChain.java:197)
		at org.apache.catalina.core.ApplicationFilterChain.doFilter(ApplicationFilterChain.java:142)
		at org.apache.tomcat.websocket.server.WsFilter.doFilter(WsFilter.java:51)
		at org.apache.catalina.core.ApplicationFilterChain.internalDoFilter(ApplicationFilterChain.java:166)
		at org.apache.catalina.core.ApplicationFilterChain.doFilter(ApplicationFilterChain.java:142)
		at org.springframework.web.filter.CharacterEncodingFilter.doFilterInternal(CharacterEncodingFilter.java:201)
		at org.springframework.web.filter.OncePerRequestFilter.doFilter(OncePerRequestFilter.java:117)
		at org.apache.catalina.core.ApplicationFilterChain.internalDoFilter(ApplicationFilterChain.java:166)
		at org.apache.catalina.core.ApplicationFilterChain.doFilter(ApplicationFilterChain.java:142)
		at org.apache.catalina.core.StandardWrapperValve.invoke(StandardWrapperValve.java:166)
		at org.apache.catalina.core.StandardContextValve.invoke(StandardContextValve.java:88)
		at org.apache.catalina.authenticator.AuthenticatorBase.invoke(AuthenticatorBase.java:491)
		at org.apache.catalina.core.StandardHostValve.invoke(StandardHostValve.java:127)
		at org.apache.catalina.valves.ErrorReportValve.invoke(ErrorReportValve.java:83)
		at org.apache.catalina.valves.AbstractAccessLogValve.invoke(AbstractAccessLogValve.java:764)
		at org.apache.catalina.core.StandardEngineValve.invoke(StandardEngineValve.java:72)
		at org.apache.catalina.connector.CoyoteAdapter.service(CoyoteAdapter.java:344)
		at org.apache.coyote.http11.Http11Processor.service(Http11Processor.java:398)
		at org.apache.coyote.AbstractProcessorLight.process(AbstractProcessorLight.java:63)
		at org.apache.coyote.AbstractProtocol$ConnectionHandler.process(AbstractProtocol.java:1309)
		at org.apache.tomcat.util.net.NioEndpoint$SocketProcessor.doRun(NioEndpoint.java:1854)
		at org.apache.tomcat.util.net.SocketProcessorBase.run(SocketProcessorBase.java:52)
		at org.apache.tomcat.util.threads.ThreadPoolExecutor.runWorker(ThreadPoolExecutor.java:973)
		at org.apache.tomcat.util.threads.ThreadPoolExecutor$Worker.run(ThreadPoolExecutor.java:491)
		at org.apache.tomcat.util.threads.TaskThread$WrappingRunnable.run(TaskThread.java:63)
		at java.lang.Thread.run(Thread.java:750)
15-Jun-2026 00:08:51.280 심각 [http-nio-8080-exec-3] org.apache.catalina.core.StandardWrapperValve.invoke 경로 []의 컨텍스트 내의 서블릿 [dispatcher]을(를) 위한 Servlet.service() 호출이, 근본 원인(root cause)과 함께, 예외 [행 [25]에서 [/WEB-INF/views/board/detail.jsp]을(를) 처리하는 중 예외 발생

22:         </tr>
23:         <tr>
24:             <td>작성자</td>
25:             <td>${board.mem_name}</td>
26:         </tr>
27:         <tr>
28:             <td>내용</td>


Stacktrace:]을(를) 발생시켰습니다.
	javax.el.PropertyNotFoundException: [mem_name] 특성이 [com.crud.dto.BoardDto] 유형에 없습니다.
		at javax.el.BeanELResolver$BeanProperties.get(BeanELResolver.java:253)
		at javax.el.BeanELResolver$BeanProperties.access$300(BeanELResolver.java:206)
		at javax.el.BeanELResolver.property(BeanELResolver.java:322)
		at javax.el.BeanELResolver.getValue(BeanELResolver.java:93)
		at org.apache.jasper.el.JasperELResolver.getValue(JasperELResolver.java:123)
		at org.apache.el.parser.AstValue.getValue(AstValue.java:157)
		at org.apache.el.ValueExpressionImpl.getValue(ValueExpressionImpl.java:149)
		at org.apache.jasper.runtime.PageContextImpl.proprietaryEvaluate(PageContextImpl.java:655)
		at org.apache.jsp.WEB_002dINF.views.board.detail_jsp._jspService(detail_jsp.java:155)
		at org.apache.jasper.runtime.HttpJspBase.service(HttpJspBase.java:62)
		at javax.servlet.http.HttpServlet.service(HttpServlet.java:623)
		at org.apache.jasper.servlet.JspServletWrapper.service(JspServletWrapper.java:438)
		at org.apache.jasper.servlet.JspServlet.serviceJspFile(JspServlet.java:349)
		at org.apache.jasper.servlet.JspServlet.service(JspServlet.java:300)
		at javax.servlet.http.HttpServlet.service(HttpServlet.java:623)
		at org.apache.catalina.core.ApplicationFilterChain.internalDoFilter(ApplicationFilterChain.java:197)
		at org.apache.catalina.core.ApplicationFilterChain.doFilter(ApplicationFilterChain.java:142)
		at org.apache.tomcat.websocket.server.WsFilter.doFilter(WsFilter.java:51)
		at org.apache.catalina.core.ApplicationFilterChain.internalDoFilter(ApplicationFilterChain.java:166)
		at org.apache.catalina.core.ApplicationFilterChain.doFilter(ApplicationFilterChain.java:142)
		at org.apache.catalina.core.ApplicationDispatcher.invoke(ApplicationDispatcher.java:619)
		at org.apache.catalina.core.ApplicationDispatcher.processRequest(ApplicationDispatcher.java:399)
		at org.apache.catalina.core.ApplicationDispatcher.doForward(ApplicationDispatcher.java:338)
		at org.apache.catalina.core.ApplicationDispatcher.forward(ApplicationDispatcher.java:283)
		at org.springframework.web.servlet.view.InternalResourceView.renderMergedOutputModel(InternalResourceView.java:171)
		at org.springframework.web.servlet.view.AbstractView.render(AbstractView.java:316)
		at org.springframework.web.servlet.DispatcherServlet.render(DispatcherServlet.java:1406)
		at org.springframework.web.servlet.DispatcherServlet.processDispatchResult(DispatcherServlet.java:1150)
		at org.springframework.web.servlet.DispatcherServlet.doDispatch(DispatcherServlet.java:1089)
		at org.springframework.web.servlet.DispatcherServlet.doService(DispatcherServlet.java:965)
		at org.springframework.web.servlet.FrameworkServlet.processRequest(FrameworkServlet.java:1006)
		at org.springframework.web.servlet.FrameworkServlet.doGet(FrameworkServlet.java:898)
		at javax.servlet.http.HttpServlet.service(HttpServlet.java:529)
		at org.springframework.web.servlet.FrameworkServlet.service(FrameworkServlet.java:883)
		at javax.servlet.http.HttpServlet.service(HttpServlet.java:623)
		at org.apache.catalina.core.ApplicationFilterChain.internalDoFilter(ApplicationFilterChain.java:197)
		at org.apache.catalina.core.ApplicationFilterChain.doFilter(ApplicationFilterChain.java:142)
		at org.apache.tomcat.websocket.server.WsFilter.doFilter(WsFilter.java:51)
		at org.apache.catalina.core.ApplicationFilterChain.internalDoFilter(ApplicationFilterChain.java:166)
		at org.apache.catalina.core.ApplicationFilterChain.doFilter(ApplicationFilterChain.java:142)
		at org.springframework.web.filter.CharacterEncodingFilter.doFilterInternal(CharacterEncodingFilter.java:201)
		at org.springframework.web.filter.OncePerRequestFilter.doFilter(OncePerRequestFilter.java:117)
		at org.apache.catalina.core.ApplicationFilterChain.internalDoFilter(ApplicationFilterChain.java:166)
		at org.apache.catalina.core.ApplicationFilterChain.doFilter(ApplicationFilterChain.java:142)
		at org.apache.catalina.core.StandardWrapperValve.invoke(StandardWrapperValve.java:166)
		at org.apache.catalina.core.StandardContextValve.invoke(StandardContextValve.java:88)
		at org.apache.catalina.authenticator.AuthenticatorBase.invoke(AuthenticatorBase.java:491)
		at org.apache.catalina.core.StandardHostValve.invoke(StandardHostValve.java:127)
		at org.apache.catalina.valves.ErrorReportValve.invoke(ErrorReportValve.java:83)
		at org.apache.catalina.valves.AbstractAccessLogValve.invoke(AbstractAccessLogValve.java:764)
		at org.apache.catalina.core.StandardEngineValve.invoke(StandardEngineValve.java:72)
		at org.apache.catalina.connector.CoyoteAdapter.service(CoyoteAdapter.java:344)
		at org.apache.coyote.http11.Http11Processor.service(Http11Processor.java:398)
		at org.apache.coyote.AbstractProcessorLight.process(AbstractProcessorLight.java:63)
		at org.apache.coyote.AbstractProtocol$ConnectionHandler.process(AbstractProtocol.java:1309)
		at org.apache.tomcat.util.net.NioEndpoint$SocketProcessor.doRun(NioEndpoint.java:1854)
		at org.apache.tomcat.util.net.SocketProcessorBase.run(SocketProcessorBase.java:52)
		at org.apache.tomcat.util.threads.ThreadPoolExecutor.runWorker(ThreadPoolExecutor.java:973)
		at org.apache.tomcat.util.threads.ThreadPoolExecutor$Worker.run(ThreadPoolExecutor.java:491)
		at org.apache.tomcat.util.threads.TaskThread$WrappingRunnable.run(TaskThread.java:63)
		at java.lang.Thread.run(Thread.java:750)
15-Jun-2026 00:08:51.427 심각 [http-nio-8080-exec-5] org.apache.catalina.core.ApplicationDispatcher.invoke 서블릿 [jsp]을(를) 위한 Servlet.service() 호출이 예외를 발생시켰습니다.
	javax.el.PropertyNotFoundException: [mem_name] 특성이 [com.crud.dto.BoardDto] 유형에 없습니다.
		at javax.el.BeanELResolver$BeanProperties.get(BeanELResolver.java:253)
		at javax.el.BeanELResolver$BeanProperties.access$300(BeanELResolver.java:206)
		at javax.el.BeanELResolver.property(BeanELResolver.java:322)
		at javax.el.BeanELResolver.getValue(BeanELResolver.java:93)
		at org.apache.jasper.el.JasperELResolver.getValue(JasperELResolver.java:123)
		at org.apache.el.parser.AstValue.getValue(AstValue.java:157)
		at org.apache.el.ValueExpressionImpl.getValue(ValueExpressionImpl.java:149)
		at org.apache.jasper.runtime.PageContextImpl.proprietaryEvaluate(PageContextImpl.java:655)
		at org.apache.jsp.WEB_002dINF.views.board.detail_jsp._jspService(detail_jsp.java:155)
		at org.apache.jasper.runtime.HttpJspBase.service(HttpJspBase.java:62)
		at javax.servlet.http.HttpServlet.service(HttpServlet.java:623)
		at org.apache.jasper.servlet.JspServletWrapper.service(JspServletWrapper.java:438)
		at org.apache.jasper.servlet.JspServlet.serviceJspFile(JspServlet.java:349)
		at org.apache.jasper.servlet.JspServlet.service(JspServlet.java:300)
		at javax.servlet.http.HttpServlet.service(HttpServlet.java:623)
		at org.apache.catalina.core.ApplicationFilterChain.internalDoFilter(ApplicationFilterChain.java:197)
		at org.apache.catalina.core.ApplicationFilterChain.doFilter(ApplicationFilterChain.java:142)
		at org.apache.tomcat.websocket.server.WsFilter.doFilter(WsFilter.java:51)
		at org.apache.catalina.core.ApplicationFilterChain.internalDoFilter(ApplicationFilterChain.java:166)
		at org.apache.catalina.core.ApplicationFilterChain.doFilter(ApplicationFilterChain.java:142)
		at org.apache.catalina.core.ApplicationDispatcher.invoke(ApplicationDispatcher.java:619)
		at org.apache.catalina.core.ApplicationDispatcher.processRequest(ApplicationDispatcher.java:399)
		at org.apache.catalina.core.ApplicationDispatcher.doForward(ApplicationDispatcher.java:338)
		at org.apache.catalina.core.ApplicationDispatcher.forward(ApplicationDispatcher.java:283)
		at org.springframework.web.servlet.view.InternalResourceView.renderMergedOutputModel(InternalResourceView.java:171)
		at org.springframework.web.servlet.view.AbstractView.render(AbstractView.java:316)
		at org.springframework.web.servlet.DispatcherServlet.render(DispatcherServlet.java:1406)
		at org.springframework.web.servlet.DispatcherServlet.processDispatchResult(DispatcherServlet.java:1150)
		at org.springframework.web.servlet.DispatcherServlet.doDispatch(DispatcherServlet.java:1089)
		at org.springframework.web.servlet.DispatcherServlet.doService(DispatcherServlet.java:965)
		at org.springframework.web.servlet.FrameworkServlet.processRequest(FrameworkServlet.java:1006)
		at org.springframework.web.servlet.FrameworkServlet.doGet(FrameworkServlet.java:898)
		at javax.servlet.http.HttpServlet.service(HttpServlet.java:529)
		at org.springframework.web.servlet.FrameworkServlet.service(FrameworkServlet.java:883)
		at javax.servlet.http.HttpServlet.service(HttpServlet.java:623)
		at org.apache.catalina.core.ApplicationFilterChain.internalDoFilter(ApplicationFilterChain.java:197)
		at org.apache.catalina.core.ApplicationFilterChain.doFilter(ApplicationFilterChain.java:142)
		at org.apache.tomcat.websocket.server.WsFilter.doFilter(WsFilter.java:51)
		at org.apache.catalina.core.ApplicationFilterChain.internalDoFilter(ApplicationFilterChain.java:166)
		at org.apache.catalina.core.ApplicationFilterChain.doFilter(ApplicationFilterChain.java:142)
		at org.springframework.web.filter.CharacterEncodingFilter.doFilterInternal(CharacterEncodingFilter.java:201)
		at org.springframework.web.filter.OncePerRequestFilter.doFilter(OncePerRequestFilter.java:117)
		at org.apache.catalina.core.ApplicationFilterChain.internalDoFilter(ApplicationFilterChain.java:166)
		at org.apache.catalina.core.ApplicationFilterChain.doFilter(ApplicationFilterChain.java:142)
		at org.apache.catalina.core.StandardWrapperValve.invoke(StandardWrapperValve.java:166)
		at org.apache.catalina.core.StandardContextValve.invoke(StandardContextValve.java:88)
		at org.apache.catalina.authenticator.AuthenticatorBase.invoke(AuthenticatorBase.java:491)
		at org.apache.catalina.core.StandardHostValve.invoke(StandardHostValve.java:127)
		at org.apache.catalina.valves.ErrorReportValve.invoke(ErrorReportValve.java:83)
		at org.apache.catalina.valves.AbstractAccessLogValve.invoke(AbstractAccessLogValve.java:764)
		at org.apache.catalina.core.StandardEngineValve.invoke(StandardEngineValve.java:72)
		at org.apache.catalina.connector.CoyoteAdapter.service(CoyoteAdapter.java:344)
		at org.apache.coyote.http11.Http11Processor.service(Http11Processor.java:398)
		at org.apache.coyote.AbstractProcessorLight.process(AbstractProcessorLight.java:63)
		at org.apache.coyote.AbstractProtocol$ConnectionHandler.process(AbstractProtocol.java:1309)
		at org.apache.tomcat.util.net.NioEndpoint$SocketProcessor.doRun(NioEndpoint.java:1854)
		at org.apache.tomcat.util.net.SocketProcessorBase.run(SocketProcessorBase.java:52)
		at org.apache.tomcat.util.threads.ThreadPoolExecutor.runWorker(ThreadPoolExecutor.java:973)
		at org.apache.tomcat.util.threads.ThreadPoolExecutor$Worker.run(ThreadPoolExecutor.java:491)
		at org.apache.tomcat.util.threads.TaskThread$WrappingRunnable.run(TaskThread.java:63)
		at java.lang.Thread.run(Thread.java:750)
15-Jun-2026 00:08:51.429 심각 [http-nio-8080-exec-5] org.apache.catalina.core.StandardWrapperValve.invoke 경로 []의 컨텍스트 내의 서블릿 [dispatcher]을(를) 위한 Servlet.service() 호출이, 근본 원인(root cause)과 함께, 예외 [행 [25]에서 [/WEB-INF/views/board/detail.jsp]을(를) 처리하는 중 예외 발생

22:         </tr>
23:         <tr>
24:             <td>작성자</td>
25:             <td>${board.mem_name}</td>
26:         </tr>
27:         <tr>
28:             <td>내용</td>


Stacktrace:]을(를) 발생시켰습니다.
	javax.el.PropertyNotFoundException: [mem_name] 특성이 [com.crud.dto.BoardDto] 유형에 없습니다.
		at javax.el.BeanELResolver$BeanProperties.get(BeanELResolver.java:253)
		at javax.el.BeanELResolver$BeanProperties.access$300(BeanELResolver.java:206)
		at javax.el.BeanELResolver.property(BeanELResolver.java:322)
		at javax.el.BeanELResolver.getValue(BeanELResolver.java:93)
		at org.apache.jasper.el.JasperELResolver.getValue(JasperELResolver.java:123)
		at org.apache.el.parser.AstValue.getValue(AstValue.java:157)
		at org.apache.el.ValueExpressionImpl.getValue(ValueExpressionImpl.java:149)
		at org.apache.jasper.runtime.PageContextImpl.proprietaryEvaluate(PageContextImpl.java:655)
		at org.apache.jsp.WEB_002dINF.views.board.detail_jsp._jspService(detail_jsp.java:155)
		at org.apache.jasper.runtime.HttpJspBase.service(HttpJspBase.java:62)
		at javax.servlet.http.HttpServlet.service(HttpServlet.java:623)
		at org.apache.jasper.servlet.JspServletWrapper.service(JspServletWrapper.java:438)
		at org.apache.jasper.servlet.JspServlet.serviceJspFile(JspServlet.java:349)
		at org.apache.jasper.servlet.JspServlet.service(JspServlet.java:300)
		at javax.servlet.http.HttpServlet.service(HttpServlet.java:623)
		at org.apache.catalina.core.ApplicationFilterChain.internalDoFilter(ApplicationFilterChain.java:197)
		at org.apache.catalina.core.ApplicationFilterChain.doFilter(ApplicationFilterChain.java:142)
		at org.apache.tomcat.websocket.server.WsFilter.doFilter(WsFilter.java:51)
		at org.apache.catalina.core.ApplicationFilterChain.internalDoFilter(ApplicationFilterChain.java:166)
		at org.apache.catalina.core.ApplicationFilterChain.doFilter(ApplicationFilterChain.java:142)
		at org.apache.catalina.core.ApplicationDispatcher.invoke(ApplicationDispatcher.java:619)
		at org.apache.catalina.core.ApplicationDispatcher.processRequest(ApplicationDispatcher.java:399)
		at org.apache.catalina.core.ApplicationDispatcher.doForward(ApplicationDispatcher.java:338)
		at org.apache.catalina.core.ApplicationDispatcher.forward(ApplicationDispatcher.java:283)
		at org.springframework.web.servlet.view.InternalResourceView.renderMergedOutputModel(InternalResourceView.java:171)
		at org.springframework.web.servlet.view.AbstractView.render(AbstractView.java:316)
		at org.springframework.web.servlet.DispatcherServlet.render(DispatcherServlet.java:1406)
		at org.springframework.web.servlet.DispatcherServlet.processDispatchResult(DispatcherServlet.java:1150)
		at org.springframework.web.servlet.DispatcherServlet.doDispatch(DispatcherServlet.java:1089)
		at org.springframework.web.servlet.DispatcherServlet.doService(DispatcherServlet.java:965)
		at org.springframework.web.servlet.FrameworkServlet.processRequest(FrameworkServlet.java:1006)
		at org.springframework.web.servlet.FrameworkServlet.doGet(FrameworkServlet.java:898)
		at javax.servlet.http.HttpServlet.service(HttpServlet.java:529)
		at org.springframework.web.servlet.FrameworkServlet.service(FrameworkServlet.java:883)
		at javax.servlet.http.HttpServlet.service(HttpServlet.java:623)
		at org.apache.catalina.core.ApplicationFilterChain.internalDoFilter(ApplicationFilterChain.java:197)
		at org.apache.catalina.core.ApplicationFilterChain.doFilter(ApplicationFilterChain.java:142)
		at org.apache.tomcat.websocket.server.WsFilter.doFilter(WsFilter.java:51)
		at org.apache.catalina.core.ApplicationFilterChain.internalDoFilter(ApplicationFilterChain.java:166)
		at org.apache.catalina.core.ApplicationFilterChain.doFilter(ApplicationFilterChain.java:142)
		at org.springframework.web.filter.CharacterEncodingFilter.doFilterInternal(CharacterEncodingFilter.java:201)
		at org.springframework.web.filter.OncePerRequestFilter.doFilter(OncePerRequestFilter.java:117)
		at org.apache.catalina.core.ApplicationFilterChain.internalDoFilter(ApplicationFilterChain.java:166)
		at org.apache.catalina.core.ApplicationFilterChain.doFilter(ApplicationFilterChain.java:142)
		at org.apache.catalina.core.StandardWrapperValve.invoke(StandardWrapperValve.java:166)
		at org.apache.catalina.core.StandardContextValve.invoke(StandardContextValve.java:88)
		at org.apache.catalina.authenticator.AuthenticatorBase.invoke(AuthenticatorBase.java:491)
		at org.apache.catalina.core.StandardHostValve.invoke(StandardHostValve.java:127)
		at org.apache.catalina.valves.ErrorReportValve.invoke(ErrorReportValve.java:83)
		at org.apache.catalina.valves.AbstractAccessLogValve.invoke(AbstractAccessLogValve.java:764)
		at org.apache.catalina.core.StandardEngineValve.invoke(StandardEngineValve.java:72)
		at org.apache.catalina.connector.CoyoteAdapter.service(CoyoteAdapter.java:344)
		at org.apache.coyote.http11.Http11Processor.service(Http11Processor.java:398)
		at org.apache.coyote.AbstractProcessorLight.process(AbstractProcessorLight.java:63)
		at org.apache.coyote.AbstractProtocol$ConnectionHandler.process(AbstractProtocol.java:1309)
		at org.apache.tomcat.util.net.NioEndpoint$SocketProcessor.doRun(NioEndpoint.java:1854)
		at org.apache.tomcat.util.net.SocketProcessorBase.run(SocketProcessorBase.java:52)
		at org.apache.tomcat.util.threads.ThreadPoolExecutor.runWorker(ThreadPoolExecutor.java:973)
		at org.apache.tomcat.util.threads.ThreadPoolExecutor$Worker.run(ThreadPoolExecutor.java:491)
		at org.apache.tomcat.util.threads.TaskThread$WrappingRunnable.run(TaskThread.java:63)
		at java.lang.Thread.run(Thread.java:750)
15-Jun-2026 00:10:06.016 정보 [Thread-2] org.apache.catalina.core.ApplicationContext.log Destroying Spring FrameworkServlet 'dispatcher'
15-Jun-2026 00:10:47.718 정보 [main] org.apache.catalina.core.ApplicationContext.log No Spring WebApplicationInitializer types detected on classpath
15-Jun-2026 00:10:47.908 정보 [main] org.apache.catalina.core.ApplicationContext.log Initializing Spring DispatcherServlet 'dispatcher'
15-Jun-2026 00:10:53.414 심각 [http-nio-8080-exec-3] org.apache.catalina.core.ApplicationDispatcher.invoke 서블릿 [jsp]을(를) 위한 Servlet.service() 호출이 예외를 발생시켰습니다.
	javax.el.PropertyNotFoundException: [mem_id] 특성이 [com.crud.dto.BoardDto] 유형에 없습니다.
		at javax.el.BeanELResolver$BeanProperties.get(BeanELResolver.java:253)
		at javax.el.BeanELResolver$BeanProperties.access$300(BeanELResolver.java:206)
		at javax.el.BeanELResolver.property(BeanELResolver.java:322)
		at javax.el.BeanELResolver.getValue(BeanELResolver.java:93)
		at org.apache.jasper.el.JasperELResolver.getValue(JasperELResolver.java:123)
		at org.apache.el.parser.AstValue.getValue(AstValue.java:157)
		at org.apache.el.ValueExpressionImpl.getValue(ValueExpressionImpl.java:149)
		at org.apache.jasper.runtime.PageContextImpl.proprietaryEvaluate(PageContextImpl.java:655)
		at org.apache.jsp.WEB_002dINF.views.board.list_jsp._jspx_meth_c_005fforEach_005f0(list_jsp.java:324)
		at org.apache.jsp.WEB_002dINF.views.board.list_jsp._jspService(list_jsp.java:164)
		at org.apache.jasper.runtime.HttpJspBase.service(HttpJspBase.java:62)
		at javax.servlet.http.HttpServlet.service(HttpServlet.java:623)
		at org.apache.jasper.servlet.JspServletWrapper.service(JspServletWrapper.java:438)
		at org.apache.jasper.servlet.JspServlet.serviceJspFile(JspServlet.java:349)
		at org.apache.jasper.servlet.JspServlet.service(JspServlet.java:300)
		at javax.servlet.http.HttpServlet.service(HttpServlet.java:623)
		at org.apache.catalina.core.ApplicationFilterChain.internalDoFilter(ApplicationFilterChain.java:197)
		at org.apache.catalina.core.ApplicationFilterChain.doFilter(ApplicationFilterChain.java:142)
		at org.apache.tomcat.websocket.server.WsFilter.doFilter(WsFilter.java:51)
		at org.apache.catalina.core.ApplicationFilterChain.internalDoFilter(ApplicationFilterChain.java:166)
		at org.apache.catalina.core.ApplicationFilterChain.doFilter(ApplicationFilterChain.java:142)
		at org.apache.catalina.core.ApplicationDispatcher.invoke(ApplicationDispatcher.java:619)
		at org.apache.catalina.core.ApplicationDispatcher.processRequest(ApplicationDispatcher.java:399)
		at org.apache.catalina.core.ApplicationDispatcher.doForward(ApplicationDispatcher.java:338)
		at org.apache.catalina.core.ApplicationDispatcher.forward(ApplicationDispatcher.java:283)
		at org.springframework.web.servlet.view.InternalResourceView.renderMergedOutputModel(InternalResourceView.java:171)
		at org.springframework.web.servlet.view.AbstractView.render(AbstractView.java:316)
		at org.springframework.web.servlet.DispatcherServlet.render(DispatcherServlet.java:1406)
		at org.springframework.web.servlet.DispatcherServlet.processDispatchResult(DispatcherServlet.java:1150)
		at org.springframework.web.servlet.DispatcherServlet.doDispatch(DispatcherServlet.java:1089)
		at org.springframework.web.servlet.DispatcherServlet.doService(DispatcherServlet.java:965)
		at org.springframework.web.servlet.FrameworkServlet.processRequest(FrameworkServlet.java:1006)
		at org.springframework.web.servlet.FrameworkServlet.doGet(FrameworkServlet.java:898)
		at javax.servlet.http.HttpServlet.service(HttpServlet.java:529)
		at org.springframework.web.servlet.FrameworkServlet.service(FrameworkServlet.java:883)
		at javax.servlet.http.HttpServlet.service(HttpServlet.java:623)
		at org.apache.catalina.core.ApplicationFilterChain.internalDoFilter(ApplicationFilterChain.java:197)
		at org.apache.catalina.core.ApplicationFilterChain.doFilter(ApplicationFilterChain.java:142)
		at org.apache.tomcat.websocket.server.WsFilter.doFilter(WsFilter.java:51)
		at org.apache.catalina.core.ApplicationFilterChain.internalDoFilter(ApplicationFilterChain.java:166)
		at org.apache.catalina.core.ApplicationFilterChain.doFilter(ApplicationFilterChain.java:142)
		at org.springframework.web.filter.CharacterEncodingFilter.doFilterInternal(CharacterEncodingFilter.java:201)
		at org.springframework.web.filter.OncePerRequestFilter.doFilter(OncePerRequestFilter.java:117)
		at org.apache.catalina.core.ApplicationFilterChain.internalDoFilter(ApplicationFilterChain.java:166)
		at org.apache.catalina.core.ApplicationFilterChain.doFilter(ApplicationFilterChain.java:142)
		at org.apache.catalina.core.StandardWrapperValve.invoke(StandardWrapperValve.java:166)
		at org.apache.catalina.core.StandardContextValve.invoke(StandardContextValve.java:88)
		at org.apache.catalina.authenticator.AuthenticatorBase.invoke(AuthenticatorBase.java:491)
		at org.apache.catalina.core.StandardHostValve.invoke(StandardHostValve.java:127)
		at org.apache.catalina.valves.ErrorReportValve.invoke(ErrorReportValve.java:83)
		at org.apache.catalina.valves.AbstractAccessLogValve.invoke(AbstractAccessLogValve.java:764)
		at org.apache.catalina.core.StandardEngineValve.invoke(StandardEngineValve.java:72)
		at org.apache.catalina.connector.CoyoteAdapter.service(CoyoteAdapter.java:344)
		at org.apache.coyote.http11.Http11Processor.service(Http11Processor.java:398)
		at org.apache.coyote.AbstractProcessorLight.process(AbstractProcessorLight.java:63)
		at org.apache.coyote.AbstractProtocol$ConnectionHandler.process(AbstractProtocol.java:1309)
		at org.apache.tomcat.util.net.NioEndpoint$SocketProcessor.doRun(NioEndpoint.java:1854)
		at org.apache.tomcat.util.net.SocketProcessorBase.run(SocketProcessorBase.java:52)
		at org.apache.tomcat.util.threads.ThreadPoolExecutor.runWorker(ThreadPoolExecutor.java:973)
		at org.apache.tomcat.util.threads.ThreadPoolExecutor$Worker.run(ThreadPoolExecutor.java:491)
		at org.apache.tomcat.util.threads.TaskThread$WrappingRunnable.run(TaskThread.java:63)
		at java.lang.Thread.run(Thread.java:750)
15-Jun-2026 00:10:53.414 심각 [http-nio-8080-exec-3] org.apache.catalina.core.StandardWrapperValve.invoke 경로 []의 컨텍스트 내의 서블릿 [dispatcher]을(를) 위한 Servlet.service() 호출이, 근본 원인(root cause)과 함께, 예외 [행 [44]에서 [/WEB-INF/views/board/list.jsp]을(를) 처리하는 중 예외 발생

41:                 <td>
42:                     <a href="/board/detail?board_no=${board.board_no}">${board.board_title}</a>
43:                 </td>
44:                 <td>${board.mem_id}</td>
45:                 <td>${board.board_date}</td>
46:             </tr>
47:         </c:forEach>


Stacktrace:]을(를) 발생시켰습니다.
	javax.el.PropertyNotFoundException: [mem_id] 특성이 [com.crud.dto.BoardDto] 유형에 없습니다.
		at javax.el.BeanELResolver$BeanProperties.get(BeanELResolver.java:253)
		at javax.el.BeanELResolver$BeanProperties.access$300(BeanELResolver.java:206)
		at javax.el.BeanELResolver.property(BeanELResolver.java:322)
		at javax.el.BeanELResolver.getValue(BeanELResolver.java:93)
		at org.apache.jasper.el.JasperELResolver.getValue(JasperELResolver.java:123)
		at org.apache.el.parser.AstValue.getValue(AstValue.java:157)
		at org.apache.el.ValueExpressionImpl.getValue(ValueExpressionImpl.java:149)
		at org.apache.jasper.runtime.PageContextImpl.proprietaryEvaluate(PageContextImpl.java:655)
		at org.apache.jsp.WEB_002dINF.views.board.list_jsp._jspx_meth_c_005fforEach_005f0(list_jsp.java:324)
		at org.apache.jsp.WEB_002dINF.views.board.list_jsp._jspService(list_jsp.java:164)
		at org.apache.jasper.runtime.HttpJspBase.service(HttpJspBase.java:62)
		at javax.servlet.http.HttpServlet.service(HttpServlet.java:623)
		at org.apache.jasper.servlet.JspServletWrapper.service(JspServletWrapper.java:438)
		at org.apache.jasper.servlet.JspServlet.serviceJspFile(JspServlet.java:349)
		at org.apache.jasper.servlet.JspServlet.service(JspServlet.java:300)
		at javax.servlet.http.HttpServlet.service(HttpServlet.java:623)
		at org.apache.catalina.core.ApplicationFilterChain.internalDoFilter(ApplicationFilterChain.java:197)
		at org.apache.catalina.core.ApplicationFilterChain.doFilter(ApplicationFilterChain.java:142)
		at org.apache.tomcat.websocket.server.WsFilter.doFilter(WsFilter.java:51)
		at org.apache.catalina.core.ApplicationFilterChain.internalDoFilter(ApplicationFilterChain.java:166)
		at org.apache.catalina.core.ApplicationFilterChain.doFilter(ApplicationFilterChain.java:142)
		at org.apache.catalina.core.ApplicationDispatcher.invoke(ApplicationDispatcher.java:619)
		at org.apache.catalina.core.ApplicationDispatcher.processRequest(ApplicationDispatcher.java:399)
		at org.apache.catalina.core.ApplicationDispatcher.doForward(ApplicationDispatcher.java:338)
		at org.apache.catalina.core.ApplicationDispatcher.forward(ApplicationDispatcher.java:283)
		at org.springframework.web.servlet.view.InternalResourceView.renderMergedOutputModel(InternalResourceView.java:171)
		at org.springframework.web.servlet.view.AbstractView.render(AbstractView.java:316)
		at org.springframework.web.servlet.DispatcherServlet.render(DispatcherServlet.java:1406)
		at org.springframework.web.servlet.DispatcherServlet.processDispatchResult(DispatcherServlet.java:1150)
		at org.springframework.web.servlet.DispatcherServlet.doDispatch(DispatcherServlet.java:1089)
		at org.springframework.web.servlet.DispatcherServlet.doService(DispatcherServlet.java:965)
		at org.springframework.web.servlet.FrameworkServlet.processRequest(FrameworkServlet.java:1006)
		at org.springframework.web.servlet.FrameworkServlet.doGet(FrameworkServlet.java:898)
		at javax.servlet.http.HttpServlet.service(HttpServlet.java:529)
		at org.springframework.web.servlet.FrameworkServlet.service(FrameworkServlet.java:883)
		at javax.servlet.http.HttpServlet.service(HttpServlet.java:623)
		at org.apache.catalina.core.ApplicationFilterChain.internalDoFilter(ApplicationFilterChain.java:197)
		at org.apache.catalina.core.ApplicationFilterChain.doFilter(ApplicationFilterChain.java:142)
		at org.apache.tomcat.websocket.server.WsFilter.doFilter(WsFilter.java:51)
		at org.apache.catalina.core.ApplicationFilterChain.internalDoFilter(ApplicationFilterChain.java:166)
		at org.apache.catalina.core.ApplicationFilterChain.doFilter(ApplicationFilterChain.java:142)
		at org.springframework.web.filter.CharacterEncodingFilter.doFilterInternal(CharacterEncodingFilter.java:201)
		at org.springframework.web.filter.OncePerRequestFilter.doFilter(OncePerRequestFilter.java:117)
		at org.apache.catalina.core.ApplicationFilterChain.internalDoFilter(ApplicationFilterChain.java:166)
		at org.apache.catalina.core.ApplicationFilterChain.doFilter(ApplicationFilterChain.java:142)
		at org.apache.catalina.core.StandardWrapperValve.invoke(StandardWrapperValve.java:166)
		at org.apache.catalina.core.StandardContextValve.invoke(StandardContextValve.java:88)
		at org.apache.catalina.authenticator.AuthenticatorBase.invoke(AuthenticatorBase.java:491)
		at org.apache.catalina.core.StandardHostValve.invoke(StandardHostValve.java:127)
		at org.apache.catalina.valves.ErrorReportValve.invoke(ErrorReportValve.java:83)
		at org.apache.catalina.valves.AbstractAccessLogValve.invoke(AbstractAccessLogValve.java:764)
		at org.apache.catalina.core.StandardEngineValve.invoke(StandardEngineValve.java:72)
		at org.apache.catalina.connector.CoyoteAdapter.service(CoyoteAdapter.java:344)
		at org.apache.coyote.http11.Http11Processor.service(Http11Processor.java:398)
		at org.apache.coyote.AbstractProcessorLight.process(AbstractProcessorLight.java:63)
		at org.apache.coyote.AbstractProtocol$ConnectionHandler.process(AbstractProtocol.java:1309)
		at org.apache.tomcat.util.net.NioEndpoint$SocketProcessor.doRun(NioEndpoint.java:1854)
		at org.apache.tomcat.util.net.SocketProcessorBase.run(SocketProcessorBase.java:52)
		at org.apache.tomcat.util.threads.ThreadPoolExecutor.runWorker(ThreadPoolExecutor.java:973)
		at org.apache.tomcat.util.threads.ThreadPoolExecutor$Worker.run(ThreadPoolExecutor.java:491)
		at org.apache.tomcat.util.threads.TaskThread$WrappingRunnable.run(TaskThread.java:63)
		at java.lang.Thread.run(Thread.java:750)
